Region,Year,Crop_Type,Sown_Acre,Harvested_Acre,Production_Ton,Fertilizer_Import_Value(USD),Avg_Temperature,Total_Rainfall,Myanmar_GDP_USD,Soil_Type,Seeding_Season,Water_Source,Avg_Humidity,Crop_Yield,Unnamed: 15,Unnamed: 16
Kachin,2012,Paddy,448349,443507,590116,243967785.0,23.38,914.61,59920000000.0,Acrisols / Red-Brown Lateritic,Rainy,Rainfed,78.77,1.33056749949831,,
Kachin,2013,Paddy,443081,439788,591082,199816069.0,23.62,939.94,63260000000.0,Acrisols / Red-Brown Lateritic,Rainy,Rainfed,79.03,1.34401575304464,,
Kachin,2014,Paddy,446683,442002,608535,267590796.3,24.01,833.48,67459999999.9999,Acrisols / Red-Brown Lateritic,Rainy,Rainfed,77.68,1.37676978837199,,
Kachin,2015,Paddy,449678,440587,613587,238665203.2,23.27,1005.47,62720000000.0,Acrisols / Red-Brown Lateritic,Rainy,Rainfed,79.88,1.39265797674466,,
Kachin,2016,Paddy,448189,447941,631478,314946615.9,23.17,1224.63,60120000000.0,Acrisols / Red-Brown Lateritic,Rainy,Rainfed,82.52,1.40973476417653,,
Kachin,2017,Paddy,446807,442613,624977,304701296.0,23.28,1125.21,63340000000.0,Acrisols / Red-Brown Lateritic,Rainy,Rainfed,81.31,1.41201681830402,, 
Kachin,2018,Paddy,460914,459192,648711,380230690.0,22.85,1162.0,67150000000.0,Acrisols / Red-Brown Lateritic,Rainy,Rainfed,81.83,1.41272278262687,,
Kachin,2019,Paddy,477017,476849,676696,413574673.8,23.49,1042.44,68700000000.0,Acrisols / Red-Brown Lateritic,Rainy,Rainfed,80.28,1.41909912781614,,
Kachin,2020,Paddy,503741,491419,701948,391351453.3,22.87,1329.91,78930000000.0,Acrisols / Red-Brown Lateritic,Rainy,Rainfed,83.84,1.42841037892307,,
Kachin,2021,Paddy,504840,500250,711790,388899650.8,23.65,1005.31,65120000000.0,Acrisols / Red-Brown Lateritic,Rainy,Rainfed,79.81,1.42286856571714,,
Kachin,2022,Paddy,506838,505642,722271,586761617.0,22.99,1256.07,62240000000.0,Acrisols / Red-Brown Lateritic,Rainy,Rainfed,82.93,1.42842366733776,,
Kachin,2023,Paddy,515507,512229,748760,586702652.6,23.84,1183.85,64800000000.0,Acrisols / Red-Brown Lateritic,Rainy,Rainfed,81.91,1.4617680763877,,
Kayah,2012,Paddy,104280,98779,130801,243967785.0,22.51,1604.82,59920000000.0,Luvisols / Red Earth,Rainy,Rainfed,87.21,1.32417821601757,,
Kayah,2013,Paddy,103085,97506,130412,199816069.0,22.71,1317.07,63260000000.0,Luvisols / Red Earth,Rainy,Rainfed,83.72,1.33747666810247,,
Kayah,2014,Paddy,99110,94771,129378,267590796.3,23.02,1089.18,67459999999.9999,Luvisols / Red Earth,Rainy,Rainfed,80.93,1.36516444904031,,
Kayah,2015,Paddy,94282,90020,121783,238665203.2,23.36,1113.03,62720000000.0,Luvisols / Red Earth,Rainy,Rainfed,81.15,1.35284381248611,,
Kayah,2016,Paddy,95180,95180,133364,314946615.9,23.41,1222.88,60120000000.0,Luvisols / Red Earth,Rainy,Rainfed,82.46,1.40117671779785,,
Kayah,2017,Paddy,87938,87938,124260,304701296.0,23.16,1567.54,63340000000.0,Luvisols / Red Earth,Rainy,Rainfed,86.64,1.41304100616343,,
Kayah,2018,Paddy,87866,87796,123848,380230690.0,22.69,1316.55,67150000000.0,Luvisols / Red Earth,Rainy,Rainfed,83.71,1.41063374185612,,
Kayah,2019,Paddy,85884,85867,121612,413574673.8,23.24,1282.79,68700000000.0,Luvisols / Red Earth,Rainy,Rainfed,83.21,1.41628332188151,,
Kayah,2020,Paddy,83912,83777,117285,391351453.3,23.16,1222.66,78930000000.0,Luvisols / Red Earth,Rainy,Rainfed,82.5,1.39996657793905,,
Kayah,2021,Paddy,72527,72527,98584,388899650.8,23.01,1440.62,65120000000.0,Luvisols / Red Earth,Rainy,Rainfed,85.15,1.35927309829442,,
Kayah,2022,Paddy,72708,72708,100939,586761617.0,22.94,1814.13,62240000000.0,Luvisols / Red Earth,Rainy,Rainfed,89.64,1.38827914397315,,
Kayah,2023,Paddy,78726,78531,113294,586702652.6,23.4,1417.46,64800000000.0,Luvisols / Red Earth,Rainy,Rainfed,84.8,1.44266595357247,,
Kayin,2012,Paddy,647658,645453,922425,243967785.0,26.77,2467.92,59920000000.0,Fluvisols / Gleysols / Alluvial,Rainy,Rainfed,93.0,1.42911257674842,,
Kayin,2013,Paddy,649151,647774,935239,199816069.0,26.67,2022.51,63260000000.0,Fluvisols / Gleysols / Alluvial,Rainy,Rainfed,91.47,1.44377360005187,,
Kayin,2014,Paddy,646395,643387,938249,267590796.3,26.61,1604.54,67459999999.9999,Fluvisols / Gleysols / Alluvial,Rainy,Rainfed,86.46,1.45829648407568,,
Kayin,2015,Paddy,644399,642872,944963,238665203.2,26.97,1981.43,62720000000.0,Fluvisols / Gleysols / Alluvial,Rainy,Rainfed,90.92,1.46990847322639,,
Kayin,2016,Paddy,582364,582226,837329,314946615.9,26.89,1804.66,60120000000.0,Fluvisols / Gleysols / Alluvial,Rainy,Rainfed,88.82,1.43815116466801,,
Kayin,2017,Paddy,549282,549167,798871,304701296.0,26.65,2185.47,63340000000.0,Fluvisols / Gleysols / Alluvial,Rainy,Rainfed,93.0,1.45469593038183,,
Kayin,2018,Paddy,546303,535661,777463,380230690.0,26.73,2484.66,67150000000.0,Fluvisols / Gleysols / Alluvial,Rainy,Rainfed,93.0,1.4514086334454,,
Kayin,2019,Paddy,544960,543910,784001,413574673.8,26.95,2087.25,68700000000.0,Fluvisols / Gleysols / Alluvial,Rainy,Rainfed,92.2,1.44141677851115,,
Kayin,2020,Paddy,544080,544080,784497,391351453.3,27.12,1531.95,78930000000.0,Fluvisols / Gleysols / Alluvial,Rainy,Rainfed,85.5,1.44187803264225,,
Kayin,2021,Paddy,543270,543270,785722,388899650.8,26.67,2969.17,65120000000.0,Fluvisols / Gleysols / Alluvial,Rainy,Rainfed,93.0,1.44628269552892,,
Kayin,2022,Paddy,539266,539266,780430,586761617.0,26.62,2622.64,62240000000.0,Fluvisols / Gleysols / Alluvial,Rainy,Rainfed,93.0,1.44720787144006,,
Kayin,2023,Paddy,541106,541106,788274,586702652.6,26.96,2436.25,64800000000.0,Fluvisols / Gleysols / Alluvial,Rainy,Rainfed,93.0,1.45678295934622,,
Chin,2012,Paddy,107463,107125,99988,243967785.0,22.62,716.7,59920000000.0,Cambisols / Mountainous Soil,Rainy,Rainfed,76.53,0.933376896149358,,
Chin,2013,Paddy,101179,100906,94818,199816069.0,22.48,814.73,63260000000.0,Cambisols / Mountainous Soil,Rainy,Rainfed,77.73,0.939666620419003,,
Chin,2014,Paddy,93377,93177,87633,267590796.3,22.97,716.65,67459999999.9999,Cambisols / Mountainous Soil,Rainy,Rainfed,76.47,0.940500338066261,,
Chin,2015,Paddy,89152,85703,79279,238665203.2,22.61,913.76,62720000000.0,Cambisols / Mountainous Soil,Rainy,Rainfed,78.9,0.9250434640561,,
Chin,2016,Paddy,82852,82606,76541,314946615.9,22.87,965.57,60120000000.0,Cambisols / Mountainous Soil,Rainy,Rainfed,79.47,0.926579183110185,,
Chin,2017,Paddy,79140,79042,74319,304701296.0,22.26,1578.85,63340000000.0,Cambisols / Mountainous Soil,Rainy,Rainfed,86.94,0.940246957313833,,
Chin,2018,Paddy,78947,78889,74401,380230690.0,21.95,1160.88,67150000000.0,Cambisols / Mountainous Soil,Rainy,Rainfed,81.98,0.943109939281775,,
Chin,2019,Paddy,77310,77204,73194,413574673.8,22.53,1254.78,68700000000.0,Cambisols / Mountainous Soil,Rainy,Rainfed,83.0,0.94805968602663,,
Chin,2020,Paddy,68641,68640,66300,391351453.3,22.26,1038.88,78930000000.0,Cambisols / Mountainous Soil,Rainy,Rainfed,80.46,0.96590909090909,,
Chin,2021,Paddy,59832,49023,48778,388899650.8,22.92,753.21,65120000000.0,Cambisols / Mountainous Soil,Rainy,Rainfed,76.91,0.995002345837668,,
Chin,2022,Paddy,45405,44574,42941,586761617.0,22.64,714.38,62240000000.0,Cambisols / Mountainous Soil,Rainy,Rainfed,76.5,0.963364293085655,,
Chin,2023,Paddy,56989,56989,55527,586702652.6,23.13,770.15,64800000000.0,Cambisols / Mountainous Soil,Rainy,Rainfed,77.08,0.97434592640685,,
Sagaing,2012,Paddy,1832265,1711295,2956984,243967785.0,28.48,302.6,59920000000.0,Luvisols / Cambisols / Savanna,Rainy,Rainfed,70.5,1.72792183697141,,
Sagaing,2013,Paddy,2093005,1759210,2997864,199816069.0,28.47,362.75,63260000000.0,Luvisols / Cambisols / Savanna,Rainy,Rainfed,71.23,1.70409672523462,,
Sagaing,2014,Paddy,1922669,1743943,3001919,267590796.3,29.02,272.71,67459999999.9999,Luvisols / Cambisols / Savanna,Rainy,Rainfed,70.05,1.72134008967036,,
Sagaing,2015,Paddy,2126415,1744973,3040043,238665203.2,28.54,378.91,62720000000.0,Luvisols / Cambisols / Savanna,Rainy,Rainfed,71.41,1.74217194191543,,
Sagaing,2016,Paddy,2130224,2121172,3663965,314946615.9,28.61,466.45,60120000000.0,Luvisols / Cambisols / Savanna,Rainy,Rainfed,72.45,1.72733045693607,,
Sagaing,2017,Paddy,2203052,2175188,3769066,304701296.0,28.07,637.58,63340000000.0,Luvisols / Cambisols / Savanna,Rainy,Rainfed,74.6,1.73275413435528,,
Sagaing,2018,Paddy,2179330,2155076,3731593,380230690.0,27.88,475.8,67150000000.0,Luvisols / Cambisols / Savanna,Rainy,Rainfed,72.69,1.73153661402196,,
Sagaing,2019,Paddy,1851463,1772169,2920426,413574673.8,28.67,477.22,68700000000.0,Luvisols / Cambisols / Savanna,Rainy,Rainfed,72.57,1.64793876881945,,
Sagaing,2020,Paddy,1880931,1623341,2697059,391351453.3,28.0,552.96,78930000000.0,Luvisols / Cambisols / Savanna,Rainy,Rainfed,73.6,1.66142480230586,,
Sagaing,2021,Paddy,2051051,2047553,3416122,388899650.8,29.14,338.14,65120000000.0,Luvisols / Cambisols / Savanna,Rainy,Rainfed,70.81,1.66839246651979,,
Sagaing,2022,Paddy,2016992,2016992,3325646,586761617.0,28.78,375.7,62240000000.0,Luvisols / Cambisols / Savanna,Rainy,Rainfed,71.33,1.64881467055893,,
Sagaing,2023,Paddy,2016589,2016589,3319662,586702652.6,29.19,387.79,64800000000.0,Luvisols / Cambisols / Savanna,Rainy,Rainfed,71.4,1.64617678664318,,
Tanintharyi,2012,Paddy,306770,306770,436696,243967785.0,26.24,2388.49,59920000000.0,Ferralsols / Plinthosols / Lateritic,Rainy,Rainfed,93.0,1.42352902826221,,
Tanintharyi,2013,Paddy,270540,270540,387901,199816069.0,25.94,2304.57,63260000000.0,Ferralsols / Plinthosols / Lateritic,Rainy,Rainfed,93.0,1.43380276484068,,
Tanintharyi,2014,Paddy,263492,262796,378752,267590796.3,25.99,1706.05,67459999999.9999,Ferralsols / Plinthosols / Lateritic,Rainy,Rainfed,87.79,1.44123959268786,,
Tanintharyi,2015,Paddy,262577,262139,377292,238665203.2,26.43,1914.37,62720000000.0,Ferralsols / Plinthosols / Lateritic,Rainy,Rainfed,90.22,1.43928221287179,,
Tanintharyi,2016,Paddy,254780,254495,369138,314946615.9,26.3,1870.73,60120000000.0,Ferralsols / Plinthosols / Lateritic,Rainy,Rainfed,89.71,1.4504725043714,,
Tanintharyi,2017,Paddy,245316,245316,349762,304701296.0,26.08,2485.72,63340000000.0,Ferralsols / Plinthosols / Lateritic,Rainy,Rainfed,93.0,1.42576105920526,,
Tanintharyi,2018,Paddy,241998,241875,345335,380230690.0,26.23,2273.98,67150000000.0,Ferralsols / Plinthosols / Lateritic,Rainy,Rainfed,93.0,1.42774160206718,,
Tanintharyi,2019,Paddy,238395,238180,338930,413574673.8,26.44,1846.93,68700000000.0,Ferralsols / Plinthosols / Lateritic,Rainy,Rainfed,89.4,1.42299941220925,,
Tanintharyi,2020,Paddy,231470,231468,330823,391351453.3,26.42,2375.71,78930000000.0,Ferralsols / Plinthosols / Lateritic,Rainy,Rainfed,93.0,1.42923859885599,,
Tanintharyi,2021,Paddy,231345,231345,333102,388899650.8,25.97,2896.94,65120000000.0,Ferralsols / Plinthosols / Lateritic,Rainy,Rainfed,93.0,1.4398495753096,,
Tanintharyi,2022,Paddy,231736,231736,341529,586761617.0,26.08,2726.62,62240000000.0,Ferralsols / Plinthosols / Lateritic,Rainy,Rainfed,93.0,1.47378482411019,,
Tanintharyi,2023,Paddy,230871,230871,343296,586702652.6,26.46,2318.19,64800000000.0,Ferralsols / Plinthosols / Lateritic,Rainy,Rainfed,93.0,1.48696025052951,,
Bago,2012,Paddy,3026596,2899640,4490040,243967785.0,27.33,1519.25,59920000000.0,Fluvisols / Gleysols / Alluvial,Rainy,Rainfed,85.31,1.5484818805093,,
Bago,2013,Paddy,3027678,2884595,4518813,199816069.0,27.57,1187.91,63260000000.0,Fluvisols / Gleysols / Alluvial,Rainy,Rainfed,81.29,1.56653291016589,,
Bago,2014,Paddy,3026249,2827883,4508341,267590796.3,27.57,1054.41,67459999999.9999,Fluvisols / Gleysols / Alluvial,Rainy,Rainfed,79.69,1.59424594298986,,
Bago,2015,Paddy,2980201,2800874,4507480,238665203.2,27.77,1256.33,62720000000.0,Fluvisols / Gleysols / Alluvial,Rainy,Rainfed,82.08,1.60931195048402,,
Bago,2016,Paddy,2960455,2885290,4626062,314946615.9,27.71,1212.7,60120000000.0,Fluvisols / Gleysols / Alluvial,Rainy,Rainfed,81.56,1.60332652870248,,
Bago,2017,Paddy,3020205,2977383,4807585,304701296.0,27.49,1498.81,63340000000.0,Fluvisols / Gleysols / Alluvial,Rainy,Rainfed,85.04,1.61470156845793,,
Bago,2018,Paddy,3044794,2910235,4718568,380230690.0,27.43,1690.27,67150000000.0,Fluvisols / Gleysols / Alluvial,Rainy,Rainfed,87.35,1.62137009554211,,
Bago,2019,Paddy,2987791,2923455,4685779,413574673.8,28.09,1236.72,68700000000.0,Fluvisols / Gleysols / Alluvial,Rainy,Rainfed,81.78,1.6028223454782,,
Bago,2020,Paddy,2967360,2953168,4732549,391351453.3,28.01,1004.02,78930000000.0,Fluvisols / Gleysols / Alluvial,Rainy,Rainfed,79.01,1.60253294089601,,
Bago,2021,Paddy,3020108,3019710,4892861,388899650.8,27.31,1749.84,65120000000.0,Fluvisols / Gleysols / Alluvial,Rainy,Rainfed,88.08,1.62030824151988,,
Bago,2022,Paddy,3079966,3079948,5065546,586761617.0,27.34,1789.55,62240000000.0,Fluvisols / Gleysols / Alluvial,Rainy,Rainfed,88.55,1.64468555962633,,
Bago,2023,Paddy,3123616,3116760,5925421,586702652.6,28.01,1574.66,64800000000.0,Fluvisols / Gleysols / Alluvial,Rainy,Rainfed,85.85,1.90114766616614,,
Magway,2012,Paddy,947428,825942,1423752,243967785.0,26.79,898.02,59920000000.0,Regosols / Luvisols / Sandy Savanna,Rainy,Rainfed,77.95,1.72379174324589,,
Magway,2013,Paddy,926998,805892,1403961,199816069.0,26.96,878.15,63260000000.0,Regosols / Luvisols / Sandy Savanna,Rainy,Rainfed,77.68,1.74212053227975,,
Magway,2014,Paddy,869626,793417,1384285,267590796.3,27.42,770.86,67459999999.9999,Regosols / Luvisols / Sandy Savanna,Rainy,Rainfed,76.31,1.74471305757249,,
Magway,2015,Paddy,861449,789238,1380641,238665203.2,27.31,734.05,62720000000.0,Regosols / Luvisols / Sandy Savanna,Rainy,Rainfed,75.89,1.74933416789358,,
Magway,2016,Paddy,748299,745559,1277601,314946615.9,27.18,941.74,60120000000.0,Regosols / Luvisols / Sandy Savanna,Rainy,Rainfed,78.41,1.71361488493868,,
Magway,2017,Paddy,720661,717702,1160629,304701296.0,27.02,1107.58,63340000000.0,Regosols / Luvisols / Sandy Savanna,Rainy,Rainfed,80.43,1.61714611356802,,
Magway,2018,Paddy,707860,706661,1109329,380230690.0,26.75,839.14,67150000000.0,Regosols / Luvisols / Sandy Savanna,Rainy,Rainfed,77.25,1.56981777684066,,
Magway,2019,Paddy,661458,661256,975505,413574673.8,27.7,769.91,68700000000.0,Regosols / Luvisols / Sandy Savanna,Rainy,Rainfed,76.25,1.47523047049856,,
Magway,2020,Paddy,615512,607491,885933,391351453.3,27.15,822.19,78930000000.0,Regosols / Luvisols / Sandy Savanna,Rainy,Rainfed,76.98,1.45834753107453,,
Magway,2021,Paddy,639338,638380,939850,388899650.8,27.77,689.55,65120000000.0,Regosols / Luvisols / Sandy Savanna,Rainy,Rainfed,75.28,1.47224223816535,,
Magway,2022,Paddy,654682,654459,985298,586761617.0,27.6,729.42,62240000000.0,Regosols / Luvisols / Sandy Savanna,Rainy,Rainfed,75.79,1.50551524236048,,
Magway,2023,Paddy,677384,670704,1058588,586702652.6,28.03,696.9,64800000000.0,Regosols / Luvisols / Sandy Savanna,Rainy,Rainfed,75.32,1.57832367184331,,
Mandalay,2012,Paddy,704296,557046,874411,243967785.0,27.22,338.39,59920000000.0,Luvisols / Cambisols / Savanna,Rainy,Rainfed,71.16,1.56972853229356,,
Mandalay,2013,Paddy,677075,534959,866366,199816069.0,27.39,350.66,63260000000.0,Luvisols / Cambisols / Savanna,Rainy,Rainfed,71.28,1.61949981213513,,
Mandalay,2014,Paddy,606509,505007,825025,267590796.3,27.89,270.44,67459999999.9999,Luvisols / Cambisols / Savanna,Rainy,Rainfed,70.23,1.63369022607607,,
Mandalay,2015,Paddy,543031,460342,768582,238665203.2,27.41,376.48,62720000000.0,Luvisols / Cambisols / Savanna,Rainy,Rainfed,71.58,1.66958913155871,,
Mandalay,2016,Paddy,643999,643258,1111009,314946615.9,27.59,376.98,60120000000.0,Luvisols / Cambisols / Savanna,Rainy,Rainfed,71.56,1.72715924248124,,
Mandalay,2017,Paddy,739531,737536,1287613,304701296.0,27.37,461.76,63340000000.0,Luvisols / Cambisols / Savanna,Rainy,Rainfed,72.61,1.74583071199236,,
Mandalay,2018,Paddy,672493,672285,1158397,380230690.0,27.03,394.62,67150000000.0,Luvisols / Cambisols / Savanna,Rainy,Rainfed,71.87,1.72307429140914,,
Mandalay,2019,Paddy,608110,605082,1035520,413574673.8,27.69,414.37,68700000000.0,Luvisols / Cambisols / Savanna,Rainy,Rainfed,71.99,1.71137135132097,,
Mandalay,2020,Paddy,589548,570383,970797,391351453.3,27.18,470.39,78930000000.0,Luvisols / Cambisols / Savanna,Rainy,Rainfed,72.75,1.70200900096952,,
Mandalay,2021,Paddy,597565,596016,1021902,388899650.8,27.8,383.44,65120000000.0,Luvisols / Cambisols / Savanna,Rainy,Rainfed,71.6,1.71455464282838,,
Mandalay,2022,Paddy,602320,602316,1029547,586761617.0,27.53,425.89,62240000000.0,Luvisols / Cambisols / Savanna,Rainy,Rainfed,72.16,1.70931371572397,,
Mandalay,2023,Paddy,630796,629681,1086359,586702652.6,28.02,431.5,64800000000.0,Luvisols / Cambisols / Savanna,Rainy,Rainfed,72.13,1.72525294553909,,
Mon,2012,Paddy,813099,809410,1128901,243967785.0,27.89,2936.46,59920000000.0,Ferralsols / Gleysols / Lateritic,Rainy,Rainfed,93.0,1.39472084604835,,
Mon,2013,Paddy,716993,716983,987304,199816069.0,27.75,2472.26,63260000000.0,Ferralsols / Gleysols / Lateritic,Rainy,Rainfed,93.0,1.37702567564363,,
Mon,2014,Paddy,720276,719018,986347,267590796.3,27.71,1805.43,67459999999.9999,Ferralsols / Gleysols / Lateritic,Rainy,Rainfed,88.68,1.37179736807701,,
Mon,2015,Paddy,720265,718411,992649,238665203.2,27.96,2500.08,62720000000.0,Ferralsols / Gleysols / Lateritic,Rainy,Rainfed,93.0,1.38172856484658,,
Mon,2016,Paddy,734365,733910,1015175,314946615.9,27.84,2247.31,60120000000.0,Ferralsols / Gleysols / Lateritic,Rainy,Rainfed,93.0,1.38324181439141,,
Mon,2017,Paddy,730695,730689,999330,304701296.0,27.68,2729.02,63340000000.0,Ferralsols / Gleysols / Lateritic,Rainy,Rainfed,93.0,1.36765436457918,,
Mon,2018,Paddy,733957,731986,971714,380230690.0,27.86,3263.34,67150000000.0,Ferralsols / Gleysols / Lateritic,Rainy,Rainfed,93.0,1.3275035314883,,
Mon,2019,Paddy,722892,700545,886594,413574673.8,28.11,2717.71,68700000000.0,Ferralsols / Gleysols / Lateritic,Rainy,Rainfed,93.0,1.2655775146493,,
Mon,2020,Paddy,728266,727544,949056,391351453.3,28.13,1897.4,78930000000.0,Ferralsols / Gleysols / Lateritic,Rainy,Rainfed,89.71,1.30446543439297,,
Mon,2021,Paddy,731400,730922,958863,388899650.8,27.71,3711.2,65120000000.0,Ferralsols / Gleysols / Lateritic,Rainy,Rainfed,93.0,1.31185406924405,,
Mon,2022,Paddy,741238,741238,981179,586761617.0,27.71,3270.72,62240000000.0,Ferralsols / Gleysols / Lateritic,Rainy,Rainfed,93.0,1.32370304814378,,
Mon,2023,Paddy,744964,732964,997921,586702652.6,28.09,3075.98,64800000000.0,Ferralsols / Gleysols / Lateritic,Rainy,Rainfed,93.0,1.3614870580274,,
Rakhine,2012,Paddy,1133038,1133038,1584877,243967785.0,26.54,2984.69,59920000000.0,Gleysols / Alluvial / Mountainous,Rainy,Rainfed,93.0,1.39878538936911,,
Rakhine,2013,Paddy,1128732,1128732,1593332,199816069.0,26.5,3116.99,63260000000.0,Gleysols / Alluvial / Mountainous,Rainy,Rainfed,93.0,1.41161232249993,,
Rakhine,2014,Paddy,1123597,1089557,1544086,267590796.3,26.74,2952.75,67459999999.9999,Gleysols / Alluvial / Mountainous,Rainy,Rainfed,93.0,1.41716862908503,,
Rakhine,2015,Paddy,1116660,1098399,1516438,238665203.2,26.5,8475.24,62720000000.0,Gleysols / Alluvial / Mountainous,Rainy,Rainfed,93.0,1.38058938509594,,
Rakhine,2016,Paddy,1113159,1113158,1494421,314946615.9,26.76,10036.74,60120000000.0,Gleysols / Alluvial / Mountainous,Rainy,Rainfed,93.0,1.34250573593326,,
Rakhine,2017,Paddy,1104057,1040501,1316224,304701296.0,26.66,7844.64,63340000000.0,Gleysols / Alluvial / Mountainous,Rainy,Rainfed,93.0,1.26499061509791,,
Rakhine,2018,Paddy,1023943,1023941,1295588,380230690.0,26.17,7927.61,67150000000.0,Gleysols / Alluvial / Mountainous,Rainy,Rainfed,93.0,1.26529555902146,,
Rakhine,2019,Paddy,1005811,996003,1263860,413574673.8,26.66,8062.73,68700000000.0,Gleysols / Alluvial / Mountainous,Rainy,Rainfed,93.0,1.26893192088778,,
Rakhine,2020,Paddy,980152,979971,1249950,391351453.3,26.49,7855.92,78930000000.0,Gleysols / Alluvial / Mountainous,Rainy,Rainfed,93.0,1.27549692797031,,
Rakhine,2021,Paddy,998880,997976,1280058,388899650.8,26.93,5291.74,65120000000.0,Gleysols / Alluvial / Mountainous,Rainy,Rainfed,93.0,1.28265409188196,,
Rakhine,2022,Paddy,1002405,999880,1273422,586761617.0,26.66,5117.41,62240000000.0,Gleysols / Alluvial / Mountainous,Rainy,Rainfed,93.0,1.27357482897947,,
Rakhine,2023,Paddy,1006218,1006083,1374747,586702652.6,26.9,5823.68,64800000000.0,Gleysols / Alluvial / Mountainous,Rainy,Rainfed,93.0,1.36643497604074,,
Yangon,2012,Paddy,1385052,1379734,1979300,243967785.0,27.5,1871.61,59920000000.0,Fluvisols / Gleysols / Alluvial,Rainy,Rainfed,89.51,1.43455187739085,,
Yangon,2013,Paddy,1386667,1386186,1990235,199816069.0,27.61,1492.96,63260000000.0,Fluvisols / Gleysols / Alluvial,Rainy,Rainfed,84.95,1.43576331026283,,
Yangon,2014,Paddy,1387108,1343136,1926089,267590796.3,27.67,1241.48,67459999999.9999,Fluvisols / Gleysols / Alluvial,Rainy,Rainfed,81.92,1.43402380697114,,
Yangon,2015,Paddy,1384341,1298918,1869616,238665203.2,27.86,1676.99,62720000000.0,Fluvisols / Gleysols / Alluvial,Rainy,Rainfed,87.11,1.43936414769831,,
Yangon,2016,Paddy,1359525,1336825,1906439,314946615.9,27.8,1521.79,60120000000.0,Fluvisols / Gleysols / Alluvial,Rainy,Rainfed,85.26,1.42609466459708,,
Yangon,2017,Paddy,1364821,1361807,1956609,304701296.0,27.54,1863.36,63340000000.0,Fluvisols / Gleysols / Alluvial,Rainy,Rainfed,89.4,1.43677408032122,,
Yangon,2018,Paddy,1379243,1373420,1978475,380230690.0,27.53,2226.31,67150000000.0,Fluvisols / Gleysols / Alluvial,Rainy,Rainfed,93.0,1.44054622766524,,
Yangon,2019,Paddy,1372848,1369274,1973744,413574673.8,28.09,1694.52,68700000000.0,Fluvisols / Gleysols / Alluvial,Rainy,Rainfed,87.28,1.44145291592478,,
Yangon,2020,Paddy,1339183,1339139,1948426,391351453.3,28.05,1262.54,78930000000.0,Fluvisols / Gleysols / Alluvial,Rainy,Rainfed,82.1,1.45498413532874,,
Yangon,2021,Paddy,1350810,1350810,1973377,388899650.8,27.4,2360.45,65120000000.0,Fluvisols / Gleysols / Alluvial,Rainy,Rainfed,93.0,1.46088421021461,,
Yangon,2022,Paddy,1350640,1347283,1980728,586761617.0,27.36,2242.28,62240000000.0,Fluvisols / Gleysols / Alluvial,Rainy,Rainfed,93.0,1.47016476864919,,
Yangon,2023,Paddy,1399118,1391652,2117419,586702652.6,28.02,2034.25,64800000000.0,Fluvisols / Gleysols / Alluvial,Rainy,Rainfed,91.37,1.52151471775989,,
Shan,2012,Paddy,1424985,1392832,2187968,243967785.0,21.06,671.3,59920000000.0,Acrisols / Ferralsols / Red Earth,Rainy,Rainfed,76.26,1.5708771768598,,
Shan,2013,Paddy,1390667,1349737,2120127,199816069.0,21.38,594.52,63260000000.0,Acrisols / Ferralsols / Red Earth,Rainy,Rainfed,75.29,1.57077045379951,,
Shan,2014,Paddy,1358023,1315588,2075817,267590796.3,21.82,438.2,67459999999.9999,Acrisols / Ferralsols / Red Earth,Rainy,Rainfed,73.33,1.57786252230941,,
Shan,2015,Paddy,1344234,1301271,2049459,238665203.2,21.68,533.62,62720000000.0,Acrisols / Ferralsols / Red Earth,Rainy,Rainfed,74.5,1.57496708986829,,
Shan,2016,Paddy,1319826,1317984,2076151,314946615.9,21.69,570.05,60120000000.0,Acrisols / Ferralsols / Red Earth,Rainy,Rainfed,74.94,1.57524749921091,,
Shan,2017,Paddy,1309968,1308927,2062073,304701296.0,21.52,759.17,63340000000.0,Acrisols / Ferralsols / Red Earth,Rainy,Rainfed,77.24,1.57539190497254,,
Shan,2018,Paddy,1313759,1312321,2053930,380230690.0,21.16,624.01,67150000000.0,Acrisols / Ferralsols / Red Earth,Rainy,Rainfed,75.68,1.56511249915226,,
Shan,2019,Paddy,1306230,1304782,2030258,413574673.8,21.87,584.23,68700000000.0,Acrisols / Ferralsols / Red Earth,Rainy,Rainfed,75.07,1.55601318841001,,
Shan,2020,Paddy,1299971,1298254,2028770,391351453.3,21.56,626.15,78930000000.0,Acrisols / Ferralsols / Red Earth,Rainy,Rainfed,75.63,1.56269112207626,,
Shan,2021,Paddy,1292426,1290847,2018258,388899650.8,21.67,658.43,65120000000.0,Acrisols / Ferralsols / Red Earth,Rainy,Rainfed,76.0,1.56351449861989,,
Shan,2022,Paddy,1286941,1283664,2013815,586761617.0,21.33,803.12,62240000000.0,Acrisols / Ferralsols / Red Earth,Rainy,Rainfed,77.8,1.56880227224569,,
Shan,2023,Paddy,1290371,1287380,2036841,586702652.6,22.07,653.29,64800000000.0,Acrisols / Ferralsols / Red Earth,Rainy,Rainfed,75.87,1.58215989063058,,
Ayeyarwady,2012,Paddy,4837484,4797433,7126192,243967785.0,27.73,892.99,59920000000.0,Fluvisols / Gleysols / Alluvial,Rainy,Rainfed,77.72,1.48541772235276,,
Ayeyarwady,2013,Paddy,4900872,4896422,7468213,199816069.0,27.91,705.85,63260000000.0,Fluvisols / Gleysols / Alluvial,Rainy,Rainfed,75.45,1.52523883766554,,
Ayeyarwady,2014,Paddy,4980146,4937326,7119473,267590796.3,28.21,606.23,67459999999.9999,Fluvisols / Gleysols / Alluvial,Rainy,Rainfed,74.2,1.44196939801017,,
Ayeyarwady,2015,Paddy,5026831,4826973,7647607,238665203.2,28.19,737.44,62720000000.0,Fluvisols / Gleysols / Alluvial,Rainy,Rainfed,75.78,1.58434841048416,,
Ayeyarwady,2016,Paddy,5037199,4909488,7708009,314946615.9,28.14,712.5,60120000000.0,Fluvisols / Gleysols / Alluvial,Rainy,Rainfed,75.48,1.57002298406677,,
Ayeyarwady,2017,Paddy,5128740,5061262,7961251,304701296.0,28.04,819.64,63340000000.0,Fluvisols / Gleysols / Alluvial,Rainy,Rainfed,76.79,1.5729774510784,,
Ayeyarwady,2018,Paddy,5186234,5174004,8224559,380230690.0,27.76,972.0,67150000000.0,Fluvisols / Gleysols / Alluvial,Rainy,Rainfed,78.67,1.58959270228627,,
Ayeyarwady,2019,Paddy,5174716,5155572,8163486,413574673.8,28.38,776.06,68700000000.0,Fluvisols / Gleysols / Alluvial,Rainy,Rainfed,76.2,1.58342973388791,,
Ayeyarwady,2020,Paddy,5183999,5177439,8202063,391351453.3,28.37,575.94,78930000000.0,Fluvisols / Gleysols / Alluvial,Rainy,Rainfed,73.8,1.58419307306179,,
Ayeyarwady,2021,Paddy,5136094,5136094,8169828,388899650.8,27.92,960.87,65120000000.0,Fluvisols / Gleysols / Alluvial,Rainy,Rainfed,78.5,1.5906694854105,,
Ayeyarwady,2022,Paddy,5201780,5201780,8546758,586761617.0,27.91,944.56,62240000000.0,Fluvisols / Gleysols / Alluvial,Rainy,Rainfed,78.31,1.6430448807908,,
Ayeyarwady,2023,Paddy,5225220,5224705,9603999,586702652.6,28.36,837.63,64800000000.0,Fluvisols / Gleysols / Alluvial,Rainy,Rainfed,76.95,1.83818971597439,,
Nay Pyi Taw,2012,Paddy,174661,161786,284151,243967785.0,25.41,942.84,59920000000.0,Cambisols / Fluvisols / Loam,Rainy,Rainfed,78.74,1.75633862015254,,
Nay Pyi Taw,2013,Paddy,182973,161810,286437,199816069.0,25.88,775.78,63260000000.0,Cambisols / Fluvisols / Loam,Rainy,Rainfed,76.65,1.77020579692231,,
Nay Pyi Taw,2014,Paddy,179095,163678,293320,267590796.3,26.38,617.16,67459999999.9999,Cambisols / Fluvisols / Loam,Rainy,Rainfed,74.66,1.79205513263847,,
Nay Pyi Taw,2015,Paddy,177071,167051,300898,238665203.2,26.35,678.38,62720000000.0,Cambisols / Fluvisols / Loam,Rainy,Rainfed,75.4,1.80123435358064,,
Nay Pyi Taw,2016,Paddy,185109,183899,328936,314946615.9,26.23,754.74,60120000000.0,Cambisols / Fluvisols / Loam,Rainy,Rainfed,76.34,1.78867748057357,,
Nay Pyi Taw,2017,Paddy,200081,199322,355272,304701296.0,26.08,972.17,63340000000.0,Cambisols / Fluvisols / Loam,Rainy,Rainfed,78.97,1.78240234394597,,
Nay Pyi Taw,2018,Paddy,203414,202975,361677,380230690.0,25.73,812.09,67150000000.0,Cambisols / Fluvisols / Loam,Rainy,Rainfed,77.11,1.78187954181549,,
Nay Pyi Taw,2019,Paddy,191797,191691,340210,413574673.8,26.57,787.91,68700000000.0,Cambisols / Fluvisols / Loam,Rainy,Rainfed,76.67,1.774783375328,,
Nay Pyi Taw,2020,Paddy,186175,180931,317239,391351453.3,26.28,762.33,78930000000.0,Cambisols / Fluvisols / Loam,Rainy,Rainfed,76.42,1.75337006925291,,
Nay Pyi Taw,2021,Paddy,199354,199318,355855,388899650.8,26.24,851.96,65120000000.0,Cambisols / Fluvisols / Loam,Rainy,Rainfed,77.5,1.78536308813052,,
Nay Pyi Taw,2022,Paddy,198638,198638,351051,586761617.0,25.96,1027.18,62240000000.0,Cambisols / Fluvisols / Loam,Rainy,Rainfed,79.65,1.7672902465792,,
Nay Pyi Taw,2023,Paddy,205538,205171,374870,586702652.6,26.62,853.39,64800000000.0,Cambisols / Fluvisols / Loam,Rainy,Rainfed,77.45,1.82711006916182,,
Kachin,2012,Wheat,74,74,36,243967785.0,23.38,914.61,59920000000.0,Acrisols / Red-Brown Lateritic,Rainy,Rainfed,78.77,0.486486486486486,,
Kachin,2013,Wheat,73,73,36,199816069.0,23.62,939.94,63260000000.0,Acrisols / Red-Brown Lateritic,Rainy,Rainfed,79.03,0.493150684931506,,
Kachin,2014,Wheat,73,73,36,267590796.3,24.01,833.48,67459999999.9999,Acrisols / Red-Brown Lateritic,Rainy,Rainfed,77.68,0.493150684931506,,
Kachin,2015,Wheat,73,73,36,238665203.2,23.27,1005.47,62720000000.0,Acrisols / Red-Brown Lateritic,Rainy,Rainfed,79.88,0.493150684931506,,
Kachin,2016,Wheat,73,73,36,314946615.9,23.17,1224.63,60120000000.0,Acrisols / Red-Brown Lateritic,Rainy,Rainfed,82.52,0.493150684931506,,
Kachin,2017,Wheat,87,87,44,304701296.0,23.28,1125.21,63340000000.0,Acrisols / Red-Brown Lateritic,Rainy,Rainfed,81.31,0.505747126436781,,
Kachin,2018,Wheat,73,73,36,380230690.0,22.85,1162.0,67150000000.0,Acrisols / Red-Brown Lateritic,Rainy,Rainfed,81.83,0.493150684931506,,
Kachin,2019,Wheat,73,73,36,413574673.8,23.49,1042.44,68700000000.0,Acrisols / Red-Brown Lateritic,Rainy,Rainfed,80.28,0.493150684931506,,
Kachin,2020,Wheat,75,75,39,391351453.3,22.87,1329.91,78930000000.0,Acrisols / Red-Brown Lateritic,Rainy,Rainfed,83.84,0.52,,
Kachin,2021,Wheat,35,35,18,388899650.8,23.65,1005.31,65120000000.0,Acrisols / Red-Brown Lateritic,Rainy,Rainfed,79.81,0.514285714285714,,
Kachin,2022,Wheat,35,35,18,586761617.0,22.99,1256.07,62240000000.0,Acrisols / Red-Brown Lateritic,Rainy,Rainfed,82.93,0.514285714285714,,
Kachin,2023,Wheat,36,36,18,586702652.6,23.84,1183.85,64800000000.0,Acrisols / Red-Brown Lateritic,Rainy,Rainfed,81.91,0.5,,
Kayah,2012,Wheat,15,15,5,243967785.0,22.51,1604.82,59920000000.0,Luvisols / Red Earth,Rainy,Rainfed,87.21,0.333333333333333,,
Kayah,2013,Wheat,7,7,2,199816069.0,22.71,1317.07,63260000000.0,Luvisols / Red Earth,Rainy,Rainfed,83.72,0.285714285714285,,
Kayah,2014,Wheat,13,13,4,267590796.3,23.02,1089.18,67459999999.9999,Luvisols / Red Earth,Rainy,Rainfed,80.93,0.307692307692307,,
Kayah,2015,Wheat,0,0,0,238665203.2,23.36,1113.03,62720000000.0,Luvisols / Red Earth,Rainy,Rainfed,81.15,0.0,,
Kayah,2016,Wheat,0,0,0,314946615.9,23.41,1222.88,60120000000.0,Luvisols / Red Earth,Rainy,Rainfed,82.46,0.0,,
Kayah,2017,Wheat,0,0,0,304701296.0,23.16,1567.54,63340000000.0,Luvisols / Red Earth,Rainy,Rainfed,86.64,0.0,,
Kayah,2018,Wheat,0,0,0,380230690.0,22.69,1316.55,67150000000.0,Luvisols / Red Earth,Rainy,Rainfed,83.71,0.0,,
Kayah,2019,Wheat,0,0,0,413574673.8,23.24,1282.79,68700000000.0,Luvisols / Red Earth,Rainy,Rainfed,83.21,0.0,,
Kayah,2020,Wheat,10,10,4,391351453.3,23.16,1222.66,78930000000.0,Luvisols / Red Earth,Rainy,Rainfed,82.5,0.4,,
Kayah,2021,Wheat,0,0,0,388899650.8,23.01,1440.62,65120000000.0,Luvisols / Red Earth,Rainy,Rainfed,85.15,0.0,,
Kayah,2022,Wheat,0,0,0,586761617.0,22.94,1814.13,62240000000.0,Luvisols / Red Earth,Rainy,Rainfed,89.64,0.0,,
Kayah,2023,Wheat,0,0,0,586702652.6,23.4,1417.46,64800000000.0,Luvisols / Red Earth,Rainy,Rainfed,84.8,0.0,,
Kayin,2012,Wheat,0,0,0,243967785.0,26.77,2467.92,59920000000.0,Fluvisols / Gleysols / Alluvial,Rainy,Rainfed,93.0,0.0,,
Kayin,2013,Wheat,0,0,0,199816069.0,26.67,2022.51,63260000000.0,Fluvisols / Gleysols / Alluvial,Rainy,Rainfed,91.47,0.0,,
Kayin,2014,Wheat,0,0,0,267590796.3,26.61,1604.54,67459999999.9999,Fluvisols / Gleysols / Alluvial,Rainy,Rainfed,86.46,0.0,,
Kayin,2015,Wheat,0,0,0,238665203.2,26.97,1981.43,62720000000.0,Fluvisols / Gleysols / Alluvial,Rainy,Rainfed,90.92,0.0,,
Kayin,2016,Wheat,0,0,0,314946615.9,26.89,1804.66,60120000000.0,Fluvisols / Gleysols / Alluvial,Rainy,Rainfed,88.82,0.0,,
Kayin,2017,Wheat,0,0,0,304701296.0,26.65,2185.47,63340000000.0,Fluvisols / Gleysols / Alluvial,Rainy,Rainfed,93.0,0.0,,
Kayin,2018,Wheat,0,0,0,380230690.0,26.73,2484.66,67150000000.0,Fluvisols / Gleysols / Alluvial,Rainy,Rainfed,93.0,0.0,,
Kayin,2019,Wheat,0,0,0,413574673.8,26.95,2087.25,68700000000.0,Fluvisols / Gleysols / Alluvial,Rainy,Rainfed,92.2,0.0,,
Kayin,2020,Wheat,0,0,0,391351453.3,27.12,1531.95,78930000000.0,Fluvisols / Gleysols / Alluvial,Rainy,Rainfed,85.5,0.0,,
Kayin,2021,Wheat,0,0,0,388899650.8,26.67,2969.17,65120000000.0,Fluvisols / Gleysols / Alluvial,Rainy,Rainfed,93.0,0.0,,
Kayin,2022,Wheat,0,0,0,586761617.0,26.62,2622.64,62240000000.0,Fluvisols / Gleysols / Alluvial,Rainy,Rainfed,93.0,0.0,,
Kayin,2023,Wheat,0,0,0,586702652.6,26.96,2436.25,64800000000.0,Fluvisols / Gleysols / Alluvial,Rainy,Rainfed,93.0,0.0,,
Chin,2012,Wheat,65,65,19,243967785.0,22.62,716.7,59920000000.0,Cambisols / Mountainous Soil,Rainy,Rainfed,76.53,0.292307692307692,,
Chin,2013,Wheat,154,154,40,199816069.0,22.48,814.73,63260000000.0,Cambisols / Mountainous Soil,Rainy,Rainfed,77.73,0.259740259740259,,
Chin,2014,Wheat,131,131,35,267590796.3,22.97,716.65,67459999999.9999,Cambisols / Mountainous Soil,Rainy,Rainfed,76.47,0.267175572519083,,
Chin,2015,Wheat,684,684,165,238665203.2,22.61,913.76,62720000000.0,Cambisols / Mountainous Soil,Rainy,Rainfed,78.9,0.241228070175438,,
Chin,2016,Wheat,677,677,162,314946615.9,22.87,965.57,60120000000.0,Cambisols / Mountainous Soil,Rainy,Rainfed,79.47,0.239290989660265,,
Chin,2017,Wheat,434,434,104,304701296.0,22.26,1578.85,63340000000.0,Cambisols / Mountainous Soil,Rainy,Rainfed,86.94,0.239631336405529,,
Chin,2018,Wheat,161,161,39,380230690.0,21.95,1160.88,67150000000.0,Cambisols / Mountainous Soil,Rainy,Rainfed,81.98,0.24223602484472,,
Chin,2019,Wheat,150,150,36,413574673.8,22.53,1254.78,68700000000.0,Cambisols / Mountainous Soil,Rainy,Rainfed,83.0,0.24,,
Chin,2020,Wheat,90,90,21,391351453.3,22.26,1038.88,78930000000.0,Cambisols / Mountainous Soil,Rainy,Rainfed,80.46,0.233333333333333,,
Chin,2021,Wheat,80,80,22,388899650.8,22.92,753.21,65120000000.0,Cambisols / Mountainous Soil,Rainy,Rainfed,76.91,0.275,,
Chin,2022,Wheat,713,713,562,586761617.0,22.64,714.38,62240000000.0,Cambisols / Mountainous Soil,Rainy,Rainfed,76.5,0.788218793828892,,
Chin,2023,Wheat,389,389,325,586702652.6,23.13,770.15,64800000000.0,Cambisols / Mountainous Soil,Rainy,Rainfed,77.08,0.835475578406169,,
Sagaing,2012,Wheat,183329,183329,118727,243967785.0,28.48,302.6,59920000000.0,Luvisols / Cambisols / Savanna,Rainy,Rainfed,70.5,0.647617125495693,,
Sagaing,2013,Wheat,184221,184221,123821,199816069.0,28.47,362.75,63260000000.0,Luvisols / Cambisols / Savanna,Rainy,Rainfed,71.23,0.672132927299276,,
Sagaing,2014,Wheat,181515,181515,125076,267590796.3,29.02,272.71,67459999999.9999,Luvisols / Cambisols / Savanna,Rainy,Rainfed,70.05,0.689067019254607,,
Sagaing,2015,Wheat,176953,176953,122015,238665203.2,28.54,378.91,62720000000.0,Luvisols / Cambisols / Savanna,Rainy,Rainfed,71.41,0.689533378919826,,
Sagaing,2016,Wheat,163355,163355,112786,314946615.9,28.61,466.45,60120000000.0,Luvisols / Cambisols / Savanna,Rainy,Rainfed,72.45,0.690434942303571,,
Sagaing,2017,Wheat,119271,119271,82203,304701296.0,28.07,637.58,63340000000.0,Luvisols / Cambisols / Savanna,Rainy,Rainfed,74.6,0.689211962673239,,
Sagaing,2018,Wheat,114161,114161,77411,380230690.0,27.88,475.8,67150000000.0,Luvisols / Cambisols / Savanna,Rainy,Rainfed,72.69,0.678086211578384,,
Sagaing,2019,Wheat,107234,107234,71958,413574673.8,28.67,477.22,68700000000.0,Luvisols / Cambisols / Savanna,Rainy,Rainfed,72.57,0.671037171046496,,
Sagaing,2020,Wheat,102611,102611,68750,391351453.3,28.0,552.96,78930000000.0,Luvisols / Cambisols / Savanna,Rainy,Rainfed,73.6,0.670006139692625,,
Sagaing,2021,Wheat,97885,97885,65554,388899650.8,29.14,338.14,65120000000.0,Luvisols / Cambisols / Savanna,Rainy,Rainfed,70.81,0.669704244777034,,
Sagaing,2022,Wheat,97746,97746,65606,586761617.0,28.78,375.7,62240000000.0,Luvisols / Cambisols / Savanna,Rainy,Rainfed,71.33,0.671188590837476,,
Sagaing,2023,Wheat,97331,97331,65086,586702652.6,29.19,387.79,64800000000.0,Luvisols / Cambisols / Savanna,Rainy,Rainfed,71.4,0.668707811488631,,
Tanintharyi,2012,Wheat,0,0,0,243967785.0,26.24,2388.49,59920000000.0,Ferralsols / Plinthosols / Lateritic,Rainy,Rainfed,93.0,0.0,,
Tanintharyi,2013,Wheat,0,0,0,199816069.0,25.94,2304.57,63260000000.0,Ferralsols / Plinthosols / Lateritic,Rainy,Rainfed,93.0,0.0,,
Tanintharyi,2014,Wheat,0,0,0,267590796.3,25.99,1706.05,67459999999.9999,Ferralsols / Plinthosols / Lateritic,Rainy,Rainfed,87.79,0.0,,
Tanintharyi,2015,Wheat,0,0,0,238665203.2,26.43,1914.37,62720000000.0,Ferralsols / Plinthosols / Lateritic,Rainy,Rainfed,90.22,0.0,,
Tanintharyi,2016,Wheat,0,0,0,314946615.9,26.3,1870.73,60120000000.0,Ferralsols / Plinthosols / Lateritic,Rainy,Rainfed,89.71,0.0,,
Tanintharyi,2017,Wheat,0,0,0,304701296.0,26.08,2485.72,63340000000.0,Ferralsols / Plinthosols / Lateritic,Rainy,Rainfed,93.0,0.0,,
Tanintharyi,2018,Wheat,0,0,0,380230690.0,26.23,2273.98,67150000000.0,Ferralsols / Plinthosols / Lateritic,Rainy,Rainfed,93.0,0.0,,
Tanintharyi,2019,Wheat,0,0,0,413574673.8,26.44,1846.93,68700000000.0,Ferralsols / Plinthosols / Lateritic,Rainy,Rainfed,89.4,0.0,,
Tanintharyi,2020,Wheat,0,0,0,391351453.3,26.42,2375.71,78930000000.0,Ferralsols / Plinthosols / Lateritic,Rainy,Rainfed,93.0,0.0,,
Tanintharyi,2021,Wheat,0,0,0,388899650.8,25.97,2896.94,65120000000.0,Ferralsols / Plinthosols / Lateritic,Rainy,Rainfed,93.0,0.0,,
Tanintharyi,2022,Wheat,0,0,0,586761617.0,26.08,2726.62,62240000000.0,Ferralsols / Plinthosols / Lateritic,Rainy,Rainfed,93.0,0.0,,
Tanintharyi,2023,Wheat,0,0,0,586702652.6,26.46,2318.19,64800000000.0,Ferralsols / Plinthosols / Lateritic,Rainy,Rainfed,93.0,0.0,,
Bago,2012,Wheat,0,0,0,243967785.0,27.33,1519.25,59920000000.0,Fluvisols / Gleysols / Alluvial,Rainy,Rainfed,85.31,0.0,,
Bago,2013,Wheat,0,0,0,199816069.0,27.57,1187.91,63260000000.0,Fluvisols / Gleysols / Alluvial,Rainy,Rainfed,81.29,0.0,,
Bago,2014,Wheat,0,0,0,267590796.3,27.57,1054.41,67459999999.9999,Fluvisols / Gleysols / Alluvial,Rainy,Rainfed,79.69,0.0,,
Bago,2015,Wheat,0,0,0,238665203.2,27.77,1256.33,62720000000.0,Fluvisols / Gleysols / Alluvial,Rainy,Rainfed,82.08,0.0,,
Bago,2016,Wheat,0,0,0,314946615.9,27.71,1212.7,60120000000.0,Fluvisols / Gleysols / Alluvial,Rainy,Rainfed,81.56,0.0,,
Bago,2017,Wheat,0,0,0,304701296.0,27.49,1498.81,63340000000.0,Fluvisols / Gleysols / Alluvial,Rainy,Rainfed,85.04,0.0,,
Bago,2018,Wheat,0,0,0,380230690.0,27.43,1690.27,67150000000.0,Fluvisols / Gleysols / Alluvial,Rainy,Rainfed,87.35,0.0,,
Bago,2019,Wheat,0,0,0,413574673.8,28.09,1236.72,68700000000.0,Fluvisols / Gleysols / Alluvial,Rainy,Rainfed,81.78,0.0,,
Bago,2020,Wheat,0,0,0,391351453.3,28.01,1004.02,78930000000.0,Fluvisols / Gleysols / Alluvial,Rainy,Rainfed,79.01,0.0,,
Bago,2021,Wheat,0,0,0,388899650.8,27.31,1749.84,65120000000.0,Fluvisols / Gleysols / Alluvial,Rainy,Rainfed,88.08,0.0,,
Bago,2022,Wheat,0,0,0,586761617.0,27.34,1789.55,62240000000.0,Fluvisols / Gleysols / Alluvial,Rainy,Rainfed,88.55,0.0,,
Bago,2023,Wheat,0,0,0,586702652.6,28.01,1574.66,64800000000.0,Fluvisols / Gleysols / Alluvial,Rainy,Rainfed,85.85,0.0,,
Magway,2012,Wheat,1552,1552,1038,243967785.0,26.79,898.02,59920000000.0,Regosols / Luvisols / Sandy Savanna,Rainy,Rainfed,77.95,0.66881443298969,,
Magway,2013,Wheat,1569,1569,1055,199816069.0,26.96,878.15,63260000000.0,Regosols / Luvisols / Sandy Savanna,Rainy,Rainfed,77.68,0.67240280433397,,
Magway,2014,Wheat,1573,1573,1059,267590796.3,27.42,770.86,67459999999.9999,Regosols / Luvisols / Sandy Savanna,Rainy,Rainfed,76.31,0.673235855054036,,
Magway,2015,Wheat,1656,1656,1124,238665203.2,27.31,734.05,62720000000.0,Regosols / Luvisols / Sandy Savanna,Rainy,Rainfed,75.89,0.678743961352657,,
Magway,2016,Wheat,787,787,565,314946615.9,27.18,941.74,60120000000.0,Regosols / Luvisols / Sandy Savanna,Rainy,Rainfed,78.41,0.717916137229987,,
Magway,2017,Wheat,282,282,179,304701296.0,27.02,1107.58,63340000000.0,Regosols / Luvisols / Sandy Savanna,Rainy,Rainfed,80.43,0.634751773049645,,
Magway,2018,Wheat,72,72,40,380230690.0,26.75,839.14,67150000000.0,Regosols / Luvisols / Sandy Savanna,Rainy,Rainfed,77.25,0.555555555555555,,
Magway,2019,Wheat,146,146,60,413574673.8,27.7,769.91,68700000000.0,Regosols / Luvisols / Sandy Savanna,Rainy,Rainfed,76.25,0.410958904109589,,
Magway,2020,Wheat,262,262,175,391351453.3,27.15,822.19,78930000000.0,Regosols / Luvisols / Sandy Savanna,Rainy,Rainfed,76.98,0.667938931297709,,
Magway,2021,Wheat,319,319,214,388899650.8,27.77,689.55,65120000000.0,Regosols / Luvisols / Sandy Savanna,Rainy,Rainfed,75.28,0.670846394984326,,
Magway,2022,Wheat,320,320,218,586761617.0,27.6,729.42,62240000000.0,Regosols / Luvisols / Sandy Savanna,Rainy,Rainfed,75.79,0.68125,,
Magway,2023,Wheat,330,330,235,586702652.6,28.03,696.9,64800000000.0,Regosols / Luvisols / Sandy Savanna,Rainy,Rainfed,75.32,0.712121212121212,,
Mandalay,2012,Wheat,21395,21395,18216,243967785.0,27.22,338.39,59920000000.0,Luvisols / Cambisols / Savanna,Rainy,Rainfed,71.16,0.851413881748072,,
Mandalay,2013,Wheat,21649,21649,18034,199816069.0,27.39,350.66,63260000000.0,Luvisols / Cambisols / Savanna,Rainy,Rainfed,71.28,0.83301769134833,,
Mandalay,2014,Wheat,20853,20853,17679,267590796.3,27.89,270.44,67459999999.9999,Luvisols / Cambisols / Savanna,Rainy,Rainfed,70.23,0.84779168464969,,
Mandalay,2015,Wheat,19890,19890,16865,238665203.2,27.41,376.48,62720000000.0,Luvisols / Cambisols / Savanna,Rainy,Rainfed,71.58,0.847913524384112,,
Mandalay,2016,Wheat,11396,11396,8972,314946615.9,27.59,376.98,60120000000.0,Luvisols / Cambisols / Savanna,Rainy,Rainfed,71.56,0.787293787293787,,
Mandalay,2017,Wheat,6501,6501,5292,304701296.0,27.37,461.76,63340000000.0,Luvisols / Cambisols / Savanna,Rainy,Rainfed,72.61,0.814028610982925,,
Mandalay,2018,Wheat,5333,5333,4559,380230690.0,27.03,394.62,67150000000.0,Luvisols / Cambisols / Savanna,Rainy,Rainfed,71.87,0.85486592912057,,
Mandalay,2019,Wheat,5087,5087,4472,413574673.8,27.69,414.37,68700000000.0,Luvisols / Cambisols / Savanna,Rainy,Rainfed,71.99,0.87910359740515,,
Mandalay,2020,Wheat,4950,4950,4402,391351453.3,27.18,470.39,78930000000.0,Luvisols / Cambisols / Savanna,Rainy,Rainfed,72.75,0.889292929292929,,
Mandalay,2021,Wheat,4714,4714,4160,388899650.8,27.8,383.44,65120000000.0,Luvisols / Cambisols / Savanna,Rainy,Rainfed,71.6,0.882477725922783,,
Mandalay,2022,Wheat,4868,4868,3687,586761617.0,27.53,425.89,62240000000.0,Luvisols / Cambisols / Savanna,Rainy,Rainfed,72.16,0.757395234182415,,
Mandalay,2023,Wheat,4712,4712,4276,586702652.6,28.02,431.5,64800000000.0,Luvisols / Cambisols / Savanna,Rainy,Rainfed,72.13,0.907470288624787,,
Mon,2012,Wheat,0,0,0,243967785.0,27.89,2936.46,59920000000.0,Ferralsols / Gleysols / Lateritic,Rainy,Rainfed,93.0,0.0,,
Mon,2013,Wheat,0,0,0,199816069.0,27.75,2472.26,63260000000.0,Ferralsols / Gleysols / Lateritic,Rainy,Rainfed,93.0,0.0,,
Mon,2014,Wheat,0,0,0,267590796.3,27.71,1805.43,67459999999.9999,Ferralsols / Gleysols / Lateritic,Rainy,Rainfed,88.68,0.0,,
Mon,2015,Wheat,0,0,0,238665203.2,27.96,2500.08,62720000000.0,Ferralsols / Gleysols / Lateritic,Rainy,Rainfed,93.0,0.0,,
Mon,2016,Wheat,0,0,0,314946615.9,27.84,2247.31,60120000000.0,Ferralsols / Gleysols / Lateritic,Rainy,Rainfed,93.0,0.0,,
Mon,2017,Wheat,0,0,0,304701296.0,27.68,2729.02,63340000000.0,Ferralsols / Gleysols / Lateritic,Rainy,Rainfed,93.0,0.0,,
Mon,2018,Wheat,0,0,0,380230690.0,27.86,3263.34,67150000000.0,Ferralsols / Gleysols / Lateritic,Rainy,Rainfed,93.0,0.0,,
Mon,2019,Wheat,0,0,0,413574673.8,28.11,2717.71,68700000000.0,Ferralsols / Gleysols / Lateritic,Rainy,Rainfed,93.0,0.0,,
Mon,2020,Wheat,0,0,0,391351453.3,28.13,1897.4,78930000000.0,Ferralsols / Gleysols / Lateritic,Rainy,Rainfed,89.71,0.0,,
Mon,2021,Wheat,0,0,0,388899650.8,27.71,3711.2,65120000000.0,Ferralsols / Gleysols / Lateritic,Rainy,Rainfed,93.0,0.0,,
Mon,2022,Wheat,0,0,0,586761617.0,27.71,3270.72,62240000000.0,Ferralsols / Gleysols / Lateritic,Rainy,Rainfed,93.0,0.0,,
Mon,2023,Wheat,0,0,0,586702652.6,28.09,3075.98,64800000000.0,Ferralsols / Gleysols / Lateritic,Rainy,Rainfed,93.0,0.0,,
Rakhine,2012,Wheat,0,0,0,243967785.0,26.54,2984.69,59920000000.0,Gleysols / Alluvial / Mountainous,Rainy,Rainfed,93.0,0.0,,
Rakhine,2013,Wheat,0,0,0,199816069.0,26.5,3116.99,63260000000.0,Gleysols / Alluvial / Mountainous,Rainy,Rainfed,93.0,0.0,,
Rakhine,2014,Wheat,0,0,0,267590796.3,26.74,2952.75,67459999999.9999,Gleysols / Alluvial / Mountainous,Rainy,Rainfed,93.0,0.0,,
Rakhine,2015,Wheat,0,0,0,238665203.2,26.5,8475.24,62720000000.0,Gleysols / Alluvial / Mountainous,Rainy,Rainfed,93.0,0.0,,
Rakhine,2016,Wheat,0,0,0,314946615.9,26.76,10036.74,60120000000.0,Gleysols / Alluvial / Mountainous,Rainy,Rainfed,93.0,0.0,,
Rakhine,2017,Wheat,0,0,0,304701296.0,26.66,7844.64,63340000000.0,Gleysols / Alluvial / Mountainous,Rainy,Rainfed,93.0,0.0,,
Rakhine,2018,Wheat,0,0,0,380230690.0,26.17,7927.61,67150000000.0,Gleysols / Alluvial / Mountainous,Rainy,Rainfed,93.0,0.0,,
Rakhine,2019,Wheat,0,0,0,413574673.8,26.66,8062.73,68700000000.0,Gleysols / Alluvial / Mountainous,Rainy,Rainfed,93.0,0.0,,
Rakhine,2020,Wheat,0,0,0,391351453.3,26.49,7855.92,78930000000.0,Gleysols / Alluvial / Mountainous,Rainy,Rainfed,93.0,0.0,,
Rakhine,2021,Wheat,0,0,0,388899650.8,26.93,5291.74,65120000000.0,Gleysols / Alluvial / Mountainous,Rainy,Rainfed,93.0,0.0,,
Rakhine,2022,Wheat,0,0,0,586761617.0,26.66,5117.41,62240000000.0,Gleysols / Alluvial / Mountainous,Rainy,Rainfed,93.0,0.0,,
Rakhine,2023,Wheat,0,0,0,586702652.6,26.9,5823.68,64800000000.0,Gleysols / Alluvial / Mountainous,Rainy,Rainfed,93.0,0.0,,
Yangon,2012,Wheat,0,0,0,243967785.0,27.5,1871.61,59920000000.0,Fluvisols / Gleysols / Alluvial,Rainy,Rainfed,89.51,0.0,,
Yangon,2013,Wheat,0,0,0,199816069.0,27.61,1492.96,63260000000.0,Fluvisols / Gleysols / Alluvial,Rainy,Rainfed,84.95,0.0,,
Yangon,2014,Wheat,0,0,0,267590796.3,27.67,1241.48,67459999999.9999,Fluvisols / Gleysols / Alluvial,Rainy,Rainfed,81.92,0.0,,
Yangon,2015,Wheat,0,0,0,238665203.2,27.86,1676.99,62720000000.0,Fluvisols / Gleysols / Alluvial,Rainy,Rainfed,87.11,0.0,,
Yangon,2016,Wheat,0,0,0,314946615.9,27.8,1521.79,60120000000.0,Fluvisols / Gleysols / Alluvial,Rainy,Rainfed,85.26,0.0,,
Yangon,2017,Wheat,0,0,0,304701296.0,27.54,1863.36,63340000000.0,Fluvisols / Gleysols / Alluvial,Rainy,Rainfed,89.4,0.0,,
Yangon,2018,Wheat,0,0,0,380230690.0,27.53,2226.31,67150000000.0,Fluvisols / Gleysols / Alluvial,Rainy,Rainfed,93.0,0.0,,
Yangon,2019,Wheat,0,0,0,413574673.8,28.09,1694.52,68700000000.0,Fluvisols / Gleysols / Alluvial,Rainy,Rainfed,87.28,0.0,,
Yangon,2020,Wheat,0,0,0,391351453.3,28.05,1262.54,78930000000.0,Fluvisols / Gleysols / Alluvial,Rainy,Rainfed,82.1,0.0,,
Yangon,2021,Wheat,0,0,0,388899650.8,27.4,2360.45,65120000000.0,Fluvisols / Gleysols / Alluvial,Rainy,Rainfed,93.0,0.0,,
Yangon,2022,Wheat,0,0,0,586761617.0,27.36,2242.28,62240000000.0,Fluvisols / Gleysols / Alluvial,Rainy,Rainfed,93.0,0.0,,
Yangon,2023,Wheat,0,0,0,586702652.6,28.02,2034.25,64800000000.0,Fluvisols / Gleysols / Alluvial,Rainy,Rainfed,91.37,0.0,,
Shan,2012,Wheat,38196,38196,38990,243967785.0,21.06,671.3,59920000000.0,Acrisols / Ferralsols / Red Earth,Rainy,Rainfed,76.26,1.02078751701748,,
Shan,2013,Wheat,41089,41089,39338,199816069.0,21.38,594.52,63260000000.0,Acrisols / Ferralsols / Red Earth,Rainy,Rainfed,75.29,0.957385188249896,,
Shan,2014,Wheat,38314,38279,37903,267590796.3,21.82,438.2,67459999999.9999,Acrisols / Ferralsols / Red Earth,Rainy,Rainfed,73.33,0.99017738185428,,
Shan,2015,Wheat,38722,38722,39102,238665203.2,21.68,533.62,62720000000.0,Acrisols / Ferralsols / Red Earth,Rainy,Rainfed,74.5,1.00981354268891,,
Shan,2016,Wheat,37577,37577,38127,314946615.9,21.69,570.05,60120000000.0,Acrisols / Ferralsols / Red Earth,Rainy,Rainfed,74.94,1.01463661282167,,
Shan,2017,Wheat,35146,35146,35430,304701296.0,21.52,759.17,63340000000.0,Acrisols / Ferralsols / Red Earth,Rainy,Rainfed,77.24,1.00808057815967,,
Shan,2018,Wheat,33259,33253,33910,380230690.0,21.16,624.01,67150000000.0,Acrisols / Ferralsols / Red Earth,Rainy,Rainfed,75.68,1.0197576158542,,
Shan,2019,Wheat,32772,32772,34103,413574673.8,21.87,584.23,68700000000.0,Acrisols / Ferralsols / Red Earth,Rainy,Rainfed,75.07,1.04061393872818,,
Shan,2020,Wheat,31846,31846,32066,391351453.3,21.56,626.15,78930000000.0,Acrisols / Ferralsols / Red Earth,Rainy,Rainfed,75.63,1.00690824593355,,
Shan,2021,Wheat,29386,29386,29640,388899650.8,21.67,658.43,65120000000.0,Acrisols / Ferralsols / Red Earth,Rainy,Rainfed,76.0,1.00864357176886,,
Shan,2022,Wheat,25803,25803,26631,586761617.0,21.33,803.12,62240000000.0,Acrisols / Ferralsols / Red Earth,Rainy,Rainfed,77.8,1.03208929194279,,
Shan,2023,Wheat,24041,24041,25562,586702652.6,22.07,653.29,64800000000.0,Acrisols / Ferralsols / Red Earth,Rainy,Rainfed,75.87,1.06326691901335,,
Ayeyarwady,2012,Wheat,1183,1183,615,243967785.0,27.73,892.99,59920000000.0,Fluvisols / Gleysols / Alluvial,Rainy,Rainfed,77.72,0.519864750633981,,
Ayeyarwady,2013,Wheat,1183,1183,613,199816069.0,27.91,705.85,63260000000.0,Fluvisols / Gleysols / Alluvial,Rainy,Rainfed,75.45,0.518174133558749,,
Ayeyarwady,2014,Wheat,1131,1131,595,267590796.3,28.21,606.23,67459999999.9999,Fluvisols / Gleysols / Alluvial,Rainy,Rainfed,74.2,0.526083112290008,,
Ayeyarwady,2015,Wheat,0,0,0,238665203.2,28.19,737.44,62720000000.0,Fluvisols / Gleysols / Alluvial,Rainy,Rainfed,75.78,0.0,,
Ayeyarwady,2016,Wheat,0,0,0,314946615.9,28.14,712.5,60120000000.0,Fluvisols / Gleysols / Alluvial,Rainy,Rainfed,75.48,0.0,,
Ayeyarwady,2017,Wheat,0,0,0,304701296.0,28.04,819.64,63340000000.0,Fluvisols / Gleysols / Alluvial,Rainy,Rainfed,76.79,0.0,,
Ayeyarwady,2018,Wheat,0,0,0,380230690.0,27.76,972.0,67150000000.0,Fluvisols / Gleysols / Alluvial,Rainy,Rainfed,78.67,0.0,,
Ayeyarwady,2019,Wheat,0,0,0,413574673.8,28.38,776.06,68700000000.0,Fluvisols / Gleysols / Alluvial,Rainy,Rainfed,76.2,0.0,,
Ayeyarwady,2020,Wheat,0,0,0,391351453.3,28.37,575.94,78930000000.0,Fluvisols / Gleysols / Alluvial,Rainy,Rainfed,73.8,0.0,,
Ayeyarwady,2021,Wheat,0,0,0,388899650.8,27.92,960.87,65120000000.0,Fluvisols / Gleysols / Alluvial,Rainy,Rainfed,78.5,0.0,,
Ayeyarwady,2022,Wheat,0,0,0,586761617.0,27.91,944.56,62240000000.0,Fluvisols / Gleysols / Alluvial,Rainy,Rainfed,78.31,0.0,,
Ayeyarwady,2023,Wheat,0,0,0,586702652.6,28.36,837.63,64800000000.0,Fluvisols / Gleysols / Alluvial,Rainy,Rainfed,76.95,0.0,,
Nay Pyi Taw,2012,Wheat,0,0,0,243967785.0,25.41,942.84,59920000000.0,Cambisols / Fluvisols / Loam,Rainy,Rainfed,78.74,0.0,,
Nay Pyi Taw,2013,Wheat,0,0,0,199816069.0,25.88,775.78,63260000000.0,Cambisols / Fluvisols / Loam,Rainy,Rainfed,76.65,0.0,,
Nay Pyi Taw,2014,Wheat,0,0,0,267590796.3,26.38,617.16,67459999999.9999,Cambisols / Fluvisols / Loam,Rainy,Rainfed,74.66,0.0,,
Nay Pyi Taw,2015,Wheat,0,0,0,238665203.2,26.35,678.38,62720000000.0,Cambisols / Fluvisols / Loam,Rainy,Rainfed,75.4,0.0,,
Nay Pyi Taw,2016,Wheat,0,0,0,314946615.9,26.23,754.74,60120000000.0,Cambisols / Fluvisols / Loam,Rainy,Rainfed,76.34,0.0,,
Nay Pyi Taw,2017,Wheat,0,0,0,304701296.0,26.08,972.17,63340000000.0,Cambisols / Fluvisols / Loam,Rainy,Rainfed,78.97,0.0,,
Nay Pyi Taw,2018,Wheat,0,0,0,380230690.0,25.73,812.09,67150000000.0,Cambisols / Fluvisols / Loam,Rainy,Rainfed,77.11,0.0,,
Nay Pyi Taw,2019,Wheat,0,0,0,413574673.8,26.57,787.91,68700000000.0,Cambisols / Fluvisols / Loam,Rainy,Rainfed,76.67,0.0,,
Nay Pyi Taw,2020,Wheat,0,0,0,391351453.3,26.28,762.33,78930000000.0,Cambisols / Fluvisols / Loam,Rainy,Rainfed,76.42,0.0,,
Nay Pyi Taw,2021,Wheat,0,0,0,388899650.8,26.24,851.96,65120000000.0,Cambisols / Fluvisols / Loam,Rainy,Rainfed,77.5,0.0,,
Nay Pyi Taw,2022,Wheat,0,0,0,586761617.0,25.96,1027.18,62240000000.0,Cambisols / Fluvisols / Loam,Rainy,Rainfed,79.65,0.0,,
Nay Pyi Taw,2023,Wheat,0,0,0,586702652.6,26.62,853.39,64800000000.0,Cambisols / Fluvisols / Loam,Rainy,Rainfed,77.45,0.0,,
Kachin,2012,Maize,46852,39608,53530,243967785.0,23.38,914.61,59920000000.0,Acrisols / Red-Brown Lateritic,Rainy,Rainfed,78.77,1.35149464754595,,
Kachin,2013,Maize,47781,47781,64953,199816069.0,23.62,939.94,63260000000.0,Acrisols / Red-Brown Lateritic,Rainy,Rainfed,79.03,1.35938971557732,,
Kachin,2014,Maize,49552,49302,68530,267590796.3,24.01,833.48,67459999999.9999,Acrisols / Red-Brown Lateritic,Rainy,Rainfed,77.68,1.39000446229361,,
Kachin,2015,Maize,52045,52045,75792,238665203.2,23.27,1005.47,62720000000.0,Acrisols / Red-Brown Lateritic,Rainy,Rainfed,79.88,1.45627822077048,,
Kachin,2016,Maize,56535,53471,78973,314946615.9,23.17,1224.63,60120000000.0,Acrisols / Red-Brown Lateritic,Rainy,Rainfed,82.52,1.47693142077013,,
Kachin,2017,Maize,69618,60408,88678,304701296.0,23.28,1125.21,63340000000.0,Acrisols / Red-Brown Lateritic,Rainy,Rainfed,81.31,1.46798437293073,,
Kachin,2018,Maize,71065,70058,101791,380230690.0,22.85,1162.0,67150000000.0,Acrisols / Red-Brown Lateritic,Rainy,Rainfed,81.83,1.45295326729281,,
Kachin,2019,Maize,68197,59105,89144,413574673.8,23.49,1042.44,68700000000.0,Acrisols / Red-Brown Lateritic,Rainy,Rainfed,80.28,1.50823111411894,,
Kachin,2020,Maize,77416,61224,92892,391351453.3,22.87,1329.91,78930000000.0,Acrisols / Red-Brown Lateritic,Rainy,Rainfed,83.84,1.5172481379851,,
Kachin,2021,Maize,79755,79755,117678,388899650.8,23.65,1005.31,65120000000.0,Acrisols / Red-Brown Lateritic,Rainy,Rainfed,79.81,1.47549369945457,,
Kachin,2022,Maize,81236,79628,116918,586761617.0,22.99,1256.07,62240000000.0,Acrisols / Red-Brown Lateritic,Rainy,Rainfed,82.93,1.46830260712312,,
Kachin,2023,Maize,78009,76383,118484,586702652.6,23.84,1183.85,64800000000.0,Acrisols / Red-Brown Lateritic,Rainy,Rainfed,81.91,1.55118285482371,,
Kayah,2012,Maize,20618,20618,32328,243967785.0,22.51,1604.82,59920000000.0,Luvisols / Red Earth,Rainy,Rainfed,87.21,1.56795033465903,,
Kayah,2013,Maize,20727,20713,33229,199816069.0,22.71,1317.07,63260000000.0,Luvisols / Red Earth,Rainy,Rainfed,83.72,1.60425819533626,,
Kayah,2014,Maize,32198,32009,50851,267590796.3,23.02,1089.18,67459999999.9999,Luvisols / Red Earth,Rainy,Rainfed,80.93,1.58864694304726,,
Kayah,2015,Maize,36725,36691,58086,238665203.2,23.36,1113.03,62720000000.0,Luvisols / Red Earth,Rainy,Rainfed,81.15,1.5831130249925,,
Kayah,2016,Maize,52766,52766,84225,314946615.9,23.41,1222.88,60120000000.0,Luvisols / Red Earth,Rainy,Rainfed,82.46,1.59619830951749,,
Kayah,2017,Maize,58314,58306,93230,304701296.0,23.16,1567.54,63340000000.0,Luvisols / Red Earth,Rainy,Rainfed,86.64,1.59897780674373,,
Kayah,2018,Maize,59196,59187,94070,380230690.0,22.69,1316.55,67150000000.0,Luvisols / Red Earth,Rainy,Rainfed,83.71,1.58936928717454,,
Kayah,2019,Maize,60930,60930,97022,413574673.8,23.24,1282.79,68700000000.0,Luvisols / Red Earth,Rainy,Rainfed,83.21,1.59235187920564,,
Kayah,2020,Maize,59989,59963,95506,391351453.3,23.16,1222.66,78930000000.0,Luvisols / Red Earth,Rainy,Rainfed,82.5,1.5927488617981,,
Kayah,2021,Maize,51738,51738,82256,388899650.8,23.01,1440.62,65120000000.0,Luvisols / Red Earth,Rainy,Rainfed,85.15,1.58985658510185,,
Kayah,2022,Maize,44655,44655,71366,586761617.0,22.94,1814.13,62240000000.0,Luvisols / Red Earth,Rainy,Rainfed,89.64,1.59816369947374,,
Kayah,2023,Maize,59256,59256,96360,586702652.6,23.4,1417.46,64800000000.0,Luvisols / Red Earth,Rainy,Rainfed,84.8,1.62616443904414,,
Kayin,2012,Maize,43777,43777,93717,243967785.0,26.77,2467.92,59920000000.0,Fluvisols / Gleysols / Alluvial,Rainy,Rainfed,93.0,2.14078168901477,,
Kayin,2013,Maize,51385,50329,107619,199816069.0,26.67,2022.51,63260000000.0,Fluvisols / Gleysols / Alluvial,Rainy,Rainfed,91.47,2.13830992072165,,
Kayin,2014,Maize,51239,51239,109889,267590796.3,26.61,1604.54,67459999999.9999,Fluvisols / Gleysols / Alluvial,Rainy,Rainfed,86.46,2.14463592185639,,
Kayin,2015,Maize,51782,51782,111048,238665203.2,26.97,1981.43,62720000000.0,Fluvisols / Gleysols / Alluvial,Rainy,Rainfed,90.92,2.14452898690664,,
Kayin,2016,Maize,51689,51689,111333,314946615.9,26.89,1804.66,60120000000.0,Fluvisols / Gleysols / Alluvial,Rainy,Rainfed,88.82,2.15390121689334,,
Kayin,2017,Maize,53110,53110,115639,304701296.0,26.65,2185.47,63340000000.0,Fluvisols / Gleysols / Alluvial,Rainy,Rainfed,93.0,2.17734889851252,,
Kayin,2018,Maize,53354,51789,112704,380230690.0,26.73,2484.66,67150000000.0,Fluvisols / Gleysols / Alluvial,Rainy,Rainfed,93.0,2.17621502635694,,
Kayin,2019,Maize,53128,52793,114992,413574673.8,26.95,2087.25,68700000000.0,Fluvisols / Gleysols / Alluvial,Rainy,Rainfed,92.2,2.17816756009319,,
Kayin,2020,Maize,53076,53063,115564,391351453.3,27.12,1531.95,78930000000.0,Fluvisols / Gleysols / Alluvial,Rainy,Rainfed,85.5,2.1778640483953,,
Kayin,2021,Maize,53078,52990,115404,388899650.8,26.67,2969.17,65120000000.0,Fluvisols / Gleysols / Alluvial,Rainy,Rainfed,93.0,2.17784487639177,,
Kayin,2022,Maize,52485,52485,114371,586761617.0,26.62,2622.64,62240000000.0,Fluvisols / Gleysols / Alluvial,Rainy,Rainfed,93.0,2.17911784319329,,
Kayin,2023,Maize,52334,52334,114074,586702652.6,26.96,2436.25,64800000000.0,Fluvisols / Gleysols / Alluvial,Rainy,Rainfed,93.0,2.17973019451981,,
Chin,2012,Maize,69493,69493,52927,243967785.0,22.62,716.7,59920000000.0,Cambisols / Mountainous Soil,Rainy,Rainfed,76.53,0.761616277898493,,
Chin,2013,Maize,63618,63571,48684,199816069.0,22.48,814.73,63260000000.0,Cambisols / Mountainous Soil,Rainy,Rainfed,77.73,0.76582089317456,,
Chin,2014,Maize,58123,58118,44439,267590796.3,22.97,716.65,67459999999.9999,Cambisols / Mountainous Soil,Rainy,Rainfed,76.47,0.764634020441171,,
Chin,2015,Maize,54881,51293,38009,238665203.2,22.61,913.76,62720000000.0,Cambisols / Mountainous Soil,Rainy,Rainfed,78.9,0.741017292807985,,
Chin,2016,Maize,46842,46648,35014,314946615.9,22.87,965.57,60120000000.0,Cambisols / Mountainous Soil,Rainy,Rainfed,79.47,0.750600240096038,,
Chin,2017,Maize,42689,42686,32129,304701296.0,22.26,1578.85,63340000000.0,Cambisols / Mountainous Soil,Rainy,Rainfed,86.94,0.752682378297334,,
Chin,2018,Maize,40225,40156,30110,380230690.0,21.95,1160.88,67150000000.0,Cambisols / Mountainous Soil,Rainy,Rainfed,81.98,0.74982567984859,,
Chin,2019,Maize,36233,36233,27255,413574673.8,22.53,1254.78,68700000000.0,Cambisols / Mountainous Soil,Rainy,Rainfed,83.0,0.752214831783181,,
Chin,2020,Maize,32477,32420,24538,391351453.3,22.26,1038.88,78930000000.0,Cambisols / Mountainous Soil,Rainy,Rainfed,80.46,0.756878470080197,,
Chin,2021,Maize,29395,25895,19990,388899650.8,22.92,753.21,65120000000.0,Cambisols / Mountainous Soil,Rainy,Rainfed,76.91,0.771963699555898,,
Chin,2022,Maize,22637,22630,17486,586761617.0,22.64,714.38,62240000000.0,Cambisols / Mountainous Soil,Rainy,Rainfed,76.5,0.772691117984975,,
Chin,2023,Maize,25297,25297,19032,586702652.6,23.13,770.15,64800000000.0,Cambisols / Mountainous Soil,Rainy,Rainfed,77.08,0.752342174961457,,
Sagaing,2012,Maize,198212,198212,241259,243967785.0,28.48,302.6,59920000000.0,Luvisols / Cambisols / Savanna,Rainy,Rainfed,70.5,1.21717655843238,,
Sagaing,2013,Maize,203378,203378,252633,199816069.0,28.47,362.75,63260000000.0,Luvisols / Cambisols / Savanna,Rainy,Rainfed,71.23,1.24218450373196,,
Sagaing,2014,Maize,208160,208160,261108,267590796.3,29.02,272.71,67459999999.9999,Luvisols / Cambisols / Savanna,Rainy,Rainfed,70.05,1.2543620292083,,
Sagaing,2015,Maize,210875,209251,265137,238665203.2,28.54,378.91,62720000000.0,Luvisols / Cambisols / Savanna,Rainy,Rainfed,71.41,1.26707638195277,,
Sagaing,2016,Maize,198424,198413,253182,314946615.9,28.61,466.45,60120000000.0,Luvisols / Cambisols / Savanna,Rainy,Rainfed,72.45,1.27603534042628,,
Sagaing,2017,Maize,193558,193479,248449,304701296.0,28.07,637.58,63340000000.0,Luvisols / Cambisols / Savanna,Rainy,Rainfed,74.6,1.28411352136407,,
Sagaing,2018,Maize,206114,205778,264823,380230690.0,27.88,475.8,67150000000.0,Luvisols / Cambisols / Savanna,Rainy,Rainfed,72.69,1.2869354352749,,
Sagaing,2019,Maize,196844,196592,258808,413574673.8,28.67,477.22,68700000000.0,Luvisols / Cambisols / Savanna,Rainy,Rainfed,72.57,1.31647269471799,,
Sagaing,2020,Maize,198864,172443,242683,391351453.3,28.0,552.96,78930000000.0,Luvisols / Cambisols / Savanna,Rainy,Rainfed,73.6,1.40732299948388,,
Sagaing,2021,Maize,235633,235633,299224,388899650.8,29.14,338.14,65120000000.0,Luvisols / Cambisols / Savanna,Rainy,Rainfed,70.81,1.26987306531767,,
Sagaing,2022,Maize,183111,183111,254109,586761617.0,28.78,375.7,62240000000.0,Luvisols / Cambisols / Savanna,Rainy,Rainfed,71.33,1.38773203139079,,
Sagaing,2023,Maize,190065,190065,261189,586702652.6,29.19,387.79,64800000000.0,Luvisols / Cambisols / Savanna,Rainy,Rainfed,71.4,1.37420882329729,,
Tanintharyi,2012,Maize,229,229,141,243967785.0,26.24,2388.49,59920000000.0,Ferralsols / Plinthosols / Lateritic,Rainy,Rainfed,93.0,0.615720524017467,,
Tanintharyi,2013,Maize,220,220,137,199816069.0,25.94,2304.57,63260000000.0,Ferralsols / Plinthosols / Lateritic,Rainy,Rainfed,93.0,0.622727272727272,,
Tanintharyi,2014,Maize,220,220,137,267590796.3,25.99,1706.05,67459999999.9999,Ferralsols / Plinthosols / Lateritic,Rainy,Rainfed,87.79,0.622727272727272,,
Tanintharyi,2015,Maize,220,220,137,238665203.2,26.43,1914.37,62720000000.0,Ferralsols / Plinthosols / Lateritic,Rainy,Rainfed,90.22,0.622727272727272,,
Tanintharyi,2016,Maize,220,220,141,314946615.9,26.3,1870.73,60120000000.0,Ferralsols / Plinthosols / Lateritic,Rainy,Rainfed,89.71,0.64090909090909,,
Tanintharyi,2017,Maize,220,220,141,304701296.0,26.08,2485.72,63340000000.0,Ferralsols / Plinthosols / Lateritic,Rainy,Rainfed,93.0,0.64090909090909,,
Tanintharyi,2018,Maize,220,220,141,380230690.0,26.23,2273.98,67150000000.0,Ferralsols / Plinthosols / Lateritic,Rainy,Rainfed,93.0,0.64090909090909,,
Tanintharyi,2019,Maize,220,220,141,413574673.8,26.44,1846.93,68700000000.0,Ferralsols / Plinthosols / Lateritic,Rainy,Rainfed,89.4,0.64090909090909,,
Tanintharyi,2020,Maize,0,0,0,391351453.3,26.42,2375.71,78930000000.0,Ferralsols / Plinthosols / Lateritic,Rainy,Rainfed,93.0,0.0,,
Tanintharyi,2021,Maize,0,0,0,388899650.8,25.97,2896.94,65120000000.0,Ferralsols / Plinthosols / Lateritic,Rainy,Rainfed,93.0,0.0,,
Tanintharyi,2022,Maize,0,0,0,586761617.0,26.08,2726.62,62240000000.0,Ferralsols / Plinthosols / Lateritic,Rainy,Rainfed,93.0,0.0,,
Tanintharyi,2023,Maize,0,0,0,586702652.6,26.46,2318.19,64800000000.0,Ferralsols / Plinthosols / Lateritic,Rainy,Rainfed,93.0,0.0,,
Bago,2012,Maize,5747,5747,9905,243967785.0,27.33,1519.25,59920000000.0,Fluvisols / Gleysols / Alluvial,Rainy,Rainfed,85.31,1.72350791717417,,
Bago,2013,Maize,10934,10934,18045,199816069.0,27.57,1187.91,63260000000.0,Fluvisols / Gleysols / Alluvial,Rainy,Rainfed,81.29,1.65035668556795,,
Bago,2014,Maize,6878,6878,11130,267590796.3,27.57,1054.41,67459999999.9999,Fluvisols / Gleysols / Alluvial,Rainy,Rainfed,79.69,1.61820296597848,,
Bago,2015,Maize,8565,8565,14295,238665203.2,27.77,1256.33,62720000000.0,Fluvisols / Gleysols / Alluvial,Rainy,Rainfed,82.08,1.66900175131348,,
Bago,2016,Maize,8796,8796,14934,314946615.9,27.71,1212.7,60120000000.0,Fluvisols / Gleysols / Alluvial,Rainy,Rainfed,81.56,1.69781718963165,,
Bago,2017,Maize,7913,7913,13281,304701296.0,27.49,1498.81,63340000000.0,Fluvisols / Gleysols / Alluvial,Rainy,Rainfed,85.04,1.67837735372172,,
Bago,2018,Maize,13087,13087,23352,380230690.0,27.43,1690.27,67150000000.0,Fluvisols / Gleysols / Alluvial,Rainy,Rainfed,87.35,1.78436616489646,,
Bago,2019,Maize,12996,12996,24316,413574673.8,28.09,1236.72,68700000000.0,Fluvisols / Gleysols / Alluvial,Rainy,Rainfed,81.78,1.87103724222837,,
Bago,2020,Maize,10522,10522,19646,391351453.3,28.01,1004.02,78930000000.0,Fluvisols / Gleysols / Alluvial,Rainy,Rainfed,79.01,1.86713552556548,,
Bago,2021,Maize,10858,10858,20152,388899650.8,27.31,1749.84,65120000000.0,Fluvisols / Gleysols / Alluvial,Rainy,Rainfed,88.08,1.85595874009946,,
Bago,2022,Maize,12161,12161,21445,586761617.0,27.34,1789.55,62240000000.0,Fluvisols / Gleysols / Alluvial,Rainy,Rainfed,88.55,1.76342406052133,,
Bago,2023,Maize,45876,45826,100417,586702652.6,28.01,1574.66,64800000000.0,Fluvisols / Gleysols / Alluvial,Rainy,Rainfed,85.85,2.19126696635098,,
Magway,2012,Maize,93545,93545,126059,243967785.0,26.79,898.02,59920000000.0,Regosols / Luvisols / Sandy Savanna,Rainy,Rainfed,77.95,1.34757603292533,,
Magway,2013,Maize,95200,95200,129618,199816069.0,26.96,878.15,63260000000.0,Regosols / Luvisols / Sandy Savanna,Rainy,Rainfed,77.68,1.36153361344537,,
Magway,2014,Maize,94950,94950,129542,267590796.3,27.42,770.86,67459999999.9999,Regosols / Luvisols / Sandy Savanna,Rainy,Rainfed,76.31,1.36431806213796,,
Magway,2015,Maize,94804,94804,129583,238665203.2,27.31,734.05,62720000000.0,Regosols / Luvisols / Sandy Savanna,Rainy,Rainfed,75.89,1.36685160963672,,
Magway,2016,Maize,88874,88874,123356,314946615.9,27.18,941.74,60120000000.0,Regosols / Luvisols / Sandy Savanna,Rainy,Rainfed,78.41,1.38798748790422,,
Magway,2017,Maize,61507,61494,83666,304701296.0,27.02,1107.58,63340000000.0,Regosols / Luvisols / Sandy Savanna,Rainy,Rainfed,80.43,1.36055550134972,,
Magway,2018,Maize,28546,28498,38430,380230690.0,26.75,839.14,67150000000.0,Regosols / Luvisols / Sandy Savanna,Rainy,Rainfed,77.25,1.34851568531124,,
Magway,2019,Maize,28147,28147,38568,413574673.8,27.7,769.91,68700000000.0,Regosols / Luvisols / Sandy Savanna,Rainy,Rainfed,76.25,1.3702348385263,,
Magway,2020,Maize,27804,27370,37234,391351453.3,27.15,822.19,78930000000.0,Regosols / Luvisols / Sandy Savanna,Rainy,Rainfed,76.98,1.36039459261965,,
Magway,2021,Maize,27302,27302,38359,388899650.8,27.77,689.55,65120000000.0,Regosols / Luvisols / Sandy Savanna,Rainy,Rainfed,75.28,1.40498864552047,,
Magway,2022,Maize,27484,27484,38715,586761617.0,27.6,729.42,62240000000.0,Regosols / Luvisols / Sandy Savanna,Rainy,Rainfed,75.79,1.40863775287439,,
Magway,2023,Maize,27757,27757,41335,586702652.6,28.03,696.9,64800000000.0,Regosols / Luvisols / Sandy Savanna,Rainy,Rainfed,75.32,1.48917390207875,,
Mandalay,2012,Maize,30040,30040,39487,243967785.0,27.22,338.39,59920000000.0,Luvisols / Cambisols / Savanna,Rainy,Rainfed,71.16,1.31448069241011,,
Mandalay,2013,Maize,30497,30397,40449,199816069.0,27.39,350.66,63260000000.0,Luvisols / Cambisols / Savanna,Rainy,Rainfed,71.28,1.33069052867059,,
Mandalay,2014,Maize,32987,32987,50050,267590796.3,27.89,270.44,67459999999.9999,Luvisols / Cambisols / Savanna,Rainy,Rainfed,70.23,1.51726437687573,,
Mandalay,2015,Maize,31751,31748,47233,238665203.2,27.41,376.48,62720000000.0,Luvisols / Cambisols / Savanna,Rainy,Rainfed,71.58,1.4877472596699,,
Mandalay,2016,Maize,34966,34669,52157,314946615.9,27.59,376.98,60120000000.0,Luvisols / Cambisols / Savanna,Rainy,Rainfed,71.56,1.50442758660474,,
Mandalay,2017,Maize,37486,37479,57131,304701296.0,27.37,461.76,63340000000.0,Luvisols / Cambisols / Savanna,Rainy,Rainfed,72.61,1.5243469676352,,
Mandalay,2018,Maize,38650,38649,58826,380230690.0,27.03,394.62,67150000000.0,Luvisols / Cambisols / Savanna,Rainy,Rainfed,71.87,1.52205749178503,,
Mandalay,2019,Maize,35333,35333,52564,413574673.8,27.69,414.37,68700000000.0,Luvisols / Cambisols / Savanna,Rainy,Rainfed,71.99,1.48767441202275,,
Mandalay,2020,Maize,36878,36231,53042,391351453.3,27.18,470.39,78930000000.0,Luvisols / Cambisols / Savanna,Rainy,Rainfed,72.75,1.46399492147608,,
Mandalay,2021,Maize,36963,36963,53543,388899650.8,27.8,383.44,65120000000.0,Luvisols / Cambisols / Savanna,Rainy,Rainfed,71.6,1.44855666477288,,
Mandalay,2022,Maize,35655,35655,50562,586761617.0,27.53,425.89,62240000000.0,Luvisols / Cambisols / Savanna,Rainy,Rainfed,72.16,1.41809002944888,,
Mandalay,2023,Maize,39140,39140,56093,586702652.6,28.02,431.5,64800000000.0,Luvisols / Cambisols / Savanna,Rainy,Rainfed,72.13,1.4331374552887,,
Mon,2012,Maize,0,0,0,243967785.0,27.89,2936.46,59920000000.0,Ferralsols / Gleysols / Lateritic,Rainy,Rainfed,93.0,0.0,,
Mon,2013,Maize,0,0,0,199816069.0,27.75,2472.26,63260000000.0,Ferralsols / Gleysols / Lateritic,Rainy,Rainfed,93.0,0.0,,
Mon,2014,Maize,0,0,0,267590796.3,27.71,1805.43,67459999999.9999,Ferralsols / Gleysols / Lateritic,Rainy,Rainfed,88.68,0.0,,
Mon,2015,Maize,0,0,0,238665203.2,27.96,2500.08,62720000000.0,Ferralsols / Gleysols / Lateritic,Rainy,Rainfed,93.0,0.0,,
Mon,2016,Maize,0,0,0,314946615.9,27.84,2247.31,60120000000.0,Ferralsols / Gleysols / Lateritic,Rainy,Rainfed,93.0,0.0,,
Mon,2017,Maize,0,0,0,304701296.0,27.68,2729.02,63340000000.0,Ferralsols / Gleysols / Lateritic,Rainy,Rainfed,93.0,0.0,,
Mon,2018,Maize,0,0,0,380230690.0,27.86,3263.34,67150000000.0,Ferralsols / Gleysols / Lateritic,Rainy,Rainfed,93.0,0.0,,
Mon,2019,Maize,0,0,0,413574673.8,28.11,2717.71,68700000000.0,Ferralsols / Gleysols / Lateritic,Rainy,Rainfed,93.0,0.0,,
Mon,2020,Maize,5,5,9,391351453.3,28.13,1897.4,78930000000.0,Ferralsols / Gleysols / Lateritic,Rainy,Rainfed,89.71,1.8,,
Mon,2021,Maize,2,2,3,388899650.8,27.71,3711.2,65120000000.0,Ferralsols / Gleysols / Lateritic,Rainy,Rainfed,93.0,1.5,,
Mon,2022,Maize,0,0,0,586761617.0,27.71,3270.72,62240000000.0,Ferralsols / Gleysols / Lateritic,Rainy,Rainfed,93.0,0.0,,
Mon,2023,Maize,25,25,33,586702652.6,28.09,3075.98,64800000000.0,Ferralsols / Gleysols / Lateritic,Rainy,Rainfed,93.0,1.32,,
Rakhine,2012,Maize,39,39,50,243967785.0,26.54,2984.69,59920000000.0,Gleysols / Alluvial / Mountainous,Rainy,Rainfed,93.0,1.28205128205128,,
Rakhine,2013,Maize,39,39,49,199816069.0,26.5,3116.99,63260000000.0,Gleysols / Alluvial / Mountainous,Rainy,Rainfed,93.0,1.25641025641025,,
Rakhine,2014,Maize,38,38,51,267590796.3,26.74,2952.75,67459999999.9999,Gleysols / Alluvial / Mountainous,Rainy,Rainfed,93.0,1.34210526315789,,
Rakhine,2015,Maize,571,571,1045,238665203.2,26.5,8475.24,62720000000.0,Gleysols / Alluvial / Mountainous,Rainy,Rainfed,93.0,1.83012259194395,,
Rakhine,2016,Maize,50,50,68,314946615.9,26.76,10036.74,60120000000.0,Gleysols / Alluvial / Mountainous,Rainy,Rainfed,93.0,1.36,,
Rakhine,2017,Maize,27,27,37,304701296.0,26.66,7844.64,63340000000.0,Gleysols / Alluvial / Mountainous,Rainy,Rainfed,93.0,1.37037037037037,,
Rakhine,2018,Maize,11,11,17,380230690.0,26.17,7927.61,67150000000.0,Gleysols / Alluvial / Mountainous,Rainy,Rainfed,93.0,1.54545454545454,,
Rakhine,2019,Maize,15,15,19,413574673.8,26.66,8062.73,68700000000.0,Gleysols / Alluvial / Mountainous,Rainy,Rainfed,93.0,1.26666666666666,,
Rakhine,2020,Maize,12,12,15,391351453.3,26.49,7855.92,78930000000.0,Gleysols / Alluvial / Mountainous,Rainy,Rainfed,93.0,1.25,,
Rakhine,2021,Maize,13,13,16,388899650.8,26.93,5291.74,65120000000.0,Gleysols / Alluvial / Mountainous,Rainy,Rainfed,93.0,1.23076923076923,,
Rakhine,2022,Maize,65,65,68,586761617.0,26.66,5117.41,62240000000.0,Gleysols / Alluvial / Mountainous,Rainy,Rainfed,93.0,1.04615384615384,,
Rakhine,2023,Maize,170,170,158,586702652.6,26.9,5823.68,64800000000.0,Gleysols / Alluvial / Mountainous,Rainy,Rainfed,93.0,0.929411764705882,,
Yangon,2012,Maize,131,131,131,243967785.0,27.5,1871.61,59920000000.0,Fluvisols / Gleysols / Alluvial,Rainy,Rainfed,89.51,1.0,,
Yangon,2013,Maize,157,157,152,199816069.0,27.61,1492.96,63260000000.0,Fluvisols / Gleysols / Alluvial,Rainy,Rainfed,84.95,0.968152866242038,,
Yangon,2014,Maize,164,164,159,267590796.3,27.67,1241.48,67459999999.9999,Fluvisols / Gleysols / Alluvial,Rainy,Rainfed,81.92,0.969512195121951,,
Yangon,2015,Maize,174,174,169,238665203.2,27.86,1676.99,62720000000.0,Fluvisols / Gleysols / Alluvial,Rainy,Rainfed,87.11,0.971264367816091,,
Yangon,2016,Maize,155,155,150,314946615.9,27.8,1521.79,60120000000.0,Fluvisols / Gleysols / Alluvial,Rainy,Rainfed,85.26,0.967741935483871,,
Yangon,2017,Maize,265,265,261,304701296.0,27.54,1863.36,63340000000.0,Fluvisols / Gleysols / Alluvial,Rainy,Rainfed,89.4,0.984905660377358,,
Yangon,2018,Maize,2255,2255,2923,380230690.0,27.53,2226.31,67150000000.0,Fluvisols / Gleysols / Alluvial,Rainy,Rainfed,93.0,1.29623059866962,,
Yangon,2019,Maize,1166,1166,1694,413574673.8,28.09,1694.52,68700000000.0,Fluvisols / Gleysols / Alluvial,Rainy,Rainfed,87.28,1.45283018867924,,
Yangon,2020,Maize,1314,1314,1892,391351453.3,28.05,1262.54,78930000000.0,Fluvisols / Gleysols / Alluvial,Rainy,Rainfed,82.1,1.43987823439878,,
Yangon,2021,Maize,1127,1127,1633,388899650.8,27.4,2360.45,65120000000.0,Fluvisols / Gleysols / Alluvial,Rainy,Rainfed,93.0,1.44897959183673,,
Yangon,2022,Maize,1069,1069,1556,586761617.0,27.36,2242.28,62240000000.0,Fluvisols / Gleysols / Alluvial,Rainy,Rainfed,93.0,1.4555659494855,,
Yangon,2023,Maize,1662,1662,2479,586702652.6,28.02,2034.25,64800000000.0,Fluvisols / Gleysols / Alluvial,Rainy,Rainfed,91.37,1.49157641395908,,
Shan,2012,Maize,496168,496078,786372,243967785.0,21.06,671.3,59920000000.0,Acrisols / Ferralsols / Red Earth,Rainy,Rainfed,76.26,1.58517813730905,,
Shan,2013,Maize,523524,523432,832165,199816069.0,21.38,594.52,63260000000.0,Acrisols / Ferralsols / Red Earth,Rainy,Rainfed,75.29,1.58982446621528,,
Shan,2014,Maize,557661,556352,889804,267590796.3,21.82,438.2,67459999999.9999,Acrisols / Ferralsols / Red Earth,Rainy,Rainfed,73.33,1.5993543655815,,
Shan,2015,Maize,581828,581815,929556,238665203.2,21.68,533.62,62720000000.0,Acrisols / Ferralsols / Red Earth,Rainy,Rainfed,74.5,1.59768311232952,,
Shan,2016,Maize,632414,630984,1003746,314946615.9,21.69,570.05,60120000000.0,Acrisols / Ferralsols / Red Earth,Rainy,Rainfed,74.94,1.59076299874481,,
Shan,2017,Maize,669547,669367,1075961,304701296.0,21.52,759.17,63340000000.0,Acrisols / Ferralsols / Red Earth,Rainy,Rainfed,77.24,1.6074306023452,,
Shan,2018,Maize,699737,698813,1112441,380230690.0,21.16,624.01,67150000000.0,Acrisols / Ferralsols / Red Earth,Rainy,Rainfed,75.68,1.59190083756312,,
Shan,2019,Maize,716140,716133,1133926,413574673.8,21.87,584.23,68700000000.0,Acrisols / Ferralsols / Red Earth,Rainy,Rainfed,75.07,1.58340140728049,,
Shan,2020,Maize,804379,803080,1246482,391351453.3,21.56,626.15,78930000000.0,Acrisols / Ferralsols / Red Earth,Rainy,Rainfed,75.63,1.55212681177466,,
Shan,2021,Maize,904420,904384,1386360,388899650.8,21.67,658.43,65120000000.0,Acrisols / Ferralsols / Red Earth,Rainy,Rainfed,76.0,1.53293291345269,,
Shan,2022,Maize,958260,957802,1483057,586761617.0,21.33,803.12,62240000000.0,Acrisols / Ferralsols / Red Earth,Rainy,Rainfed,77.8,1.54839622385419,,
Shan,2023,Maize,1018104,1018043,1598941,586702652.6,22.07,653.29,64800000000.0,Acrisols / Ferralsols / Red Earth,Rainy,Rainfed,75.87,1.57060261698179,,
Ayeyarwady,2012,Maize,21456,21456,40894,243967785.0,27.73,892.99,59920000000.0,Fluvisols / Gleysols / Alluvial,Rainy,Rainfed,77.72,1.90594705443698,,
Ayeyarwady,2013,Maize,22547,22547,43653,199816069.0,27.91,705.85,63260000000.0,Fluvisols / Gleysols / Alluvial,Rainy,Rainfed,75.45,1.93608905841131,,
Ayeyarwady,2014,Maize,24625,24598,49553,267590796.3,28.21,606.23,67459999999.9999,Fluvisols / Gleysols / Alluvial,Rainy,Rainfed,74.2,2.01451337507114,,
Ayeyarwady,2015,Maize,24413,24288,49651,238665203.2,28.19,737.44,62720000000.0,Fluvisols / Gleysols / Alluvial,Rainy,Rainfed,75.78,2.04426054018445,,
Ayeyarwady,2016,Maize,21109,21109,43155,314946615.9,28.14,712.5,60120000000.0,Fluvisols / Gleysols / Alluvial,Rainy,Rainfed,75.48,2.04438864939125,,
Ayeyarwady,2017,Maize,34165,34165,69924,304701296.0,28.04,819.64,63340000000.0,Fluvisols / Gleysols / Alluvial,Rainy,Rainfed,76.79,2.04665593443582,,
Ayeyarwady,2018,Maize,56459,56459,114746,380230690.0,27.76,972.0,67150000000.0,Fluvisols / Gleysols / Alluvial,Rainy,Rainfed,78.67,2.03237747746152,,
Ayeyarwady,2019,Maize,58176,58176,119564,413574673.8,28.38,776.06,68700000000.0,Fluvisols / Gleysols / Alluvial,Rainy,Rainfed,76.2,2.05521177117711,,
Ayeyarwady,2020,Maize,57656,57656,118328,391351453.3,28.37,575.94,78930000000.0,Fluvisols / Gleysols / Alluvial,Rainy,Rainfed,73.8,2.0523102539198,,
Ayeyarwady,2021,Maize,55185,55185,112683,388899650.8,27.92,960.87,65120000000.0,Fluvisols / Gleysols / Alluvial,Rainy,Rainfed,78.5,2.04191356346833,,
Ayeyarwady,2022,Maize,51825,51825,108517,586761617.0,27.91,944.56,62240000000.0,Fluvisols / Gleysols / Alluvial,Rainy,Rainfed,78.31,2.09391220453449,,
Ayeyarwady,2023,Maize,53055,53055,121917,586702652.6,28.36,837.63,64800000000.0,Fluvisols / Gleysols / Alluvial,Rainy,Rainfed,76.95,2.29793610404297,,
Nay Pyi Taw,2012,Maize,16088,16088,24772,243967785.0,25.41,942.84,59920000000.0,Cambisols / Fluvisols / Loam,Rainy,Rainfed,78.74,1.5397812033814,,
Nay Pyi Taw,2013,Maize,18508,18476,29215,199816069.0,25.88,775.78,63260000000.0,Cambisols / Fluvisols / Loam,Rainy,Rainfed,76.65,1.58124052825286,,
Nay Pyi Taw,2014,Maize,17513,17424,28150,267590796.3,26.38,617.16,67459999999.9999,Cambisols / Fluvisols / Loam,Rainy,Rainfed,74.66,1.61558769513314,,
Nay Pyi Taw,2015,Maize,17506,17506,28807,238665203.2,26.35,678.38,62720000000.0,Cambisols / Fluvisols / Loam,Rainy,Rainfed,75.4,1.64555009710956,,
Nay Pyi Taw,2016,Maize,18376,18271,30197,314946615.9,26.23,754.74,60120000000.0,Cambisols / Fluvisols / Loam,Rainy,Rainfed,76.34,1.6527283673581,,
Nay Pyi Taw,2017,Maize,18122,18122,30770,304701296.0,26.08,972.17,63340000000.0,Cambisols / Fluvisols / Loam,Rainy,Rainfed,78.97,1.69793621013133,,
Nay Pyi Taw,2018,Maize,18095,18077,29765,380230690.0,25.73,812.09,67150000000.0,Cambisols / Fluvisols / Loam,Rainy,Rainfed,77.11,1.64656746141505,,
Nay Pyi Taw,2019,Maize,16517,16517,27753,413574673.8,26.57,787.91,68700000000.0,Cambisols / Fluvisols / Loam,Rainy,Rainfed,76.67,1.68026881394926,,
Nay Pyi Taw,2020,Maize,14837,14807,24651,391351453.3,26.28,762.33,78930000000.0,Cambisols / Fluvisols / Loam,Rainy,Rainfed,76.42,1.66482069291551,,
Nay Pyi Taw,2021,Maize,16045,16045,26899,388899650.8,26.24,851.96,65120000000.0,Cambisols / Fluvisols / Loam,Rainy,Rainfed,77.5,1.67647242131505,,
Nay Pyi Taw,2022,Maize,15078,15078,25321,586761617.0,25.96,1027.18,62240000000.0,Cambisols / Fluvisols / Loam,Rainy,Rainfed,79.65,1.67933412919485,,
Nay Pyi Taw,2023,Maize,14484,14451,24372,586702652.6,26.62,853.39,64800000000.0,Cambisols / Fluvisols / Loam,Rainy,Rainfed,77.45,1.68652688395266,,
Kachin,2012,Groundnut(Rain),3264,3234,1297,243967785.0,23.38,914.61,59920000000.0,Acrisols / Red-Brown Lateritic,Rainy,Rainfed,78.77,0.401051329622758,,
Kachin,2013,Groundnut(Rain),2569,2569,1018,199816069.0,23.62,939.94,63260000000.0,Acrisols / Red-Brown Lateritic,Rainy,Rainfed,79.03,0.396263137407551,,
Kachin,2014,Groundnut(Rain),2456,2456,976,267590796.3,24.01,833.48,67459999999.9999,Acrisols / Red-Brown Lateritic,Rainy,Rainfed,77.68,0.397394136807817,,
Kachin,2015,Groundnut(Rain),1996,1996,773,238665203.2,23.27,1005.47,62720000000.0,Acrisols / Red-Brown Lateritic,Rainy,Rainfed,79.88,0.387274549098196,,
Kachin,2016,Groundnut(Rain),1892,1892,731,314946615.9,23.17,1224.63,60120000000.0,Acrisols / Red-Brown Lateritic,Rainy,Rainfed,82.52,0.386363636363636,,
Kachin,2017,Groundnut(Rain),1186,1186,468,304701296.0,23.28,1125.21,63340000000.0,Acrisols / Red-Brown Lateritic,Rainy,Rainfed,81.31,0.394603709949409,,
Kachin,2018,Groundnut(Rain),1137,1137,455,380230690.0,22.85,1162.0,67150000000.0,Acrisols / Red-Brown Lateritic,Rainy,Rainfed,81.83,0.400175901495162,,
Kachin,2019,Groundnut(Rain),1405,1405,626,413574673.8,23.49,1042.44,68700000000.0,Acrisols / Red-Brown Lateritic,Rainy,Rainfed,80.28,0.445551601423487,,
Kachin,2020,Groundnut(Rain),2003,1449,601,391351453.3,22.87,1329.91,78930000000.0,Acrisols / Red-Brown Lateritic,Rainy,Rainfed,83.84,0.414768806073153,,
Kachin,2021,Groundnut(Rain),1511,1511,625,388899650.8,23.65,1005.31,65120000000.0,Acrisols / Red-Brown Lateritic,Rainy,Rainfed,79.81,0.413633355393778,,
Kachin,2022,Groundnut(Rain),1720,1720,722,586761617.0,22.99,1256.07,62240000000.0,Acrisols / Red-Brown Lateritic,Rainy,Rainfed,82.93,0.419767441860465,,
Kachin,2023,Groundnut(Rain),1621,1621,681,586702652.6,23.84,1183.85,64800000000.0,Acrisols / Red-Brown Lateritic,Rainy,Rainfed,81.91,0.420111042566317,,
Kayah,2012,Groundnut(Rain),14147,14147,7119,243967785.0,22.51,1604.82,59920000000.0,Luvisols / Red Earth,Rainy,Rainfed,87.21,0.503216229589312,,
Kayah,2013,Groundnut(Rain),14248,14248,7234,199816069.0,22.71,1317.07,63260000000.0,Luvisols / Red Earth,Rainy,Rainfed,83.72,0.507720381807973,,
Kayah,2014,Groundnut(Rain),15087,15087,7633,267590796.3,23.02,1089.18,67459999999.9999,Luvisols / Red Earth,Rainy,Rainfed,80.93,0.505932259561211,,
Kayah,2015,Groundnut(Rain),12552,12552,6376,238665203.2,23.36,1113.03,62720000000.0,Luvisols / Red Earth,Rainy,Rainfed,81.15,0.507966857871255,,
Kayah,2016,Groundnut(Rain),11819,11819,5982,314946615.9,23.41,1222.88,60120000000.0,Luvisols / Red Earth,Rainy,Rainfed,82.46,0.506134190709874,,
Kayah,2017,Groundnut(Rain),7687,7687,3919,304701296.0,23.16,1567.54,63340000000.0,Luvisols / Red Earth,Rainy,Rainfed,86.64,0.509821777026148,,
Kayah,2018,Groundnut(Rain),9002,9002,4579,380230690.0,22.69,1316.55,67150000000.0,Luvisols / Red Earth,Rainy,Rainfed,83.71,0.508664741168629,,
Kayah,2019,Groundnut(Rain),8695,8695,4449,413574673.8,23.24,1282.79,68700000000.0,Luvisols / Red Earth,Rainy,Rainfed,83.21,0.511673375503162,,
Kayah,2020,Groundnut(Rain),8989,8987,4541,391351453.3,23.16,1222.66,78930000000.0,Luvisols / Red Earth,Rainy,Rainfed,82.5,0.505285412262156,,
Kayah,2021,Groundnut(Rain),8814,8814,4377,388899650.8,23.01,1440.62,65120000000.0,Luvisols / Red Earth,Rainy,Rainfed,85.15,0.496596324029952,,
Kayah,2022,Groundnut(Rain),5708,5708,2843,586761617.0,22.94,1814.13,62240000000.0,Luvisols / Red Earth,Rainy,Rainfed,89.64,0.498072880168185,,
Kayah,2023,Groundnut(Rain),6074,6074,3303,586702652.6,23.4,1417.46,64800000000.0,Luvisols / Red Earth,Rainy,Rainfed,84.8,0.543793216990451,,
Kayin,2012,Groundnut(Rain),6062,6062,2758,243967785.0,26.77,2467.92,59920000000.0,Fluvisols / Gleysols / Alluvial,Rainy,Rainfed,93.0,0.454965357967667,,
Kayin,2013,Groundnut(Rain),6095,6095,2774,199816069.0,26.67,2022.51,63260000000.0,Fluvisols / Gleysols / Alluvial,Rainy,Rainfed,91.47,0.455127153404429,,
Kayin,2014,Groundnut(Rain),5914,5914,2705,267590796.3,26.61,1604.54,67459999999.9999,Fluvisols / Gleysols / Alluvial,Rainy,Rainfed,86.46,0.457389245857287,,
Kayin,2015,Groundnut(Rain),5845,5845,2695,238665203.2,26.97,1981.43,62720000000.0,Fluvisols / Gleysols / Alluvial,Rainy,Rainfed,90.92,0.461077844311377,,
Kayin,2016,Groundnut(Rain),5501,5501,2560,314946615.9,26.89,1804.66,60120000000.0,Fluvisols / Gleysols / Alluvial,Rainy,Rainfed,88.82,0.465369932739501,,
Kayin,2017,Groundnut(Rain),5097,5097,2382,304701296.0,26.65,2185.47,63340000000.0,Fluvisols / Gleysols / Alluvial,Rainy,Rainfed,93.0,0.467333725721012,,
Kayin,2018,Groundnut(Rain),4989,4989,2353,380230690.0,26.73,2484.66,67150000000.0,Fluvisols / Gleysols / Alluvial,Rainy,Rainfed,93.0,0.471637602725997,,
Kayin,2019,Groundnut(Rain),4922,4922,2329,413574673.8,26.95,2087.25,68700000000.0,Fluvisols / Gleysols / Alluvial,Rainy,Rainfed,92.2,0.473181633482324,,
Kayin,2020,Groundnut(Rain),4883,4883,2320,391351453.3,27.12,1531.95,78930000000.0,Fluvisols / Gleysols / Alluvial,Rainy,Rainfed,85.5,0.475117755478189,,
Kayin,2021,Groundnut(Rain),4677,4677,2230,388899650.8,26.67,2969.17,65120000000.0,Fluvisols / Gleysols / Alluvial,Rainy,Rainfed,93.0,0.476801368398546,,
Kayin,2022,Groundnut(Rain),4874,4874,2358,586761617.0,26.62,2622.64,62240000000.0,Fluvisols / Gleysols / Alluvial,Rainy,Rainfed,93.0,0.483791546983996,,
Kayin,2023,Groundnut(Rain),4786,4786,2316,586702652.6,26.96,2436.25,64800000000.0,Fluvisols / Gleysols / Alluvial,Rainy,Rainfed,93.0,0.483911408274132,,
Chin,2012,Groundnut(Rain),1239,1239,546,243967785.0,22.62,716.7,59920000000.0,Cambisols / Mountainous Soil,Rainy,Rainfed,76.53,0.440677966101694,,
Chin,2013,Groundnut(Rain),1398,1398,619,199816069.0,22.48,814.73,63260000000.0,Cambisols / Mountainous Soil,Rainy,Rainfed,77.73,0.44277539341917,,
Chin,2014,Groundnut(Rain),1326,1326,592,267590796.3,22.97,716.65,67459999999.9999,Cambisols / Mountainous Soil,Rainy,Rainfed,76.47,0.446455505279034,,
Chin,2015,Groundnut(Rain),1115,1115,498,238665203.2,22.61,913.76,62720000000.0,Cambisols / Mountainous Soil,Rainy,Rainfed,78.9,0.446636771300448,,
Chin,2016,Groundnut(Rain),1080,1080,484,314946615.9,22.87,965.57,60120000000.0,Cambisols / Mountainous Soil,Rainy,Rainfed,79.47,0.448148148148148,,
Chin,2017,Groundnut(Rain),1041,1041,461,304701296.0,22.26,1578.85,63340000000.0,Cambisols / Mountainous Soil,Rainy,Rainfed,86.94,0.442843419788664,,
Chin,2018,Groundnut(Rain),916,916,407,380230690.0,21.95,1160.88,67150000000.0,Cambisols / Mountainous Soil,Rainy,Rainfed,81.98,0.444323144104803,,
Chin,2019,Groundnut(Rain),918,918,406,413574673.8,22.53,1254.78,68700000000.0,Cambisols / Mountainous Soil,Rainy,Rainfed,83.0,0.442265795206971,,
Chin,2020,Groundnut(Rain),834,834,369,391351453.3,22.26,1038.88,78930000000.0,Cambisols / Mountainous Soil,Rainy,Rainfed,80.46,0.442446043165467,,
Chin,2021,Groundnut(Rain),852,735,325,388899650.8,22.92,753.21,65120000000.0,Cambisols / Mountainous Soil,Rainy,Rainfed,76.91,0.442176870748299,,
Chin,2022,Groundnut(Rain),746,745,332,586761617.0,22.64,714.38,62240000000.0,Cambisols / Mountainous Soil,Rainy,Rainfed,76.5,0.445637583892617,,
Chin,2023,Groundnut(Rain),727,727,323,586702652.6,23.13,770.15,64800000000.0,Cambisols / Mountainous Soil,Rainy,Rainfed,77.08,0.444291609353507,,
Sagaing,2012,Groundnut(Rain),263599,263599,130839,243967785.0,28.48,302.6,59920000000.0,Luvisols / Cambisols / Savanna,Rainy,Rainfed,70.5,0.496356207724612,,
Sagaing,2013,Groundnut(Rain),273705,273705,136163,199816069.0,28.47,362.75,63260000000.0,Luvisols / Cambisols / Savanna,Rainy,Rainfed,71.23,0.497480864434336,,
Sagaing,2014,Groundnut(Rain),275209,275209,137470,267590796.3,29.02,272.71,67459999999.9999,Luvisols / Cambisols / Savanna,Rainy,Rainfed,70.05,0.499511280517715,,
Sagaing,2015,Groundnut(Rain),276355,274859,138055,238665203.2,28.54,378.91,62720000000.0,Luvisols / Cambisols / Savanna,Rainy,Rainfed,71.41,0.502275712274293,,
Sagaing,2016,Groundnut(Rain),285539,285478,143989,314946615.9,28.61,466.45,60120000000.0,Luvisols / Cambisols / Savanna,Rainy,Rainfed,72.45,0.504378621119665,,
Sagaing,2017,Groundnut(Rain),293588,293417,147508,304701296.0,28.07,637.58,63340000000.0,Luvisols / Cambisols / Savanna,Rainy,Rainfed,74.6,0.502724790997113,,
Sagaing,2018,Groundnut(Rain),336555,336529,163926,380230690.0,27.88,475.8,67150000000.0,Luvisols / Cambisols / Savanna,Rainy,Rainfed,72.69,0.487108094696148,,
Sagaing,2019,Groundnut(Rain),333577,333528,161254,413574673.8,28.67,477.22,68700000000.0,Luvisols / Cambisols / Savanna,Rainy,Rainfed,72.57,0.483479647885634,,
Sagaing,2020,Groundnut(Rain),345744,326682,150068,391351453.3,28.0,552.96,78930000000.0,Luvisols / Cambisols / Savanna,Rainy,Rainfed,73.6,0.459370274456505,,
Sagaing,2021,Groundnut(Rain),359061,358895,181909,388899650.8,29.14,338.14,65120000000.0,Luvisols / Cambisols / Savanna,Rainy,Rainfed,70.81,0.506858551944162,,
Sagaing,2022,Groundnut(Rain),371916,371916,186177,586761617.0,28.78,375.7,62240000000.0,Luvisols / Cambisols / Savanna,Rainy,Rainfed,71.33,0.500588842641886,,
Sagaing,2023,Groundnut(Rain),369911,369911,185336,586702652.6,29.19,387.79,64800000000.0,Luvisols / Cambisols / Savanna,Rainy,Rainfed,71.4,0.501028625804585,,
Tanintharyi,2012,Groundnut(Rain),29,29,11,243967785.0,26.24,2388.49,59920000000.0,Ferralsols / Plinthosols / Lateritic,Rainy,Rainfed,93.0,0.379310344827586,,
Tanintharyi,2013,Groundnut(Rain),7,7,3,199816069.0,25.94,2304.57,63260000000.0,Ferralsols / Plinthosols / Lateritic,Rainy,Rainfed,93.0,0.428571428571428,,
Tanintharyi,2014,Groundnut(Rain),0,0,0,267590796.3,25.99,1706.05,67459999999.9999,Ferralsols / Plinthosols / Lateritic,Rainy,Rainfed,87.79,0.0,,
Tanintharyi,2015,Groundnut(Rain),13,13,5,238665203.2,26.43,1914.37,62720000000.0,Ferralsols / Plinthosols / Lateritic,Rainy,Rainfed,90.22,0.384615384615384,,
Tanintharyi,2016,Groundnut(Rain),0,0,0,314946615.9,26.3,1870.73,60120000000.0,Ferralsols / Plinthosols / Lateritic,Rainy,Rainfed,89.71,0.0,,
Tanintharyi,2017,Groundnut(Rain),0,0,0,304701296.0,26.08,2485.72,63340000000.0,Ferralsols / Plinthosols / Lateritic,Rainy,Rainfed,93.0,0.0,,
Tanintharyi,2018,Groundnut(Rain),0,0,0,380230690.0,26.23,2273.98,67150000000.0,Ferralsols / Plinthosols / Lateritic,Rainy,Rainfed,93.0,0.0,,
Tanintharyi,2019,Groundnut(Rain),0,0,0,413574673.8,26.44,1846.93,68700000000.0,Ferralsols / Plinthosols / Lateritic,Rainy,Rainfed,89.4,0.0,,
Tanintharyi,2020,Groundnut(Rain),0,0,0,391351453.3,26.42,2375.71,78930000000.0,Ferralsols / Plinthosols / Lateritic,Rainy,Rainfed,93.0,0.0,,
Tanintharyi,2021,Groundnut(Rain),0,0,0,388899650.8,25.97,2896.94,65120000000.0,Ferralsols / Plinthosols / Lateritic,Rainy,Rainfed,93.0,0.0,,
Tanintharyi,2022,Groundnut(Rain),0,0,0,586761617.0,26.08,2726.62,62240000000.0,Ferralsols / Plinthosols / Lateritic,Rainy,Rainfed,93.0,0.0,,
Tanintharyi,2023,Groundnut(Rain),0,0,0,586702652.6,26.46,2318.19,64800000000.0,Ferralsols / Plinthosols / Lateritic,Rainy,Rainfed,93.0,0.0,,
Bago,2012,Groundnut(Rain),59347,59347,36139,243967785.0,27.33,1519.25,59920000000.0,Fluvisols / Gleysols / Alluvial,Rainy,Rainfed,85.31,0.608944007279222,,
Bago,2013,Groundnut(Rain),59681,59681,36625,199816069.0,27.57,1187.91,63260000000.0,Fluvisols / Gleysols / Alluvial,Rainy,Rainfed,81.29,0.613679395452489,,
Bago,2014,Groundnut(Rain),61256,61256,38427,267590796.3,27.57,1054.41,67459999999.9999,Fluvisols / Gleysols / Alluvial,Rainy,Rainfed,79.69,0.62731814026381,,
Bago,2015,Groundnut(Rain),61182,57989,36277,238665203.2,27.77,1256.33,62720000000.0,Fluvisols / Gleysols / Alluvial,Rainy,Rainfed,82.08,0.62558416251358,,
Bago,2016,Groundnut(Rain),65096,65096,40923,314946615.9,27.71,1212.7,60120000000.0,Fluvisols / Gleysols / Alluvial,Rainy,Rainfed,81.56,0.628656138626029,,
Bago,2017,Groundnut(Rain),61415,60155,37768,304701296.0,27.49,1498.81,63340000000.0,Fluvisols / Gleysols / Alluvial,Rainy,Rainfed,85.04,0.62784473443604,,
Bago,2018,Groundnut(Rain),58548,58548,37031,380230690.0,27.43,1690.27,67150000000.0,Fluvisols / Gleysols / Alluvial,Rainy,Rainfed,87.35,0.632489581198333,,
Bago,2019,Groundnut(Rain),67256,67202,42552,413574673.8,28.09,1236.72,68700000000.0,Fluvisols / Gleysols / Alluvial,Rainy,Rainfed,81.78,0.633195440611886,,
Bago,2020,Groundnut(Rain),64151,63866,40572,391351453.3,28.01,1004.02,78930000000.0,Fluvisols / Gleysols / Alluvial,Rainy,Rainfed,79.01,0.635267591519744,,
Bago,2021,Groundnut(Rain),72644,72644,46626,388899650.8,27.31,1749.84,65120000000.0,Fluvisols / Gleysols / Alluvial,Rainy,Rainfed,88.08,0.641842409558945,,
Bago,2022,Groundnut(Rain),71233,71224,45759,586761617.0,27.34,1789.55,62240000000.0,Fluvisols / Gleysols / Alluvial,Rainy,Rainfed,88.55,0.642466022688981,,
Bago,2023,Groundnut(Rain),90677,90677,71692,586702652.6,28.01,1574.66,64800000000.0,Fluvisols / Gleysols / Alluvial,Rainy,Rainfed,85.85,0.790630479614455,,
Magway,2012,Groundnut(Rain),307366,307366,206536,243967785.0,26.79,898.02,59920000000.0,Regosols / Luvisols / Sandy Savanna,Rainy,Rainfed,77.95,0.671954607861637,,
Magway,2013,Groundnut(Rain),315995,315995,212699,199816069.0,26.96,878.15,63260000000.0,Regosols / Luvisols / Sandy Savanna,Rainy,Rainfed,77.68,0.673108751720755,,
Magway,2014,Groundnut(Rain),328102,328102,221972,267590796.3,27.42,770.86,67459999999.9999,Regosols / Luvisols / Sandy Savanna,Rainy,Rainfed,76.31,0.676533517016049,,
Magway,2015,Groundnut(Rain),348809,348293,235602,238665203.2,27.31,734.05,62720000000.0,Regosols / Luvisols / Sandy Savanna,Rainy,Rainfed,75.89,0.676447703513995,,
Magway,2016,Groundnut(Rain),388880,388745,254679,314946615.9,27.18,941.74,60120000000.0,Regosols / Luvisols / Sandy Savanna,Rainy,Rainfed,78.41,0.655131255707468,,
Magway,2017,Groundnut(Rain),482684,482535,290532,304701296.0,27.02,1107.58,63340000000.0,Regosols / Luvisols / Sandy Savanna,Rainy,Rainfed,80.43,0.602095184805247,,
Magway,2018,Groundnut(Rain),473807,473556,246915,380230690.0,26.75,839.14,67150000000.0,Regosols / Luvisols / Sandy Savanna,Rainy,Rainfed,77.25,0.521406127258444,,
Magway,2019,Groundnut(Rain),552411,551881,289025,413574673.8,27.7,769.91,68700000000.0,Regosols / Luvisols / Sandy Savanna,Rainy,Rainfed,76.25,0.523708915508959,,
Magway,2020,Groundnut(Rain),596424,594059,288079,391351453.3,27.15,822.19,78930000000.0,Regosols / Luvisols / Sandy Savanna,Rainy,Rainfed,76.98,0.484933314704431,,
Magway,2021,Groundnut(Rain),632481,631904,319258,388899650.8,27.77,689.55,65120000000.0,Regosols / Luvisols / Sandy Savanna,Rainy,Rainfed,75.28,0.505231807363143,,
Magway,2022,Groundnut(Rain),659527,659524,345079,586761617.0,27.6,729.42,62240000000.0,Regosols / Luvisols / Sandy Savanna,Rainy,Rainfed,75.79,0.523224325422577,,
Magway,2023,Groundnut(Rain),724813,724813,457096,586702652.6,28.03,696.9,64800000000.0,Regosols / Luvisols / Sandy Savanna,Rainy,Rainfed,75.32,0.630639902981872,,
Mandalay,2012,Groundnut(Rain),247186,247186,108628,243967785.0,27.22,338.39,59920000000.0,Luvisols / Cambisols / Savanna,Rainy,Rainfed,71.16,0.439458545386874,,
Mandalay,2013,Groundnut(Rain),269390,269390,122284,199816069.0,27.39,350.66,63260000000.0,Luvisols / Cambisols / Savanna,Rainy,Rainfed,71.28,0.4539292475593,,
Mandalay,2014,Groundnut(Rain),292966,292950,136281,267590796.3,27.89,270.44,67459999999.9999,Luvisols / Cambisols / Savanna,Rainy,Rainfed,70.23,0.465202252944188,,
Mandalay,2015,Groundnut(Rain),282265,282265,133750,238665203.2,27.41,376.48,62720000000.0,Luvisols / Cambisols / Savanna,Rainy,Rainfed,71.58,0.47384549979629,,
Mandalay,2016,Groundnut(Rain),329702,329683,161558,314946615.9,27.59,376.98,60120000000.0,Luvisols / Cambisols / Savanna,Rainy,Rainfed,71.56,0.490040432779366,,
Mandalay,2017,Groundnut(Rain),362590,362487,175556,304701296.0,27.37,461.76,63340000000.0,Luvisols / Cambisols / Savanna,Rainy,Rainfed,72.61,0.484309782143911,,
Mandalay,2018,Groundnut(Rain),407704,407704,193432,380230690.0,27.03,394.62,67150000000.0,Luvisols / Cambisols / Savanna,Rainy,Rainfed,71.87,0.474442242411161,,
Mandalay,2019,Groundnut(Rain),433329,432644,205573,413574673.8,27.69,414.37,68700000000.0,Luvisols / Cambisols / Savanna,Rainy,Rainfed,71.99,0.475155092870813,,
Mandalay,2020,Groundnut(Rain),448546,448524,196885,391351453.3,27.18,470.39,78930000000.0,Luvisols / Cambisols / Savanna,Rainy,Rainfed,72.75,0.438962017640081,,
Mandalay,2021,Groundnut(Rain),473178,473040,218765,388899650.8,27.8,383.44,65120000000.0,Luvisols / Cambisols / Savanna,Rainy,Rainfed,71.6,0.462466176221883,,
Mandalay,2022,Groundnut(Rain),486773,486773,223181,586761617.0,27.53,425.89,62240000000.0,Luvisols / Cambisols / Savanna,Rainy,Rainfed,72.16,0.458490918765009,,
Mandalay,2023,Groundnut(Rain),504132,504132,236711,586702652.6,28.02,431.5,64800000000.0,Luvisols / Cambisols / Savanna,Rainy,Rainfed,72.13,0.469541707330619,,
Mon,2012,Groundnut(Rain),2508,2508,1222,243967785.0,27.89,2936.46,59920000000.0,Ferralsols / Gleysols / Lateritic,Rainy,Rainfed,93.0,0.487240829346092,,
Mon,2013,Groundnut(Rain),2354,2354,1179,199816069.0,27.75,2472.26,63260000000.0,Ferralsols / Gleysols / Lateritic,Rainy,Rainfed,93.0,0.500849617672047,,
Mon,2014,Groundnut(Rain),1741,1741,870,267590796.3,27.71,1805.43,67459999999.9999,Ferralsols / Gleysols / Lateritic,Rainy,Rainfed,88.68,0.499712808730614,,
Mon,2015,Groundnut(Rain),1514,1514,846,238665203.2,27.96,2500.08,62720000000.0,Ferralsols / Gleysols / Lateritic,Rainy,Rainfed,93.0,0.558784676354029,,
Mon,2016,Groundnut(Rain),1375,1375,768,314946615.9,27.84,2247.31,60120000000.0,Ferralsols / Gleysols / Lateritic,Rainy,Rainfed,93.0,0.558545454545454,,
Mon,2017,Groundnut(Rain),1482,1482,812,304701296.0,27.68,2729.02,63340000000.0,Ferralsols / Gleysols / Lateritic,Rainy,Rainfed,93.0,0.547908232118758,,
Mon,2018,Groundnut(Rain),1444,1444,801,380230690.0,27.86,3263.34,67150000000.0,Ferralsols / Gleysols / Lateritic,Rainy,Rainfed,93.0,0.554709141274238,,
Mon,2019,Groundnut(Rain),1415,1415,783,413574673.8,28.11,2717.71,68700000000.0,Ferralsols / Gleysols / Lateritic,Rainy,Rainfed,93.0,0.553356890459364,,
Mon,2020,Groundnut(Rain),1234,1234,701,391351453.3,28.13,1897.4,78930000000.0,Ferralsols / Gleysols / Lateritic,Rainy,Rainfed,89.71,0.568071312803889,,
Mon,2021,Groundnut(Rain),1235,1235,696,388899650.8,27.71,3711.2,65120000000.0,Ferralsols / Gleysols / Lateritic,Rainy,Rainfed,93.0,0.563562753036437,,
Mon,2022,Groundnut(Rain),1203,1203,685,586761617.0,27.71,3270.72,62240000000.0,Ferralsols / Gleysols / Lateritic,Rainy,Rainfed,93.0,0.569409808811305,,
Mon,2023,Groundnut(Rain),1154,1154,657,586702652.6,28.09,3075.98,64800000000.0,Ferralsols / Gleysols / Lateritic,Rainy,Rainfed,93.0,0.569324090121317,,
Rakhine,2012,Groundnut(Rain),2122,2122,966,243967785.0,26.54,2984.69,59920000000.0,Gleysols / Alluvial / Mountainous,Rainy,Rainfed,93.0,0.455230914231856,,
Rakhine,2013,Groundnut(Rain),2092,2092,955,199816069.0,26.5,3116.99,63260000000.0,Gleysols / Alluvial / Mountainous,Rainy,Rainfed,93.0,0.456500956022944,,
Rakhine,2014,Groundnut(Rain),1944,1944,908,267590796.3,26.74,2952.75,67459999999.9999,Gleysols / Alluvial / Mountainous,Rainy,Rainfed,93.0,0.467078189300411,,
Rakhine,2015,Groundnut(Rain),1963,1963,915,238665203.2,26.5,8475.24,62720000000.0,Gleysols / Alluvial / Mountainous,Rainy,Rainfed,93.0,0.466123280692817,,
Rakhine,2016,Groundnut(Rain),1987,1987,915,314946615.9,26.76,10036.74,60120000000.0,Gleysols / Alluvial / Mountainous,Rainy,Rainfed,93.0,0.460493205837946,,
Rakhine,2017,Groundnut(Rain),1987,1987,895,304701296.0,26.66,7844.64,63340000000.0,Gleysols / Alluvial / Mountainous,Rainy,Rainfed,93.0,0.450427780573729,,
Rakhine,2018,Groundnut(Rain),1808,1808,813,380230690.0,26.17,7927.61,67150000000.0,Gleysols / Alluvial / Mountainous,Rainy,Rainfed,93.0,0.44966814159292,,
Rakhine,2019,Groundnut(Rain),1779,1779,799,413574673.8,26.66,8062.73,68700000000.0,Gleysols / Alluvial / Mountainous,Rainy,Rainfed,93.0,0.449128724002248,,
Rakhine,2020,Groundnut(Rain),1762,1762,788,391351453.3,26.49,7855.92,78930000000.0,Gleysols / Alluvial / Mountainous,Rainy,Rainfed,93.0,0.4472190692395,,
Rakhine,2021,Groundnut(Rain),1760,1760,787,388899650.8,26.93,5291.74,65120000000.0,Gleysols / Alluvial / Mountainous,Rainy,Rainfed,93.0,0.44715909090909,,
Rakhine,2022,Groundnut(Rain),1766,1766,788,586761617.0,26.66,5117.41,62240000000.0,Gleysols / Alluvial / Mountainous,Rainy,Rainfed,93.0,0.446206115515288,,
Rakhine,2023,Groundnut(Rain),1766,1766,832,586702652.6,26.9,5823.68,64800000000.0,Gleysols / Alluvial / Mountainous,Rainy,Rainfed,93.0,0.471121177802944,,
Yangon,2012,Groundnut(Rain),68,68,22,243967785.0,27.5,1871.61,59920000000.0,Fluvisols / Gleysols / Alluvial,Rainy,Rainfed,89.51,0.323529411764705,,
Yangon,2013,Groundnut(Rain),76,76,43,199816069.0,27.61,1492.96,63260000000.0,Fluvisols / Gleysols / Alluvial,Rainy,Rainfed,84.95,0.56578947368421,,
Yangon,2014,Groundnut(Rain),78,78,24,267590796.3,27.67,1241.48,67459999999.9999,Fluvisols / Gleysols / Alluvial,Rainy,Rainfed,81.92,0.307692307692307,,
Yangon,2015,Groundnut(Rain),78,78,24,238665203.2,27.86,1676.99,62720000000.0,Fluvisols / Gleysols / Alluvial,Rainy,Rainfed,87.11,0.307692307692307,,
Yangon,2016,Groundnut(Rain),75,75,23,314946615.9,27.8,1521.79,60120000000.0,Fluvisols / Gleysols / Alluvial,Rainy,Rainfed,85.26,0.306666666666666,,
Yangon,2017,Groundnut(Rain),75,75,23,304701296.0,27.54,1863.36,63340000000.0,Fluvisols / Gleysols / Alluvial,Rainy,Rainfed,89.4,0.306666666666666,,
Yangon,2018,Groundnut(Rain),80,80,25,380230690.0,27.53,2226.31,67150000000.0,Fluvisols / Gleysols / Alluvial,Rainy,Rainfed,93.0,0.3125,,
Yangon,2019,Groundnut(Rain),80,80,25,413574673.8,28.09,1694.52,68700000000.0,Fluvisols / Gleysols / Alluvial,Rainy,Rainfed,87.28,0.3125,,
Yangon,2020,Groundnut(Rain),45,45,14,391351453.3,28.05,1262.54,78930000000.0,Fluvisols / Gleysols / Alluvial,Rainy,Rainfed,82.1,0.311111111111111,,
Yangon,2021,Groundnut(Rain),81,81,25,388899650.8,27.4,2360.45,65120000000.0,Fluvisols / Gleysols / Alluvial,Rainy,Rainfed,93.0,0.308641975308641,,
Yangon,2022,Groundnut(Rain),81,81,25,586761617.0,27.36,2242.28,62240000000.0,Fluvisols / Gleysols / Alluvial,Rainy,Rainfed,93.0,0.308641975308641,,
Yangon,2023,Groundnut(Rain),81,81,25,586702652.6,28.02,2034.25,64800000000.0,Fluvisols / Gleysols / Alluvial,Rainy,Rainfed,91.37,0.308641975308641,,
Shan,2012,Groundnut(Rain),113493,113493,66542,243967785.0,21.06,671.3,59920000000.0,Acrisols / Ferralsols / Red Earth,Rainy,Rainfed,76.26,0.586309287797485,,
Shan,2013,Groundnut(Rain),111774,111774,65538,199816069.0,21.38,594.52,63260000000.0,Acrisols / Ferralsols / Red Earth,Rainy,Rainfed,75.29,0.586343872456922,,
Shan,2014,Groundnut(Rain),108228,108228,62899,267590796.3,21.82,438.2,67459999999.9999,Acrisols / Ferralsols / Red Earth,Rainy,Rainfed,73.33,0.581171231104704,,
Shan,2015,Groundnut(Rain),107867,107867,62677,238665203.2,21.68,533.62,62720000000.0,Acrisols / Ferralsols / Red Earth,Rainy,Rainfed,74.5,0.581058154950077,,
Shan,2016,Groundnut(Rain),106225,106218,61515,314946615.9,21.69,570.05,60120000000.0,Acrisols / Ferralsols / Red Earth,Rainy,Rainfed,74.94,0.579139128961193,,
Shan,2017,Groundnut(Rain),105005,105000,61543,304701296.0,21.52,759.17,63340000000.0,Acrisols / Ferralsols / Red Earth,Rainy,Rainfed,77.24,0.586123809523809,,
Shan,2018,Groundnut(Rain),98538,98455,56483,380230690.0,21.16,624.01,67150000000.0,Acrisols / Ferralsols / Red Earth,Rainy,Rainfed,75.68,0.573693565588339,,
Shan,2019,Groundnut(Rain),99062,99062,57144,413574673.8,21.87,584.23,68700000000.0,Acrisols / Ferralsols / Red Earth,Rainy,Rainfed,75.07,0.576850861076901,,
Shan,2020,Groundnut(Rain),98731,98731,57582,391351453.3,21.56,626.15,78930000000.0,Acrisols / Ferralsols / Red Earth,Rainy,Rainfed,75.63,0.583221075447427,,
Shan,2021,Groundnut(Rain),102981,102937,58444,388899650.8,21.67,658.43,65120000000.0,Acrisols / Ferralsols / Red Earth,Rainy,Rainfed,76.0,0.567764749312686,,
Shan,2022,Groundnut(Rain),102136,102136,57862,586761617.0,21.33,803.12,62240000000.0,Acrisols / Ferralsols / Red Earth,Rainy,Rainfed,77.8,0.566519150936006,,
Shan,2023,Groundnut(Rain),99554,99551,57785,586702652.6,22.07,653.29,64800000000.0,Acrisols / Ferralsols / Red Earth,Rainy,Rainfed,75.87,0.580456248556016,,
Ayeyarwady,2012,Groundnut(Rain),19026,19026,11725,243967785.0,27.73,892.99,59920000000.0,Fluvisols / Gleysols / Alluvial,Rainy,Rainfed,77.72,0.61626195732156,,
Ayeyarwady,2013,Groundnut(Rain),19005,19005,11803,199816069.0,27.91,705.85,63260000000.0,Fluvisols / Gleysols / Alluvial,Rainy,Rainfed,75.45,0.621047092870297,,
Ayeyarwady,2014,Groundnut(Rain),19295,19295,11887,267590796.3,28.21,606.23,67459999999.9999,Fluvisols / Gleysols / Alluvial,Rainy,Rainfed,74.2,0.616066338429645,,
Ayeyarwady,2015,Groundnut(Rain),19260,19042,11759,238665203.2,28.19,737.44,62720000000.0,Fluvisols / Gleysols / Alluvial,Rainy,Rainfed,75.78,0.617529671253019,,
Ayeyarwady,2016,Groundnut(Rain),19209,19209,11893,314946615.9,28.14,712.5,60120000000.0,Fluvisols / Gleysols / Alluvial,Rainy,Rainfed,75.48,0.619136862928835,,
Ayeyarwady,2017,Groundnut(Rain),18093,18030,11188,304701296.0,28.04,819.64,63340000000.0,Fluvisols / Gleysols / Alluvial,Rainy,Rainfed,76.79,0.620521353300055,,
Ayeyarwady,2018,Groundnut(Rain),18111,18111,11230,380230690.0,27.76,972.0,67150000000.0,Fluvisols / Gleysols / Alluvial,Rainy,Rainfed,78.67,0.620065153773949,,
Ayeyarwady,2019,Groundnut(Rain),18067,18067,11314,413574673.8,28.38,776.06,68700000000.0,Fluvisols / Gleysols / Alluvial,Rainy,Rainfed,76.2,0.626224608402059,,
Ayeyarwady,2020,Groundnut(Rain),17657,17657,11059,391351453.3,28.37,575.94,78930000000.0,Fluvisols / Gleysols / Alluvial,Rainy,Rainfed,73.8,0.626323837571501,,
Ayeyarwady,2021,Groundnut(Rain),17544,17544,10993,388899650.8,27.92,960.87,65120000000.0,Fluvisols / Gleysols / Alluvial,Rainy,Rainfed,78.5,0.626595987232102,,
Ayeyarwady,2022,Groundnut(Rain),16358,16358,10235,586761617.0,27.91,944.56,62240000000.0,Fluvisols / Gleysols / Alluvial,Rainy,Rainfed,78.31,0.62568773688715,,
Ayeyarwady,2023,Groundnut(Rain),16542,16542,11916,586702652.6,28.36,837.63,64800000000.0,Fluvisols / Gleysols / Alluvial,Rainy,Rainfed,76.95,0.720348204570185,,
Nay Pyi Taw,2012,Groundnut(Rain),19912,19912,10581,243967785.0,25.41,942.84,59920000000.0,Cambisols / Fluvisols / Loam,Rainy,Rainfed,78.74,0.531388107673764,,
Nay Pyi Taw,2013,Groundnut(Rain),23121,23121,12671,199816069.0,25.88,775.78,63260000000.0,Cambisols / Fluvisols / Loam,Rainy,Rainfed,76.65,0.548029929501319,,
Nay Pyi Taw,2014,Groundnut(Rain),22897,22890,12713,267590796.3,26.38,617.16,67459999999.9999,Cambisols / Fluvisols / Loam,Rainy,Rainfed,74.66,0.555395369156837,,
Nay Pyi Taw,2015,Groundnut(Rain),22784,22784,12888,238665203.2,26.35,678.38,62720000000.0,Cambisols / Fluvisols / Loam,Rainy,Rainfed,75.4,0.56566011235955,,
Nay Pyi Taw,2016,Groundnut(Rain),22299,22296,12566,314946615.9,26.23,754.74,60120000000.0,Cambisols / Fluvisols / Loam,Rainy,Rainfed,76.34,0.563598851811984,,
Nay Pyi Taw,2017,Groundnut(Rain),23235,23235,13014,304701296.0,26.08,972.17,63340000000.0,Cambisols / Fluvisols / Loam,Rainy,Rainfed,78.97,0.560103292446739,,
Nay Pyi Taw,2018,Groundnut(Rain),22769,22769,12663,380230690.0,25.73,812.09,67150000000.0,Cambisols / Fluvisols / Loam,Rainy,Rainfed,77.11,0.556150906934867,,
Nay Pyi Taw,2019,Groundnut(Rain),24129,24129,13666,413574673.8,26.57,787.91,68700000000.0,Cambisols / Fluvisols / Loam,Rainy,Rainfed,76.67,0.566372414936383,,
Nay Pyi Taw,2020,Groundnut(Rain),20464,20449,11411,391351453.3,26.28,762.33,78930000000.0,Cambisols / Fluvisols / Loam,Rainy,Rainfed,76.42,0.558022397183236,,
Nay Pyi Taw,2021,Groundnut(Rain),27028,27017,15114,388899650.8,26.24,851.96,65120000000.0,Cambisols / Fluvisols / Loam,Rainy,Rainfed,77.5,0.559425546877891,,
Nay Pyi Taw,2022,Groundnut(Rain),28695,28688,16084,586761617.0,25.96,1027.18,62240000000.0,Cambisols / Fluvisols / Loam,Rainy,Rainfed,79.65,0.560652537646402,,
Nay Pyi Taw,2023,Groundnut(Rain),33004,32985,18753,586702652.6,26.62,853.39,64800000000.0,Cambisols / Fluvisols / Loam,Rainy,Rainfed,77.45,0.568531150522965,,
Kachin,2012,Groundnut(Winter),32370,32370,19662,243967785.0,23.38,914.61,59920000000.0,Acrisols / Red-Brown Lateritic,Winter,Irrigation,78.77,0.607414272474513,,
Kachin,2013,Groundnut(Winter),29237,29237,17898,199816069.0,23.62,939.94,63260000000.0,Acrisols / Red-Brown Lateritic,Winter,Irrigation,79.03,0.612169511235762,,
Kachin,2014,Groundnut(Winter),28137,28137,17295,267590796.3,24.01,833.48,67459999999.9999,Acrisols / Red-Brown Lateritic,Winter,Irrigation,77.68,0.614671073675231,,
Kachin,2015,Groundnut(Winter),28423,28432,17538,238665203.2,23.27,1005.47,62720000000.0,Acrisols / Red-Brown Lateritic,Winter,Irrigation,79.88,0.616840180078784,,
Kachin,2016,Groundnut(Winter),28080,28080,17537,314946615.9,23.17,1224.63,60120000000.0,Acrisols / Red-Brown Lateritic,Winter,Irrigation,82.52,0.624537037037037,,
Kachin,2017,Groundnut(Winter),24486,24486,15423,304701296.0,23.28,1125.21,63340000000.0,Acrisols / Red-Brown Lateritic,Winter,Irrigation,81.31,0.629870129870129,,
Kachin,2018,Groundnut(Winter),26160,26160,16514,380230690.0,22.85,1162.0,67150000000.0,Acrisols / Red-Brown Lateritic,Winter,Irrigation,81.83,0.631269113149847,,
Kachin,2019,Groundnut(Winter),26686,26686,16886,413574673.8,23.49,1042.44,68700000000.0,Acrisols / Red-Brown Lateritic,Winter,Irrigation,80.28,0.632766244472757,,
Kachin,2020,Groundnut(Winter),29954,29954,19135,391351453.3,22.87,1329.91,78930000000.0,Acrisols / Red-Brown Lateritic,Winter,Irrigation,83.84,0.638812846364425,,
Kachin,2021,Groundnut(Winter),28841,28841,18282,388899650.8,23.65,1005.31,65120000000.0,Acrisols / Red-Brown Lateritic,Winter,Irrigation,79.81,0.633889254880205,,
Kachin,2022,Groundnut(Winter),31412,31412,19927,586761617.0,22.99,1256.07,62240000000.0,Acrisols / Red-Brown Lateritic,Winter,Irrigation,82.93,0.634375397937094,,
Kachin,2023,Groundnut(Winter),31766,31766,20157,586702652.6,23.84,1183.85,64800000000.0,Acrisols / Red-Brown Lateritic,Winter,Irrigation,81.91,0.63454637033306,,
Kayah,2012,Groundnut(Winter),2620,2620,1409,243967785.0,22.51,1604.82,59920000000.0,Luvisols / Red Earth,Winter,Irrigation,87.21,0.537786259541984,,
Kayah,2013,Groundnut(Winter),2590,2590,1415,199816069.0,22.71,1317.07,63260000000.0,Luvisols / Red Earth,Winter,Irrigation,83.72,0.546332046332046,,
Kayah,2014,Groundnut(Winter),2261,2261,1234,267590796.3,23.02,1089.18,67459999999.9999,Luvisols / Red Earth,Winter,Irrigation,80.93,0.545776205218929,,
Kayah,2015,Groundnut(Winter),1975,1975,1078,238665203.2,23.36,1113.03,62720000000.0,Luvisols / Red Earth,Winter,Irrigation,81.15,0.545822784810126,,
Kayah,2016,Groundnut(Winter),2162,2162,1177,314946615.9,23.41,1222.88,60120000000.0,Luvisols / Red Earth,Winter,Irrigation,82.46,0.544403330249768,,
Kayah,2017,Groundnut(Winter),1577,1577,874,304701296.0,23.16,1567.54,63340000000.0,Luvisols / Red Earth,Winter,Irrigation,86.64,0.554216867469879,,
Kayah,2018,Groundnut(Winter),1476,1476,816,380230690.0,22.69,1316.55,67150000000.0,Luvisols / Red Earth,Winter,Irrigation,83.71,0.552845528455284,,
Kayah,2019,Groundnut(Winter),1505,1505,835,413574673.8,23.24,1282.79,68700000000.0,Luvisols / Red Earth,Winter,Irrigation,83.21,0.554817275747508,,
Kayah,2020,Groundnut(Winter),1306,1306,724,391351453.3,23.16,1222.66,78930000000.0,Luvisols / Red Earth,Winter,Irrigation,82.5,0.554364471669219,,
Kayah,2021,Groundnut(Winter),992,992,551,388899650.8,23.01,1440.62,65120000000.0,Luvisols / Red Earth,Winter,Irrigation,85.15,0.555443548387096,,
Kayah,2022,Groundnut(Winter),2232,2232,1245,586761617.0,22.94,1814.13,62240000000.0,Luvisols / Red Earth,Winter,Irrigation,89.64,0.557795698924731,,
Kayah,2023,Groundnut(Winter),255,255,142,586702652.6,23.4,1417.46,64800000000.0,Luvisols / Red Earth,Winter,Irrigation,84.8,0.556862745098039,,
Kayin,2012,Groundnut(Winter),29590,29590,25164,243967785.0,26.77,2467.92,59920000000.0,Fluvisols / Gleysols / Alluvial,Winter,Irrigation,93.0,0.850422440013518,,
Kayin,2013,Groundnut(Winter),30161,30161,25667,199816069.0,26.67,2022.51,63260000000.0,Fluvisols / Gleysols / Alluvial,Winter,Irrigation,91.47,0.850999635290607,,
Kayin,2014,Groundnut(Winter),30604,30604,26072,267590796.3,26.61,1604.54,67459999999.9999,Fluvisols / Gleysols / Alluvial,Winter,Irrigation,86.46,0.851914782381388,,
Kayin,2015,Groundnut(Winter),30749,30749,26202,238665203.2,26.97,1981.43,62720000000.0,Fluvisols / Gleysols / Alluvial,Winter,Irrigation,90.92,0.852125272366581,,
Kayin,2016,Groundnut(Winter),31038,31038,26584,314946615.9,26.89,1804.66,60120000000.0,Fluvisols / Gleysols / Alluvial,Winter,Irrigation,88.82,0.856498485727173,,
Kayin,2017,Groundnut(Winter),30940,30940,26655,304701296.0,26.65,2185.47,63340000000.0,Fluvisols / Gleysols / Alluvial,Winter,Irrigation,93.0,0.861506140917905,,
Kayin,2018,Groundnut(Winter),31297,31297,27080,380230690.0,26.73,2484.66,67150000000.0,Fluvisols / Gleysols / Alluvial,Winter,Irrigation,93.0,0.865258650988912,,
Kayin,2019,Groundnut(Winter),31266,31266,24605,413574673.8,26.95,2087.25,68700000000.0,Fluvisols / Gleysols / Alluvial,Winter,Irrigation,92.2,0.786957077976076,,
Kayin,2020,Groundnut(Winter),31312,31312,24687,391351453.3,27.12,1531.95,78930000000.0,Fluvisols / Gleysols / Alluvial,Winter,Irrigation,85.5,0.78841977516607,,
Kayin,2021,Groundnut(Winter),31480,31480,24784,388899650.8,26.67,2969.17,65120000000.0,Fluvisols / Gleysols / Alluvial,Winter,Irrigation,93.0,0.787293519695044,,
Kayin,2022,Groundnut(Winter),30190,30190,23664,586761617.0,26.62,2622.64,62240000000.0,Fluvisols / Gleysols / Alluvial,Winter,Irrigation,93.0,0.78383570718781,,
Kayin,2023,Groundnut(Winter),30729,30729,24120,586702652.6,26.96,2436.25,64800000000.0,Fluvisols / Gleysols / Alluvial,Winter,Irrigation,93.0,0.784926291125646,,
Chin,2012,Groundnut(Winter),2677,2677,1359,243967785.0,22.62,716.7,59920000000.0,Cambisols / Mountainous Soil,Winter,Irrigation,76.53,0.507657825924542,,
Chin,2013,Groundnut(Winter),2996,2996,1523,199816069.0,22.48,814.73,63260000000.0,Cambisols / Mountainous Soil,Winter,Irrigation,77.73,0.508344459279038,,
Chin,2014,Groundnut(Winter),3032,3032,1546,267590796.3,22.97,716.65,67459999999.9999,Cambisols / Mountainous Soil,Winter,Irrigation,76.47,0.509894459102902,,
Chin,2015,Groundnut(Winter),3018,3018,1541,238665203.2,22.61,913.76,62720000000.0,Cambisols / Mountainous Soil,Winter,Irrigation,78.9,0.510603048376408,,
Chin,2016,Groundnut(Winter),2922,2922,1500,314946615.9,22.87,965.57,60120000000.0,Cambisols / Mountainous Soil,Winter,Irrigation,79.47,0.513347022587268,,
Chin,2017,Groundnut(Winter),2909,2909,1491,304701296.0,22.26,1578.85,63340000000.0,Cambisols / Mountainous Soil,Winter,Irrigation,86.94,0.512547267102097,,
Chin,2018,Groundnut(Winter),3009,3009,1420,380230690.0,21.95,1160.88,67150000000.0,Cambisols / Mountainous Soil,Winter,Irrigation,81.98,0.471917580591558,,
Chin,2019,Groundnut(Winter),3003,3003,1413,413574673.8,22.53,1254.78,68700000000.0,Cambisols / Mountainous Soil,Winter,Irrigation,83.0,0.47052947052947,,
Chin,2020,Groundnut(Winter),2307,2307,1084,391351453.3,22.26,1038.88,78930000000.0,Cambisols / Mountainous Soil,Winter,Irrigation,80.46,0.469874295622019,,
Chin,2021,Groundnut(Winter),2254,2184,1024,388899650.8,22.92,753.21,65120000000.0,Cambisols / Mountainous Soil,Winter,Irrigation,76.91,0.468864468864468,,
Chin,2022,Groundnut(Winter),2275,2275,946,586761617.0,22.64,714.38,62240000000.0,Cambisols / Mountainous Soil,Winter,Irrigation,76.5,0.415824175824175,,
Chin,2023,Groundnut(Winter),2400,2400,1108,586702652.6,23.13,770.15,64800000000.0,Cambisols / Mountainous Soil,Winter,Irrigation,77.08,0.461666666666666,,
Sagaing,2012,Groundnut(Winter),476405,476395,348760,243967785.0,28.48,302.6,59920000000.0,Luvisols / Cambisols / Savanna,Winter,Irrigation,70.5,0.73208157096527,,
Sagaing,2013,Groundnut(Winter),467359,467324,347904,199816069.0,28.47,362.75,63260000000.0,Luvisols / Cambisols / Savanna,Winter,Irrigation,71.23,0.74445994641833,,
Sagaing,2014,Groundnut(Winter),477353,477353,357964,267590796.3,29.02,272.71,67459999999.9999,Luvisols / Cambisols / Savanna,Winter,Irrigation,70.05,0.749893684547913,,
Sagaing,2015,Groundnut(Winter),485688,479050,368472,238665203.2,28.54,378.91,62720000000.0,Luvisols / Cambisols / Savanna,Winter,Irrigation,71.41,0.769172320217096,,
Sagaing,2016,Groundnut(Winter),498431,498420,384943,314946615.9,28.61,466.45,60120000000.0,Luvisols / Cambisols / Savanna,Winter,Irrigation,72.45,0.772326551904016,,
Sagaing,2017,Groundnut(Winter),524341,524340,390906,304701296.0,28.07,637.58,63340000000.0,Luvisols / Cambisols / Savanna,Winter,Irrigation,74.6,0.745520082389289,,
Sagaing,2018,Groundnut(Winter),531345,531336,401733,380230690.0,27.88,475.8,67150000000.0,Luvisols / Cambisols / Savanna,Winter,Irrigation,72.69,0.75608089796287,,
Sagaing,2019,Groundnut(Winter),542914,542902,404829,413574673.8,28.67,477.22,68700000000.0,Luvisols / Cambisols / Savanna,Winter,Irrigation,72.57,0.745676015192428,,
Sagaing,2020,Groundnut(Winter),558596,557962,412187,391351453.3,28.0,552.96,78930000000.0,Luvisols / Cambisols / Savanna,Winter,Irrigation,73.6,0.738736688161559,,
Sagaing,2021,Groundnut(Winter),577560,577560,429646,388899650.8,29.14,338.14,65120000000.0,Luvisols / Cambisols / Savanna,Winter,Irrigation,70.81,0.74389846942309,,
Sagaing,2022,Groundnut(Winter),573082,573082,421227,586761617.0,28.78,375.7,62240000000.0,Luvisols / Cambisols / Savanna,Winter,Irrigation,71.33,0.735020468275046,,
Sagaing,2023,Groundnut(Winter),574543,574543,423175,586702652.6,29.19,387.79,64800000000.0,Luvisols / Cambisols / Savanna,Winter,Irrigation,71.4,0.736541912441714,,
Tanintharyi,2012,Groundnut(Winter),32,32,13,243967785.0,26.24,2388.49,59920000000.0,Ferralsols / Plinthosols / Lateritic,Winter,Irrigation,93.0,0.40625,,
Tanintharyi,2013,Groundnut(Winter),30,30,12,199816069.0,25.94,2304.57,63260000000.0,Ferralsols / Plinthosols / Lateritic,Winter,Irrigation,93.0,0.4,,
Tanintharyi,2014,Groundnut(Winter),23,23,10,267590796.3,25.99,1706.05,67459999999.9999,Ferralsols / Plinthosols / Lateritic,Winter,Irrigation,87.79,0.434782608695652,,
Tanintharyi,2015,Groundnut(Winter),0,0,0,238665203.2,26.43,1914.37,62720000000.0,Ferralsols / Plinthosols / Lateritic,Winter,Irrigation,90.22,0.0,,
Tanintharyi,2016,Groundnut(Winter),0,0,0,314946615.9,26.3,1870.73,60120000000.0,Ferralsols / Plinthosols / Lateritic,Winter,Irrigation,89.71,0.0,,
Tanintharyi,2017,Groundnut(Winter),1,1,0,304701296.0,26.08,2485.72,63340000000.0,Ferralsols / Plinthosols / Lateritic,Winter,Irrigation,93.0,0.0,,
Tanintharyi,2018,Groundnut(Winter),2,2,1,380230690.0,26.23,2273.98,67150000000.0,Ferralsols / Plinthosols / Lateritic,Winter,Irrigation,93.0,0.5,,
Tanintharyi,2019,Groundnut(Winter),2,2,1,413574673.8,26.44,1846.93,68700000000.0,Ferralsols / Plinthosols / Lateritic,Winter,Irrigation,89.4,0.5,,
Tanintharyi,2020,Groundnut(Winter),2,2,1,391351453.3,26.42,2375.71,78930000000.0,Ferralsols / Plinthosols / Lateritic,Winter,Irrigation,93.0,0.5,,
Tanintharyi,2021,Groundnut(Winter),2,2,1,388899650.8,25.97,2896.94,65120000000.0,Ferralsols / Plinthosols / Lateritic,Winter,Irrigation,93.0,0.5,,
Tanintharyi,2022,Groundnut(Winter),0,0,0,586761617.0,26.08,2726.62,62240000000.0,Ferralsols / Plinthosols / Lateritic,Winter,Irrigation,93.0,0.0,,
Tanintharyi,2023,Groundnut(Winter),0,0,0,586702652.6,26.46,2318.19,64800000000.0,Ferralsols / Plinthosols / Lateritic,Winter,Irrigation,93.0,0.0,,
Bago,2012,Groundnut(Winter),134745,134745,97950,243967785.0,27.33,1519.25,59920000000.0,Fluvisols / Gleysols / Alluvial,Winter,Irrigation,85.31,0.726928642992318,,
Bago,2013,Groundnut(Winter),136742,136742,99619,199816069.0,27.57,1187.91,63260000000.0,Fluvisols / Gleysols / Alluvial,Winter,Irrigation,81.29,0.72851793889222,,
Bago,2014,Groundnut(Winter),136652,136652,99856,267590796.3,27.57,1054.41,67459999999.9999,Fluvisols / Gleysols / Alluvial,Winter,Irrigation,79.69,0.730732078564528,,
Bago,2015,Groundnut(Winter),135291,135291,99228,238665203.2,27.77,1256.33,62720000000.0,Fluvisols / Gleysols / Alluvial,Winter,Irrigation,82.08,0.73344124886356,,
Bago,2016,Groundnut(Winter),126098,126098,93158,314946615.9,27.71,1212.7,60120000000.0,Fluvisols / Gleysols / Alluvial,Winter,Irrigation,81.56,0.738774603879522,,
Bago,2017,Groundnut(Winter),138016,138016,102196,304701296.0,27.49,1498.81,63340000000.0,Fluvisols / Gleysols / Alluvial,Winter,Irrigation,85.04,0.740464873637839,,
Bago,2018,Groundnut(Winter),126534,126534,93943,380230690.0,27.43,1690.27,67150000000.0,Fluvisols / Gleysols / Alluvial,Winter,Irrigation,87.35,0.742432863894289,,
Bago,2019,Groundnut(Winter),119820,119820,89040,413574673.8,28.09,1236.72,68700000000.0,Fluvisols / Gleysols / Alluvial,Winter,Irrigation,81.78,0.743114672008012,,
Bago,2020,Groundnut(Winter),118736,118736,88394,391351453.3,28.01,1004.02,78930000000.0,Fluvisols / Gleysols / Alluvial,Winter,Irrigation,79.01,0.744458294030454,,
Bago,2021,Groundnut(Winter),124934,124934,92956,388899650.8,27.31,1749.84,65120000000.0,Fluvisols / Gleysols / Alluvial,Winter,Irrigation,88.08,0.744040853570685,,
Bago,2022,Groundnut(Winter),128791,128779,97105,586761617.0,27.34,1789.55,62240000000.0,Fluvisols / Gleysols / Alluvial,Winter,Irrigation,88.55,0.754043749369074,,
Bago,2023,Groundnut(Winter),176961,176961,158387,586702652.6,28.01,1574.66,64800000000.0,Fluvisols / Gleysols / Alluvial,Winter,Irrigation,85.85,0.895039019897039,,
Magway,2012,Groundnut(Winter),149291,149291,117725,243967785.0,26.79,898.02,59920000000.0,Regosols / Luvisols / Sandy Savanna,Winter,Irrigation,77.95,0.788560596419074,,
Magway,2013,Groundnut(Winter),152141,152141,120734,199816069.0,26.96,878.15,63260000000.0,Regosols / Luvisols / Sandy Savanna,Winter,Irrigation,77.68,0.793566494238896,,
Magway,2014,Groundnut(Winter),155001,155001,123144,267590796.3,27.42,770.86,67459999999.9999,Regosols / Luvisols / Sandy Savanna,Winter,Irrigation,76.31,0.794472293727137,,
Magway,2015,Groundnut(Winter),156438,156438,124382,238665203.2,27.31,734.05,62720000000.0,Regosols / Luvisols / Sandy Savanna,Winter,Irrigation,75.89,0.795088149937994,,
Magway,2016,Groundnut(Winter),157208,157115,124084,314946615.9,27.18,941.74,60120000000.0,Regosols / Luvisols / Sandy Savanna,Winter,Irrigation,78.41,0.789765458422174,,
Magway,2017,Groundnut(Winter),126454,126409,81576,304701296.0,27.02,1107.58,63340000000.0,Regosols / Luvisols / Sandy Savanna,Winter,Irrigation,80.43,0.645333797435309,,
Magway,2018,Groundnut(Winter),111179,111158,69628,380230690.0,26.75,839.14,67150000000.0,Regosols / Luvisols / Sandy Savanna,Winter,Irrigation,77.25,0.62638766440562,,
Magway,2019,Groundnut(Winter),116975,116975,69451,413574673.8,27.7,769.91,68700000000.0,Regosols / Luvisols / Sandy Savanna,Winter,Irrigation,76.25,0.593725154947638,,
Magway,2020,Groundnut(Winter),107738,107621,61056,391351453.3,27.15,822.19,78930000000.0,Regosols / Luvisols / Sandy Savanna,Winter,Irrigation,76.98,0.567324221109263,,
Magway,2021,Groundnut(Winter),108149,108128,63299,388899650.8,27.77,689.55,65120000000.0,Regosols / Luvisols / Sandy Savanna,Winter,Irrigation,75.28,0.585408034921574,,
Magway,2022,Groundnut(Winter),137606,137606,82980,586761617.0,27.6,729.42,62240000000.0,Regosols / Luvisols / Sandy Savanna,Winter,Irrigation,75.79,0.603026030841678,,
Magway,2023,Groundnut(Winter),152547,152547,96383,586702652.6,28.03,696.9,64800000000.0,Regosols / Luvisols / Sandy Savanna,Winter,Irrigation,75.32,0.631824945754423,,
Mandalay,2012,Groundnut(Winter),110719,110569,68312,243967785.0,27.22,338.39,59920000000.0,Luvisols / Cambisols / Savanna,Winter,Irrigation,71.16,0.617822355271369,,
Mandalay,2013,Groundnut(Winter),118050,118050,71848,199816069.0,27.39,350.66,63260000000.0,Luvisols / Cambisols / Savanna,Winter,Irrigation,71.28,0.608623464633629,,
Mandalay,2014,Groundnut(Winter),120862,120828,74602,267590796.3,27.89,270.44,67459999999.9999,Luvisols / Cambisols / Savanna,Winter,Irrigation,70.23,0.617423113847783,,
Mandalay,2015,Groundnut(Winter),117932,117932,74175,238665203.2,27.41,376.48,62720000000.0,Luvisols / Cambisols / Savanna,Winter,Irrigation,71.58,0.62896414883153,,
Mandalay,2016,Groundnut(Winter),112579,112456,70106,314946615.9,27.59,376.98,60120000000.0,Luvisols / Cambisols / Savanna,Winter,Irrigation,71.56,0.62340826634417,,
Mandalay,2017,Groundnut(Winter),113654,113654,70924,304701296.0,27.37,461.76,63340000000.0,Luvisols / Cambisols / Savanna,Winter,Irrigation,72.61,0.6240343498689,,
Mandalay,2018,Groundnut(Winter),121283,121283,75823,380230690.0,27.03,394.62,67150000000.0,Luvisols / Cambisols / Savanna,Winter,Irrigation,71.87,0.625174179398596,,
Mandalay,2019,Groundnut(Winter),129106,129106,78455,413574673.8,27.69,414.37,68700000000.0,Luvisols / Cambisols / Savanna,Winter,Irrigation,71.99,0.607678961473517,,
Mandalay,2020,Groundnut(Winter),133436,133292,81704,391351453.3,27.18,470.39,78930000000.0,Luvisols / Cambisols / Savanna,Winter,Irrigation,72.75,0.612970020706419,,
Mandalay,2021,Groundnut(Winter),131196,131196,79897,388899650.8,27.8,383.44,65120000000.0,Luvisols / Cambisols / Savanna,Winter,Irrigation,71.6,0.608989603341565,,
Mandalay,2022,Groundnut(Winter),128297,128297,77572,586761617.0,27.53,425.89,62240000000.0,Luvisols / Cambisols / Savanna,Winter,Irrigation,72.16,0.604628323343492,,
Mandalay,2023,Groundnut(Winter),127780,127780,76445,586702652.6,28.02,431.5,64800000000.0,Luvisols / Cambisols / Savanna,Winter,Irrigation,72.13,0.598254812959774,,
Mon,2012,Groundnut(Winter),21764,21764,15290,243967785.0,27.89,2936.46,59920000000.0,Ferralsols / Gleysols / Lateritic,Winter,Irrigation,93.0,0.702536298474545,,
Mon,2013,Groundnut(Winter),22241,22241,16079,199816069.0,27.75,2472.26,63260000000.0,Ferralsols / Gleysols / Lateritic,Winter,Irrigation,93.0,0.722944112225169,,
Mon,2014,Groundnut(Winter),21741,21741,15109,267590796.3,27.71,1805.43,67459999999.9999,Ferralsols / Gleysols / Lateritic,Winter,Irrigation,88.68,0.694954233935881,,
Mon,2015,Groundnut(Winter),22563,22563,15547,238665203.2,27.96,2500.08,62720000000.0,Ferralsols / Gleysols / Lateritic,Winter,Irrigation,93.0,0.689048442139786,,
Mon,2016,Groundnut(Winter),21705,21705,14443,314946615.9,27.84,2247.31,60120000000.0,Ferralsols / Gleysols / Lateritic,Winter,Irrigation,93.0,0.665422713660446,,
Mon,2017,Groundnut(Winter),17289,17289,12296,304701296.0,27.68,2729.02,63340000000.0,Ferralsols / Gleysols / Lateritic,Winter,Irrigation,93.0,0.711203655503499,,
Mon,2018,Groundnut(Winter),17533,17533,12544,380230690.0,27.86,3263.34,67150000000.0,Ferralsols / Gleysols / Lateritic,Winter,Irrigation,93.0,0.715450864084868,,
Mon,2019,Groundnut(Winter),17396,17396,10692,413574673.8,28.11,2717.71,68700000000.0,Ferralsols / Gleysols / Lateritic,Winter,Irrigation,93.0,0.614624051506093,,
Mon,2020,Groundnut(Winter),15961,15961,10400,391351453.3,28.13,1897.4,78930000000.0,Ferralsols / Gleysols / Lateritic,Winter,Irrigation,89.71,0.651588246350479,,
Mon,2021,Groundnut(Winter),16631,16631,10648,388899650.8,27.71,3711.2,65120000000.0,Ferralsols / Gleysols / Lateritic,Winter,Irrigation,93.0,0.640250135289519,,
Mon,2022,Groundnut(Winter),17865,17865,11464,586761617.0,27.71,3270.72,62240000000.0,Ferralsols / Gleysols / Lateritic,Winter,Irrigation,93.0,0.641701651273439,,
Mon,2023,Groundnut(Winter),18894,18894,13236,586702652.6,28.09,3075.98,64800000000.0,Ferralsols / Gleysols / Lateritic,Winter,Irrigation,93.0,0.70053985392188,,
Rakhine,2012,Groundnut(Winter),85558,85558,51493,243967785.0,26.54,2984.69,59920000000.0,Gleysols / Alluvial / Mountainous,Winter,Irrigation,93.0,0.601849038079431,,
Rakhine,2013,Groundnut(Winter),86662,86662,52374,199816069.0,26.5,3116.99,63260000000.0,Gleysols / Alluvial / Mountainous,Winter,Irrigation,93.0,0.604347926426807,,
Rakhine,2014,Groundnut(Winter),83867,83867,50423,267590796.3,26.74,2952.75,67459999999.9999,Gleysols / Alluvial / Mountainous,Winter,Irrigation,93.0,0.60122575029511,,
Rakhine,2015,Groundnut(Winter),85552,85552,49910,238665203.2,26.5,8475.24,62720000000.0,Gleysols / Alluvial / Mountainous,Winter,Irrigation,93.0,0.583387881054797,,
Rakhine,2016,Groundnut(Winter),84171,84171,49160,314946615.9,26.76,10036.74,60120000000.0,Gleysols / Alluvial / Mountainous,Winter,Irrigation,93.0,0.584049138064178,,
Rakhine,2017,Groundnut(Winter),74478,74478,45111,304701296.0,26.66,7844.64,63340000000.0,Gleysols / Alluvial / Mountainous,Winter,Irrigation,93.0,0.605695641665995,,
Rakhine,2018,Groundnut(Winter),73841,73841,44563,380230690.0,26.17,7927.61,67150000000.0,Gleysols / Alluvial / Mountainous,Winter,Irrigation,93.0,0.603499410896385,,
Rakhine,2019,Groundnut(Winter),71875,71875,43100,413574673.8,26.66,8062.73,68700000000.0,Gleysols / Alluvial / Mountainous,Winter,Irrigation,93.0,0.599652173913043,,
Rakhine,2020,Groundnut(Winter),71940,71940,43613,391351453.3,26.49,7855.92,78930000000.0,Gleysols / Alluvial / Mountainous,Winter,Irrigation,93.0,0.606241312204615,,
Rakhine,2021,Groundnut(Winter),72099,72099,43418,388899650.8,26.93,5291.74,65120000000.0,Gleysols / Alluvial / Mountainous,Winter,Irrigation,93.0,0.602199753117241,,
Rakhine,2022,Groundnut(Winter),72365,72365,43790,586761617.0,26.66,5117.41,62240000000.0,Gleysols / Alluvial / Mountainous,Winter,Irrigation,93.0,0.605126787811787,,
Rakhine,2023,Groundnut(Winter),71294,71294,43084,586702652.6,26.9,5823.68,64800000000.0,Gleysols / Alluvial / Mountainous,Winter,Irrigation,93.0,0.604314528571829,,
Yangon,2012,Groundnut(Winter),7959,7959,4525,243967785.0,27.5,1871.61,59920000000.0,Fluvisols / Gleysols / Alluvial,Winter,Irrigation,89.51,0.568538761150898,,
Yangon,2013,Groundnut(Winter),8165,8165,4640,199816069.0,27.61,1492.96,63260000000.0,Fluvisols / Gleysols / Alluvial,Winter,Irrigation,84.95,0.568279240661359,,
Yangon,2014,Groundnut(Winter),7823,7823,4452,267590796.3,27.67,1241.48,67459999999.9999,Fluvisols / Gleysols / Alluvial,Winter,Irrigation,81.92,0.569091141505816,,
Yangon,2015,Groundnut(Winter),7445,7445,4186,238665203.2,27.86,1676.99,62720000000.0,Fluvisols / Gleysols / Alluvial,Winter,Irrigation,87.11,0.562256548018804,,
Yangon,2016,Groundnut(Winter),4947,4947,2785,314946615.9,27.8,1521.79,60120000000.0,Fluvisols / Gleysols / Alluvial,Winter,Irrigation,85.26,0.562967455023246,,
Yangon,2017,Groundnut(Winter),3685,3685,2130,304701296.0,27.54,1863.36,63340000000.0,Fluvisols / Gleysols / Alluvial,Winter,Irrigation,89.4,0.578018995929443,,
Yangon,2018,Groundnut(Winter),3583,3583,2052,380230690.0,27.53,2226.31,67150000000.0,Fluvisols / Gleysols / Alluvial,Winter,Irrigation,93.0,0.572704437622104,,
Yangon,2019,Groundnut(Winter),3507,3507,2011,413574673.8,28.09,1694.52,68700000000.0,Fluvisols / Gleysols / Alluvial,Winter,Irrigation,87.28,0.573424579412603,,
Yangon,2020,Groundnut(Winter),3718,3718,2112,391351453.3,28.05,1262.54,78930000000.0,Fluvisols / Gleysols / Alluvial,Winter,Irrigation,82.1,0.568047337278106,,
Yangon,2021,Groundnut(Winter),3250,3250,1800,388899650.8,27.4,2360.45,65120000000.0,Fluvisols / Gleysols / Alluvial,Winter,Irrigation,93.0,0.553846153846153,,
Yangon,2022,Groundnut(Winter),2799,2799,1592,586761617.0,27.36,2242.28,62240000000.0,Fluvisols / Gleysols / Alluvial,Winter,Irrigation,93.0,0.568774562343694,,
Yangon,2023,Groundnut(Winter),4932,4932,2778,586702652.6,28.02,2034.25,64800000000.0,Fluvisols / Gleysols / Alluvial,Winter,Irrigation,91.37,0.563260340632603,,
Shan,2012,Groundnut(Winter),23769,23769,14328,243967785.0,21.06,671.3,59920000000.0,Acrisols / Ferralsols / Red Earth,Winter,Irrigation,76.26,0.602801968951154,,
Shan,2013,Groundnut(Winter),22909,22909,13815,199816069.0,21.38,594.52,63260000000.0,Acrisols / Ferralsols / Red Earth,Winter,Irrigation,75.29,0.603038107294076,,
Shan,2014,Groundnut(Winter),22576,22576,13667,267590796.3,21.82,438.2,67459999999.9999,Acrisols / Ferralsols / Red Earth,Winter,Irrigation,73.33,0.605377391920623,,
Shan,2015,Groundnut(Winter),23070,23070,14334,238665203.2,21.68,533.62,62720000000.0,Acrisols / Ferralsols / Red Earth,Winter,Irrigation,74.5,0.621326397919375,,
Shan,2016,Groundnut(Winter),22737,22737,14061,314946615.9,21.69,570.05,60120000000.0,Acrisols / Ferralsols / Red Earth,Winter,Irrigation,74.94,0.618419316532524,,
Shan,2017,Groundnut(Winter),21739,21739,13112,304701296.0,21.52,759.17,63340000000.0,Acrisols / Ferralsols / Red Earth,Winter,Irrigation,77.24,0.603155618933713,,
Shan,2018,Groundnut(Winter),21723,21723,13252,380230690.0,21.16,624.01,67150000000.0,Acrisols / Ferralsols / Red Earth,Winter,Irrigation,75.68,0.610044653132624,,
Shan,2019,Groundnut(Winter),21018,21018,12625,413574673.8,21.87,584.23,68700000000.0,Acrisols / Ferralsols / Red Earth,Winter,Irrigation,75.07,0.600675611380721,,
Shan,2020,Groundnut(Winter),20697,20697,12280,391351453.3,21.56,626.15,78930000000.0,Acrisols / Ferralsols / Red Earth,Winter,Irrigation,75.63,0.593322703773493,,
Shan,2021,Groundnut(Winter),20524,20524,12185,388899650.8,21.67,658.43,65120000000.0,Acrisols / Ferralsols / Red Earth,Winter,Irrigation,76.0,0.593695186123562,,
Shan,2022,Groundnut(Winter),20547,20547,12181,586761617.0,21.33,803.12,62240000000.0,Acrisols / Ferralsols / Red Earth,Winter,Irrigation,77.8,0.592835937119774,,
Shan,2023,Groundnut(Winter),21302,21302,12631,586702652.6,22.07,653.29,64800000000.0,Acrisols / Ferralsols / Red Earth,Winter,Irrigation,75.87,0.592949018871467,,
Ayeyarwady,2012,Groundnut(Winter),90509,90509,62690,243967785.0,27.73,892.99,59920000000.0,Fluvisols / Gleysols / Alluvial,Winter,Irrigation,77.72,0.69263830116342,,
Ayeyarwady,2013,Groundnut(Winter),93298,93298,64218,199816069.0,27.91,705.85,63260000000.0,Fluvisols / Gleysols / Alluvial,Winter,Irrigation,75.45,0.688310574717571,,
Ayeyarwady,2014,Groundnut(Winter),94100,94100,65232,267590796.3,28.21,606.23,67459999999.9999,Fluvisols / Gleysols / Alluvial,Winter,Irrigation,74.2,0.693219978746014,,
Ayeyarwady,2015,Groundnut(Winter),92274,92272,63331,238665203.2,28.19,737.44,62720000000.0,Fluvisols / Gleysols / Alluvial,Winter,Irrigation,75.78,0.686351222472689,,
Ayeyarwady,2016,Groundnut(Winter),86727,86727,59204,314946615.9,28.14,712.5,60120000000.0,Fluvisols / Gleysols / Alluvial,Winter,Irrigation,75.48,0.682647848997428,,
Ayeyarwady,2017,Groundnut(Winter),84794,84794,58055,304701296.0,28.04,819.64,63340000000.0,Fluvisols / Gleysols / Alluvial,Winter,Irrigation,76.79,0.684659291931032,,
Ayeyarwady,2018,Groundnut(Winter),80841,80810,55649,380230690.0,27.76,972.0,67150000000.0,Fluvisols / Gleysols / Alluvial,Winter,Irrigation,78.67,0.688640019799529,,
Ayeyarwady,2019,Groundnut(Winter),80875,80875,55597,413574673.8,28.38,776.06,68700000000.0,Fluvisols / Gleysols / Alluvial,Winter,Irrigation,76.2,0.687443585780525,,
Ayeyarwady,2020,Groundnut(Winter),80431,80431,55335,391351453.3,28.37,575.94,78930000000.0,Fluvisols / Gleysols / Alluvial,Winter,Irrigation,73.8,0.68798100234984,,
Ayeyarwady,2021,Groundnut(Winter),82973,82973,57003,388899650.8,27.92,960.87,65120000000.0,Fluvisols / Gleysols / Alluvial,Winter,Irrigation,78.5,0.687006616610222,,
Ayeyarwady,2022,Groundnut(Winter),77621,77621,53431,586761617.0,27.91,944.56,62240000000.0,Fluvisols / Gleysols / Alluvial,Winter,Irrigation,78.31,0.688357532111155,,
Ayeyarwady,2023,Groundnut(Winter),68852,68852,49650,586702652.6,28.36,837.63,64800000000.0,Fluvisols / Gleysols / Alluvial,Winter,Irrigation,76.95,0.721111950270144,,
Nay Pyi Taw,2012,Groundnut(Winter),25016,25016,14793,243967785.0,25.41,942.84,59920000000.0,Cambisols / Fluvisols / Loam,Winter,Irrigation,78.74,0.591341541413495,,
Nay Pyi Taw,2013,Groundnut(Winter),25622,25622,15237,199816069.0,25.88,775.78,63260000000.0,Cambisols / Fluvisols / Loam,Winter,Irrigation,76.65,0.594684255717742,,
Nay Pyi Taw,2014,Groundnut(Winter),25656,25656,15291,267590796.3,26.38,617.16,67459999999.9999,Cambisols / Fluvisols / Loam,Winter,Irrigation,74.66,0.596000935453695,,
Nay Pyi Taw,2015,Groundnut(Winter),24943,24943,14868,238665203.2,26.35,678.38,62720000000.0,Cambisols / Fluvisols / Loam,Winter,Irrigation,75.4,0.596079060257386,,
Nay Pyi Taw,2016,Groundnut(Winter),25555,25267,15081,314946615.9,26.23,754.74,60120000000.0,Cambisols / Fluvisols / Loam,Winter,Irrigation,76.34,0.59686547670875,,
Nay Pyi Taw,2017,Groundnut(Winter),27232,27232,15833,304701296.0,26.08,972.17,63340000000.0,Cambisols / Fluvisols / Loam,Winter,Irrigation,78.97,0.581411574618096,,
Nay Pyi Taw,2018,Groundnut(Winter),28300,28300,16297,380230690.0,25.73,812.09,67150000000.0,Cambisols / Fluvisols / Loam,Winter,Irrigation,77.11,0.575865724381625,,
Nay Pyi Taw,2019,Groundnut(Winter),27902,27902,16232,413574673.8,26.57,787.91,68700000000.0,Cambisols / Fluvisols / Loam,Winter,Irrigation,76.67,0.581750412156834,,
Nay Pyi Taw,2020,Groundnut(Winter),31182,31182,18123,391351453.3,26.28,762.33,78930000000.0,Cambisols / Fluvisols / Loam,Winter,Irrigation,76.42,0.581200692707331,,
Nay Pyi Taw,2021,Groundnut(Winter),26506,26506,15540,388899650.8,26.24,851.96,65120000000.0,Cambisols / Fluvisols / Loam,Winter,Irrigation,77.5,0.586282351165773,,
Nay Pyi Taw,2022,Groundnut(Winter),25719,25719,15133,586761617.0,25.96,1027.18,62240000000.0,Cambisols / Fluvisols / Loam,Winter,Irrigation,79.65,0.58839768264707,,
Nay Pyi Taw,2023,Groundnut(Winter),27887,27827,16431,586702652.6,26.62,853.39,64800000000.0,Cambisols / Fluvisols / Loam,Winter,Irrigation,77.45,0.590469687713371,,
Kachin,2012,Sesamum(Early),4010,4010,907,243967785.0,23.38,914.61,59920000000.0,Acrisols / Red-Brown Lateritic,Rainy,Rainfed,78.77,0.226184538653366,,
Kachin,2013,Sesamum(Early),3703,3703,837,199816069.0,23.62,939.94,63260000000.0,Acrisols / Red-Brown Lateritic,Rainy,Rainfed,79.03,0.226032946259789,,
Kachin,2014,Sesamum(Early),3878,3878,886,267590796.3,24.01,833.48,67459999999.9999,Acrisols / Red-Brown Lateritic,Rainy,Rainfed,77.68,0.228468282619907,,
Kachin,2015,Sesamum(Early),3446,3446,797,238665203.2,23.27,1005.47,62720000000.0,Acrisols / Red-Brown Lateritic,Rainy,Rainfed,79.88,0.23128264654672,,
Kachin,2016,Sesamum(Early),3437,3437,797,314946615.9,23.17,1224.63,60120000000.0,Acrisols / Red-Brown Lateritic,Rainy,Rainfed,82.52,0.231888274658132,,
Kachin,2017,Sesamum(Early),2933,2933,635,304701296.0,23.28,1125.21,63340000000.0,Acrisols / Red-Brown Lateritic,Rainy,Rainfed,81.31,0.216501875213092,,
Kachin,2018,Sesamum(Early),3627,3627,899,380230690.0,22.85,1162.0,67150000000.0,Acrisols / Red-Brown Lateritic,Rainy,Rainfed,81.83,0.247863247863247,,
Kachin,2019,Sesamum(Early),4070,4059,1000,413574673.8,23.49,1042.44,68700000000.0,Acrisols / Red-Brown Lateritic,Rainy,Rainfed,80.28,0.246366100024636,,
Kachin,2020,Sesamum(Early),5897,4285,967,391351453.3,22.87,1329.91,78930000000.0,Acrisols / Red-Brown Lateritic,Rainy,Rainfed,83.84,0.225670945157526,,
Kachin,2021,Sesamum(Early),5111,5111,1209,388899650.8,23.65,1005.31,65120000000.0,Acrisols / Red-Brown Lateritic,Rainy,Rainfed,79.81,0.236548620622187,,
Kachin,2022,Sesamum(Early),5860,5860,1422,586761617.0,22.99,1256.07,62240000000.0,Acrisols / Red-Brown Lateritic,Rainy,Rainfed,82.93,0.242662116040955,,
Kachin,2023,Sesamum(Early),5654,5654,1367,586702652.6,23.84,1183.85,64800000000.0,Acrisols / Red-Brown Lateritic,Rainy,Rainfed,81.91,0.241775733993632,,
Kayah,2012,Sesamum(Early),18131,18131,4280,243967785.0,22.51,1604.82,59920000000.0,Luvisols / Red Earth,Rainy,Rainfed,87.21,0.236059787104958,,
Kayah,2013,Sesamum(Early),18234,17684,4219,199816069.0,22.71,1317.07,63260000000.0,Luvisols / Red Earth,Rainy,Rainfed,83.72,0.238577244967201,,
Kayah,2014,Sesamum(Early),19031,19031,4571,267590796.3,23.02,1089.18,67459999999.9999,Luvisols / Red Earth,Rainy,Rainfed,80.93,0.240187063212653,,
Kayah,2015,Sesamum(Early),18989,18989,4501,238665203.2,23.36,1113.03,62720000000.0,Luvisols / Red Earth,Rainy,Rainfed,81.15,0.23703196587498,,
Kayah,2016,Sesamum(Early),22644,22644,5368,314946615.9,23.41,1222.88,60120000000.0,Luvisols / Red Earth,Rainy,Rainfed,82.46,0.237060590001766,,
Kayah,2017,Sesamum(Early),23306,23306,5525,304701296.0,23.16,1567.54,63340000000.0,Luvisols / Red Earth,Rainy,Rainfed,86.64,0.237063417145799,,
Kayah,2018,Sesamum(Early),23240,23226,5759,380230690.0,22.69,1316.55,67150000000.0,Luvisols / Red Earth,Rainy,Rainfed,83.71,0.247954878153793,,
Kayah,2019,Sesamum(Early),25309,25300,6308,413574673.8,23.24,1282.79,68700000000.0,Luvisols / Red Earth,Rainy,Rainfed,83.21,0.249328063241106,,
Kayah,2020,Sesamum(Early),25829,25295,6056,391351453.3,23.16,1222.66,78930000000.0,Luvisols / Red Earth,Rainy,Rainfed,82.5,0.239414904131251,,
Kayah,2021,Sesamum(Early),25523,25512,6106,388899650.8,23.01,1440.62,65120000000.0,Luvisols / Red Earth,Rainy,Rainfed,85.15,0.239338350580119,,
Kayah,2022,Sesamum(Early),23397,23397,5769,586761617.0,22.94,1814.13,62240000000.0,Luvisols / Red Earth,Rainy,Rainfed,89.64,0.246570073086293,,
Kayah,2023,Sesamum(Early),24823,24823,6226,586702652.6,23.4,1417.46,64800000000.0,Luvisols / Red Earth,Rainy,Rainfed,84.8,0.250815775691898,,
Kayin,2012,Sesamum(Early),3428,3428,813,243967785.0,26.77,2467.92,59920000000.0,Fluvisols / Gleysols / Alluvial,Rainy,Rainfed,93.0,0.237164527421236,,
Kayin,2013,Sesamum(Early),3469,3469,845,199816069.0,26.67,2022.51,63260000000.0,Fluvisols / Gleysols / Alluvial,Rainy,Rainfed,91.47,0.243586047852407,,
Kayin,2014,Sesamum(Early),3473,3473,848,267590796.3,26.61,1604.54,67459999999.9999,Fluvisols / Gleysols / Alluvial,Rainy,Rainfed,86.46,0.244169306075439,,
Kayin,2015,Sesamum(Early),3519,3519,866,238665203.2,26.97,1981.43,62720000000.0,Fluvisols / Gleysols / Alluvial,Rainy,Rainfed,90.92,0.246092639954532,,
Kayin,2016,Sesamum(Early),3462,3462,858,314946615.9,26.89,1804.66,60120000000.0,Fluvisols / Gleysols / Alluvial,Rainy,Rainfed,88.82,0.247833622183708,,
Kayin,2017,Sesamum(Early),3338,3338,864,304701296.0,26.65,2185.47,63340000000.0,Fluvisols / Gleysols / Alluvial,Rainy,Rainfed,93.0,0.258837627321749,,
Kayin,2018,Sesamum(Early),3251,3251,848,380230690.0,26.73,2484.66,67150000000.0,Fluvisols / Gleysols / Alluvial,Rainy,Rainfed,93.0,0.260842817594586,,
Kayin,2019,Sesamum(Early),3419,3419,923,413574673.8,26.95,2087.25,68700000000.0,Fluvisols / Gleysols / Alluvial,Rainy,Rainfed,92.2,0.269961977186311,,
Kayin,2020,Sesamum(Early),3444,3444,928,391351453.3,27.12,1531.95,78930000000.0,Fluvisols / Gleysols / Alluvial,Rainy,Rainfed,85.5,0.269454123112659,,
Kayin,2021,Sesamum(Early),3362,3362,920,388899650.8,26.67,2969.17,65120000000.0,Fluvisols / Gleysols / Alluvial,Rainy,Rainfed,93.0,0.273646638905413,,
Kayin,2022,Sesamum(Early),3385,3385,926,586761617.0,26.62,2622.64,62240000000.0,Fluvisols / Gleysols / Alluvial,Rainy,Rainfed,93.0,0.273559822747415,,
Kayin,2023,Sesamum(Early),3638,3638,992,586702652.6,26.96,2436.25,64800000000.0,Fluvisols / Gleysols / Alluvial,Rainy,Rainfed,93.0,0.272677295217152,,
Chin,2012,Sesamum(Early),6922,6922,1282,243967785.0,22.62,716.7,59920000000.0,Cambisols / Mountainous Soil,Rainy,Rainfed,76.53,0.185206587691418,,
Chin,2013,Sesamum(Early),6567,6567,1233,199816069.0,22.48,814.73,63260000000.0,Cambisols / Mountainous Soil,Rainy,Rainfed,77.73,0.187756966651439,,
Chin,2014,Sesamum(Early),6511,6511,1225,267590796.3,22.97,716.65,67459999999.9999,Cambisols / Mountainous Soil,Rainy,Rainfed,76.47,0.188143142374443,,
Chin,2015,Sesamum(Early),5708,5688,1086,238665203.2,22.61,913.76,62720000000.0,Cambisols / Mountainous Soil,Rainy,Rainfed,78.9,0.190928270042194,,
Chin,2016,Sesamum(Early),5531,5531,1071,314946615.9,22.87,965.57,60120000000.0,Cambisols / Mountainous Soil,Rainy,Rainfed,79.47,0.193635870547821,,
Chin,2017,Sesamum(Early),5468,5468,1066,304701296.0,22.26,1578.85,63340000000.0,Cambisols / Mountainous Soil,Rainy,Rainfed,86.94,0.194952450621799,,
Chin,2018,Sesamum(Early),5396,5396,1052,380230690.0,21.95,1160.88,67150000000.0,Cambisols / Mountainous Soil,Rainy,Rainfed,81.98,0.194959229058561,,
Chin,2019,Sesamum(Early),5197,5197,1006,413574673.8,22.53,1254.78,68700000000.0,Cambisols / Mountainous Soil,Rainy,Rainfed,83.0,0.193573215316528,,
Chin,2020,Sesamum(Early),5060,5060,983,391351453.3,22.26,1038.88,78930000000.0,Cambisols / Mountainous Soil,Rainy,Rainfed,80.46,0.194268774703557,,
Chin,2021,Sesamum(Early),4980,4363,849,388899650.8,22.92,753.21,65120000000.0,Cambisols / Mountainous Soil,Rainy,Rainfed,76.91,0.194590877836351,,
Chin,2022,Sesamum(Early),4442,4442,867,586761617.0,22.64,714.38,62240000000.0,Cambisols / Mountainous Soil,Rainy,Rainfed,76.5,0.19518235029266,,
Chin,2023,Sesamum(Early),4422,4422,867,586702652.6,23.13,770.15,64800000000.0,Cambisols / Mountainous Soil,Rainy,Rainfed,77.08,0.196065128900949,,
Sagaing,2012,Sesamum(Early),422710,422710,65954,243967785.0,28.48,302.6,59920000000.0,Luvisols / Cambisols / Savanna,Rainy,Rainfed,70.5,0.156026590333798,,
Sagaing,2013,Sesamum(Early),443439,441254,69851,199816069.0,28.47,362.75,63260000000.0,Luvisols / Cambisols / Savanna,Rainy,Rainfed,71.23,0.158301114550802,,
Sagaing,2014,Sesamum(Early),454254,454081,73464,267590796.3,29.02,272.71,67459999999.9999,Luvisols / Cambisols / Savanna,Rainy,Rainfed,70.05,0.161786113050314,,
Sagaing,2015,Sesamum(Early),501759,488289,80398,238665203.2,28.54,378.91,62720000000.0,Luvisols / Cambisols / Savanna,Rainy,Rainfed,71.41,0.164652490635668,,
Sagaing,2016,Sesamum(Early),478213,470952,77899,314946615.9,28.61,466.45,60120000000.0,Luvisols / Cambisols / Savanna,Rainy,Rainfed,72.45,0.165407514990912,,
Sagaing,2017,Sesamum(Early),467563,466234,77690,304701296.0,28.07,637.58,63340000000.0,Luvisols / Cambisols / Savanna,Rainy,Rainfed,74.6,0.1666330640837,,
Sagaing,2018,Sesamum(Early),438524,435239,74037,380230690.0,27.88,475.8,67150000000.0,Luvisols / Cambisols / Savanna,Rainy,Rainfed,72.69,0.170106539165837,,
Sagaing,2019,Sesamum(Early),427146,426796,71944,413574673.8,28.67,477.22,68700000000.0,Luvisols / Cambisols / Savanna,Rainy,Rainfed,72.57,0.168567652930205,,
Sagaing,2020,Sesamum(Early),462603,461941,79802,391351453.3,28.0,552.96,78930000000.0,Luvisols / Cambisols / Savanna,Rainy,Rainfed,73.6,0.172753663346617,,
Sagaing,2021,Sesamum(Early),429472,429461,69434,388899650.8,29.14,338.14,65120000000.0,Luvisols / Cambisols / Savanna,Rainy,Rainfed,70.81,0.16167707894314,,
Sagaing,2022,Sesamum(Early),433324,433324,70794,586761617.0,28.78,375.7,62240000000.0,Luvisols / Cambisols / Savanna,Rainy,Rainfed,71.33,0.163374288061589,,
Sagaing,2023,Sesamum(Early),433364,433364,70920,586702652.6,29.19,387.79,64800000000.0,Luvisols / Cambisols / Savanna,Rainy,Rainfed,71.4,0.16364995707996,,
Tanintharyi,2012,Sesamum(Early),778,778,113,243967785.0,26.24,2388.49,59920000000.0,Ferralsols / Plinthosols / Lateritic,Rainy,Rainfed,93.0,0.145244215938303,,
Tanintharyi,2013,Sesamum(Early),729,729,108,199816069.0,25.94,2304.57,63260000000.0,Ferralsols / Plinthosols / Lateritic,Rainy,Rainfed,93.0,0.148148148148148,,
Tanintharyi,2014,Sesamum(Early),692,692,103,267590796.3,25.99,1706.05,67459999999.9999,Ferralsols / Plinthosols / Lateritic,Rainy,Rainfed,87.79,0.148843930635838,,
Tanintharyi,2015,Sesamum(Early),677,667,101,238665203.2,26.43,1914.37,62720000000.0,Ferralsols / Plinthosols / Lateritic,Rainy,Rainfed,90.22,0.151424287856071,,
Tanintharyi,2016,Sesamum(Early),637,637,97,314946615.9,26.3,1870.73,60120000000.0,Ferralsols / Plinthosols / Lateritic,Rainy,Rainfed,89.71,0.152276295133438,,
Tanintharyi,2017,Sesamum(Early),717,717,112,304701296.0,26.08,2485.72,63340000000.0,Ferralsols / Plinthosols / Lateritic,Rainy,Rainfed,93.0,0.156206415620641,,
Tanintharyi,2018,Sesamum(Early),649,649,101,380230690.0,26.23,2273.98,67150000000.0,Ferralsols / Plinthosols / Lateritic,Rainy,Rainfed,93.0,0.155624036979969,,
Tanintharyi,2019,Sesamum(Early),611,611,97,413574673.8,26.44,1846.93,68700000000.0,Ferralsols / Plinthosols / Lateritic,Rainy,Rainfed,89.4,0.158756137479541,,
Tanintharyi,2020,Sesamum(Early),636,636,103,391351453.3,26.42,2375.71,78930000000.0,Ferralsols / Plinthosols / Lateritic,Rainy,Rainfed,93.0,0.161949685534591,,
Tanintharyi,2021,Sesamum(Early),552,552,86,388899650.8,25.97,2896.94,65120000000.0,Ferralsols / Plinthosols / Lateritic,Rainy,Rainfed,93.0,0.155797101449275,,
Tanintharyi,2022,Sesamum(Early),590,590,94,586761617.0,26.08,2726.62,62240000000.0,Ferralsols / Plinthosols / Lateritic,Rainy,Rainfed,93.0,0.159322033898305,,
Tanintharyi,2023,Sesamum(Early),600,600,98,586702652.6,26.46,2318.19,64800000000.0,Ferralsols / Plinthosols / Lateritic,Rainy,Rainfed,93.0,0.163333333333333,,
Bago,2012,Sesamum(Early),118400,118199,28710,243967785.0,27.33,1519.25,59920000000.0,Fluvisols / Gleysols / Alluvial,Rainy,Rainfed,85.31,0.242895455968324,,
Bago,2013,Sesamum(Early),121592,121592,29898,199816069.0,27.57,1187.91,63260000000.0,Fluvisols / Gleysols / Alluvial,Rainy,Rainfed,81.29,0.24588788736101,,
Bago,2014,Sesamum(Early),121652,121652,30979,267590796.3,27.57,1054.41,67459999999.9999,Fluvisols / Gleysols / Alluvial,Rainy,Rainfed,79.69,0.254652615657777,,
Bago,2015,Sesamum(Early),124528,124120,31806,238665203.2,27.77,1256.33,62720000000.0,Fluvisols / Gleysols / Alluvial,Rainy,Rainfed,82.08,0.256252014179825,,
Bago,2016,Sesamum(Early),123971,118411,30502,314946615.9,27.71,1212.7,60120000000.0,Fluvisols / Gleysols / Alluvial,Rainy,Rainfed,81.56,0.257594311339318,,
Bago,2017,Sesamum(Early),127105,117579,30195,304701296.0,27.49,1498.81,63340000000.0,Fluvisols / Gleysols / Alluvial,Rainy,Rainfed,85.04,0.256806062307044,,
Bago,2018,Sesamum(Early),111113,109517,27215,380230690.0,27.43,1690.27,67150000000.0,Fluvisols / Gleysols / Alluvial,Rainy,Rainfed,87.35,0.248500232840563,,
Bago,2019,Sesamum(Early),108941,108295,27310,413574673.8,28.09,1236.72,68700000000.0,Fluvisols / Gleysols / Alluvial,Rainy,Rainfed,81.78,0.252181541160718,,
Bago,2020,Sesamum(Early),119973,117373,29565,391351453.3,28.01,1004.02,78930000000.0,Fluvisols / Gleysols / Alluvial,Rainy,Rainfed,79.01,0.251889276068601,,
Bago,2021,Sesamum(Early),120386,120386,30466,388899650.8,27.31,1749.84,65120000000.0,Fluvisols / Gleysols / Alluvial,Rainy,Rainfed,88.08,0.253069293771701,,
Bago,2022,Sesamum(Early),128387,128387,32559,586761617.0,27.34,1789.55,62240000000.0,Fluvisols / Gleysols / Alluvial,Rainy,Rainfed,88.55,0.253600442412393,,
Bago,2023,Sesamum(Early),161723,161723,63632,586702652.6,28.01,1574.66,64800000000.0,Fluvisols / Gleysols / Alluvial,Rainy,Rainfed,85.85,0.393462896434026,,
Magway,2012,Sesamum(Early),1226930,1226409,324939,243967785.0,26.79,898.02,59920000000.0,Regosols / Luvisols / Sandy Savanna,Rainy,Rainfed,77.95,0.264951578143996,,
Magway,2013,Sesamum(Early),1238602,1238571,330978,199816069.0,26.96,878.15,63260000000.0,Regosols / Luvisols / Sandy Savanna,Rainy,Rainfed,77.68,0.267225698001971,,
Magway,2014,Sesamum(Early),1222402,1218232,319524,267590796.3,27.42,770.86,67459999999.9999,Regosols / Luvisols / Sandy Savanna,Rainy,Rainfed,76.31,0.26228501631873,,
Magway,2015,Sesamum(Early),1222457,1189532,312570,238665203.2,27.31,734.05,62720000000.0,Regosols / Luvisols / Sandy Savanna,Rainy,Rainfed,75.89,0.262767205926364,,
Magway,2016,Sesamum(Early),1205203,1194933,312250,314946615.9,27.18,941.74,60120000000.0,Regosols / Luvisols / Sandy Savanna,Rainy,Rainfed,78.41,0.261311722079815,,
Magway,2017,Sesamum(Early),1195457,1173824,259193,304701296.0,27.02,1107.58,63340000000.0,Regosols / Luvisols / Sandy Savanna,Rainy,Rainfed,80.43,0.220810785944059,,
Magway,2018,Sesamum(Early),1091959,970809,128596,380230690.0,26.75,839.14,67150000000.0,Regosols / Luvisols / Sandy Savanna,Rainy,Rainfed,77.25,0.132462719237254,,
Magway,2019,Sesamum(Early),1033083,1012027,154715,413574673.8,27.7,769.91,68700000000.0,Regosols / Luvisols / Sandy Savanna,Rainy,Rainfed,76.25,0.152876356065599,,
Magway,2020,Sesamum(Early),1028857,827945,97294,391351453.3,27.15,822.19,78930000000.0,Regosols / Luvisols / Sandy Savanna,Rainy,Rainfed,76.98,0.11751263670896,,
Magway,2021,Sesamum(Early),1015686,1010823,143260,388899650.8,27.77,689.55,65120000000.0,Regosols / Luvisols / Sandy Savanna,Rainy,Rainfed,75.28,0.14172609843662,,
Magway,2022,Sesamum(Early),1021309,1021296,156872,586761617.0,27.6,729.42,62240000000.0,Regosols / Luvisols / Sandy Savanna,Rainy,Rainfed,75.79,0.153600914915949,,
Magway,2023,Sesamum(Early),1068199,1068034,231968,586702652.6,28.03,696.9,64800000000.0,Regosols / Luvisols / Sandy Savanna,Rainy,Rainfed,75.32,0.21719158753373,,
Mandalay,2012,Sesamum(Early),904719,904188,77263,243967785.0,27.22,338.39,59920000000.0,Luvisols / Cambisols / Savanna,Rainy,Rainfed,71.16,0.0854501497476188,,
Mandalay,2013,Sesamum(Early),970118,936422,83649,199816069.0,27.39,350.66,63260000000.0,Luvisols / Cambisols / Savanna,Rainy,Rainfed,71.28,0.0893283156525583,,
Mandalay,2014,Sesamum(Early),788340,772833,70613,267590796.3,27.89,270.44,67459999999.9999,Luvisols / Cambisols / Savanna,Rainy,Rainfed,70.23,0.0913690279788777,,
Mandalay,2015,Sesamum(Early),899072,899072,92786,238665203.2,27.41,376.48,62720000000.0,Luvisols / Cambisols / Savanna,Rainy,Rainfed,71.58,0.103201968251708,,
Mandalay,2016,Sesamum(Early),915301,914790,91823,314946615.9,27.59,376.98,60120000000.0,Luvisols / Cambisols / Savanna,Rainy,Rainfed,71.56,0.100376042589009,,
Mandalay,2017,Sesamum(Early),948898,948793,113907,304701296.0,27.37,461.76,63340000000.0,Luvisols / Cambisols / Savanna,Rainy,Rainfed,72.61,0.120054637839866,,
Mandalay,2018,Sesamum(Early),956431,955734,114497,380230690.0,27.03,394.62,67150000000.0,Luvisols / Cambisols / Savanna,Rainy,Rainfed,71.87,0.119800069893924,,
Mandalay,2019,Sesamum(Early),875513,855813,89642,413574673.8,27.69,414.37,68700000000.0,Luvisols / Cambisols / Savanna,Rainy,Rainfed,71.99,0.104744844960289,,
Mandalay,2020,Sesamum(Early),924550,911415,82053,391351453.3,27.18,470.39,78930000000.0,Luvisols / Cambisols / Savanna,Rainy,Rainfed,72.75,0.0900281430522868,,
Mandalay,2021,Sesamum(Early),879406,878529,79095,388899650.8,27.8,383.44,65120000000.0,Luvisols / Cambisols / Savanna,Rainy,Rainfed,71.6,0.0900311771153826,,
Mandalay,2022,Sesamum(Early),914360,914305,92104,586761617.0,27.53,425.89,62240000000.0,Luvisols / Cambisols / Savanna,Rainy,Rainfed,72.16,0.100736625086814,,
Mandalay,2023,Sesamum(Early),910815,910815,90763,586702652.6,28.02,431.5,64800000000.0,Luvisols / Cambisols / Savanna,Rainy,Rainfed,72.13,0.0996503131810521,,
Mon,2012,Sesamum(Early),1644,1644,308,243967785.0,27.89,2936.46,59920000000.0,Ferralsols / Gleysols / Lateritic,Rainy,Rainfed,93.0,0.187347931873479,,
Mon,2013,Sesamum(Early),1471,1471,282,199816069.0,27.75,2472.26,63260000000.0,Ferralsols / Gleysols / Lateritic,Rainy,Rainfed,93.0,0.191706322229775,,
Mon,2014,Sesamum(Early),946,946,188,267590796.3,27.71,1805.43,67459999999.9999,Ferralsols / Gleysols / Lateritic,Rainy,Rainfed,88.68,0.198731501057082,,
Mon,2015,Sesamum(Early),924,924,208,238665203.2,27.96,2500.08,62720000000.0,Ferralsols / Gleysols / Lateritic,Rainy,Rainfed,93.0,0.225108225108225,,
Mon,2016,Sesamum(Early),718,718,164,314946615.9,27.84,2247.31,60120000000.0,Ferralsols / Gleysols / Lateritic,Rainy,Rainfed,93.0,0.228412256267409,,
Mon,2017,Sesamum(Early),640,640,148,304701296.0,27.68,2729.02,63340000000.0,Ferralsols / Gleysols / Lateritic,Rainy,Rainfed,93.0,0.23125,,
Mon,2018,Sesamum(Early),808,808,179,380230690.0,27.86,3263.34,67150000000.0,Ferralsols / Gleysols / Lateritic,Rainy,Rainfed,93.0,0.221534653465346,,
Mon,2019,Sesamum(Early),722,722,184,413574673.8,28.11,2717.71,68700000000.0,Ferralsols / Gleysols / Lateritic,Rainy,Rainfed,93.0,0.254847645429362,,
Mon,2020,Sesamum(Early),593,593,158,391351453.3,28.13,1897.4,78930000000.0,Ferralsols / Gleysols / Lateritic,Rainy,Rainfed,89.71,0.266441821247892,,
Mon,2021,Sesamum(Early),630,630,166,388899650.8,27.71,3711.2,65120000000.0,Ferralsols / Gleysols / Lateritic,Rainy,Rainfed,93.0,0.263492063492063,,
Mon,2022,Sesamum(Early),639,639,170,586761617.0,27.71,3270.72,62240000000.0,Ferralsols / Gleysols / Lateritic,Rainy,Rainfed,93.0,0.266040688575899,,
Mon,2023,Sesamum(Early),678,678,181,586702652.6,28.09,3075.98,64800000000.0,Ferralsols / Gleysols / Lateritic,Rainy,Rainfed,93.0,0.266961651917404,,
Rakhine,2012,Sesamum(Early),3751,3751,783,243967785.0,26.54,2984.69,59920000000.0,Gleysols / Alluvial / Mountainous,Rainy,Rainfed,93.0,0.208744334844041,,
Rakhine,2013,Sesamum(Early),3702,3702,772,199816069.0,26.5,3116.99,63260000000.0,Gleysols / Alluvial / Mountainous,Rainy,Rainfed,93.0,0.208535926526202,,
Rakhine,2014,Sesamum(Early),3794,3794,793,267590796.3,26.74,2952.75,67459999999.9999,Gleysols / Alluvial / Mountainous,Rainy,Rainfed,93.0,0.209014232999472,,
Rakhine,2015,Sesamum(Early),3818,3818,796,238665203.2,26.5,8475.24,62720000000.0,Gleysols / Alluvial / Mountainous,Rainy,Rainfed,93.0,0.208486118386589,,
Rakhine,2016,Sesamum(Early),3807,3807,796,314946615.9,26.76,10036.74,60120000000.0,Gleysols / Alluvial / Mountainous,Rainy,Rainfed,93.0,0.209088521145258,,
Rakhine,2017,Sesamum(Early),3772,3772,789,304701296.0,26.66,7844.64,63340000000.0,Gleysols / Alluvial / Mountainous,Rainy,Rainfed,93.0,0.209172852598091,,
Rakhine,2018,Sesamum(Early),3511,3511,744,380230690.0,26.17,7927.61,67150000000.0,Gleysols / Alluvial / Mountainous,Rainy,Rainfed,93.0,0.211905440045571,,
Rakhine,2019,Sesamum(Early),3435,3435,730,413574673.8,26.66,8062.73,68700000000.0,Gleysols / Alluvial / Mountainous,Rainy,Rainfed,93.0,0.212518195050946,,
Rakhine,2020,Sesamum(Early),3341,3341,708,391351453.3,26.49,7855.92,78930000000.0,Gleysols / Alluvial / Mountainous,Rainy,Rainfed,93.0,0.211912601017659,,
Rakhine,2021,Sesamum(Early),3370,3370,715,388899650.8,26.93,5291.74,65120000000.0,Gleysols / Alluvial / Mountainous,Rainy,Rainfed,93.0,0.212166172106824,,
Rakhine,2022,Sesamum(Early),3375,3375,717,586761617.0,26.66,5117.41,62240000000.0,Gleysols / Alluvial / Mountainous,Rainy,Rainfed,93.0,0.212444444444444,,
Rakhine,2023,Sesamum(Early),3381,3381,720,586702652.6,26.9,5823.68,64800000000.0,Gleysols / Alluvial / Mountainous,Rainy,Rainfed,93.0,0.212954747116237,,
Yangon,2012,Sesamum(Early),0,0,0,243967785.0,27.5,1871.61,59920000000.0,Fluvisols / Gleysols / Alluvial,Rainy,Rainfed,89.51,0.0,,
Yangon,2013,Sesamum(Early),0,0,0,199816069.0,27.61,1492.96,63260000000.0,Fluvisols / Gleysols / Alluvial,Rainy,Rainfed,84.95,0.0,,
Yangon,2014,Sesamum(Early),0,0,0,267590796.3,27.67,1241.48,67459999999.9999,Fluvisols / Gleysols / Alluvial,Rainy,Rainfed,81.92,0.0,,
Yangon,2015,Sesamum(Early),0,0,0,238665203.2,27.86,1676.99,62720000000.0,Fluvisols / Gleysols / Alluvial,Rainy,Rainfed,87.11,0.0,,
Yangon,2016,Sesamum(Early),0,0,0,314946615.9,27.8,1521.79,60120000000.0,Fluvisols / Gleysols / Alluvial,Rainy,Rainfed,85.26,0.0,,
Yangon,2017,Sesamum(Early),0,0,0,304701296.0,27.54,1863.36,63340000000.0,Fluvisols / Gleysols / Alluvial,Rainy,Rainfed,89.4,0.0,,
Yangon,2018,Sesamum(Early),0,0,0,380230690.0,27.53,2226.31,67150000000.0,Fluvisols / Gleysols / Alluvial,Rainy,Rainfed,93.0,0.0,,
Yangon,2019,Sesamum(Early),0,0,0,413574673.8,28.09,1694.52,68700000000.0,Fluvisols / Gleysols / Alluvial,Rainy,Rainfed,87.28,0.0,,
Yangon,2020,Sesamum(Early),0,0,0,391351453.3,28.05,1262.54,78930000000.0,Fluvisols / Gleysols / Alluvial,Rainy,Rainfed,82.1,0.0,,
Yangon,2021,Sesamum(Early),0,0,0,388899650.8,27.4,2360.45,65120000000.0,Fluvisols / Gleysols / Alluvial,Rainy,Rainfed,93.0,0.0,,
Yangon,2022,Sesamum(Early),0,0,0,586761617.0,27.36,2242.28,62240000000.0,Fluvisols / Gleysols / Alluvial,Rainy,Rainfed,93.0,0.0,,
Yangon,2023,Sesamum(Early),0,0,0,586702652.6,28.02,2034.25,64800000000.0,Fluvisols / Gleysols / Alluvial,Rainy,Rainfed,91.37,0.0,,
Shan,2012,Sesamum(Early),36985,36985,8705,243967785.0,21.06,671.3,59920000000.0,Acrisols / Ferralsols / Red Earth,Rainy,Rainfed,76.26,0.235365688792753,,
Shan,2013,Sesamum(Early),36711,36711,8676,199816069.0,21.38,594.52,63260000000.0,Acrisols / Ferralsols / Red Earth,Rainy,Rainfed,75.29,0.236332434420201,,
Shan,2014,Sesamum(Early),34495,34495,7931,267590796.3,21.82,438.2,67459999999.9999,Acrisols / Ferralsols / Red Earth,Rainy,Rainfed,73.33,0.229917379330337,,
Shan,2015,Sesamum(Early),33759,33759,7758,238665203.2,21.68,533.62,62720000000.0,Acrisols / Ferralsols / Red Earth,Rainy,Rainfed,74.5,0.229805385230605,,
Shan,2016,Sesamum(Early),33662,33662,7692,314946615.9,21.69,570.05,60120000000.0,Acrisols / Ferralsols / Red Earth,Rainy,Rainfed,74.94,0.228506921751529,,
Shan,2017,Sesamum(Early),32976,32976,7533,304701296.0,21.52,759.17,63340000000.0,Acrisols / Ferralsols / Red Earth,Rainy,Rainfed,77.24,0.22843886462882,,
Shan,2018,Sesamum(Early),27860,27805,6332,380230690.0,21.16,624.01,67150000000.0,Acrisols / Ferralsols / Red Earth,Rainy,Rainfed,75.68,0.227728825750764,,
Shan,2019,Sesamum(Early),29071,29071,6478,413574673.8,21.87,584.23,68700000000.0,Acrisols / Ferralsols / Red Earth,Rainy,Rainfed,75.07,0.222833751848921,,
Shan,2020,Sesamum(Early),33142,33142,7303,391351453.3,21.56,626.15,78930000000.0,Acrisols / Ferralsols / Red Earth,Rainy,Rainfed,75.63,0.220354836763019,,
Shan,2021,Sesamum(Early),33962,33756,7500,388899650.8,21.67,658.43,65120000000.0,Acrisols / Ferralsols / Red Earth,Rainy,Rainfed,76.0,0.222182723071453,,
Shan,2022,Sesamum(Early),33424,33420,7373,586761617.0,21.33,803.12,62240000000.0,Acrisols / Ferralsols / Red Earth,Rainy,Rainfed,77.8,0.220616397366846,,
Shan,2023,Sesamum(Early),32406,32406,7654,586702652.6,22.07,653.29,64800000000.0,Acrisols / Ferralsols / Red Earth,Rainy,Rainfed,75.87,0.236190828858853,,
Ayeyarwady,2012,Sesamum(Early),3589,3589,883,243967785.0,27.73,892.99,59920000000.0,Fluvisols / Gleysols / Alluvial,Rainy,Rainfed,77.72,0.246029534689328,,
Ayeyarwady,2013,Sesamum(Early),3546,3546,983,199816069.0,27.91,705.85,63260000000.0,Fluvisols / Gleysols / Alluvial,Rainy,Rainfed,75.45,0.277213761985335,,
Ayeyarwady,2014,Sesamum(Early),3530,3530,961,267590796.3,28.21,606.23,67459999999.9999,Fluvisols / Gleysols / Alluvial,Rainy,Rainfed,74.2,0.272237960339943,,
Ayeyarwady,2015,Sesamum(Early),4913,4403,1212,238665203.2,28.19,737.44,62720000000.0,Fluvisols / Gleysols / Alluvial,Rainy,Rainfed,75.78,0.275266863502157,,
Ayeyarwady,2016,Sesamum(Early),5520,4955,1497,314946615.9,28.14,712.5,60120000000.0,Fluvisols / Gleysols / Alluvial,Rainy,Rainfed,75.48,0.302119071644803,,
Ayeyarwady,2017,Sesamum(Early),5496,5234,1580,304701296.0,28.04,819.64,63340000000.0,Fluvisols / Gleysols / Alluvial,Rainy,Rainfed,76.79,0.301872372946121,,
Ayeyarwady,2018,Sesamum(Early),5439,5439,1643,380230690.0,27.76,972.0,67150000000.0,Fluvisols / Gleysols / Alluvial,Rainy,Rainfed,78.67,0.302077587791873,,
Ayeyarwady,2019,Sesamum(Early),5484,5484,1700,413574673.8,28.38,776.06,68700000000.0,Fluvisols / Gleysols / Alluvial,Rainy,Rainfed,76.2,0.309992706053975,,
Ayeyarwady,2020,Sesamum(Early),5483,5290,1643,391351453.3,28.37,575.94,78930000000.0,Fluvisols / Gleysols / Alluvial,Rainy,Rainfed,73.8,0.310586011342155,,
Ayeyarwady,2021,Sesamum(Early),5616,5616,1782,388899650.8,27.92,960.87,65120000000.0,Fluvisols / Gleysols / Alluvial,Rainy,Rainfed,78.5,0.317307692307692,,
Ayeyarwady,2022,Sesamum(Early),5341,5341,1694,586761617.0,27.91,944.56,62240000000.0,Fluvisols / Gleysols / Alluvial,Rainy,Rainfed,78.31,0.317169069462647,,
Ayeyarwady,2023,Sesamum(Early),5341,5341,1695,586702652.6,28.36,837.63,64800000000.0,Fluvisols / Gleysols / Alluvial,Rainy,Rainfed,76.95,0.317356300318292,,
Nay Pyi Taw,2012,Sesamum(Early),38982,38872,6709,243967785.0,25.41,942.84,59920000000.0,Cambisols / Fluvisols / Loam,Rainy,Rainfed,78.74,0.172592097139329,,
Nay Pyi Taw,2013,Sesamum(Early),42378,42378,7489,199816069.0,25.88,775.78,63260000000.0,Cambisols / Fluvisols / Loam,Rainy,Rainfed,76.65,0.176719052338477,,
Nay Pyi Taw,2014,Sesamum(Early),40310,40269,7333,267590796.3,26.38,617.16,67459999999.9999,Cambisols / Fluvisols / Loam,Rainy,Rainfed,74.66,0.182100374978271,,
Nay Pyi Taw,2015,Sesamum(Early),45055,45055,8454,238665203.2,26.35,678.38,62720000000.0,Cambisols / Fluvisols / Loam,Rainy,Rainfed,75.4,0.187637332149594,,
Nay Pyi Taw,2016,Sesamum(Early),44468,44455,8586,314946615.9,26.23,754.74,60120000000.0,Cambisols / Fluvisols / Loam,Rainy,Rainfed,76.34,0.193139129456754,,
Nay Pyi Taw,2017,Sesamum(Early),50256,50256,9885,304701296.0,26.08,972.17,63340000000.0,Cambisols / Fluvisols / Loam,Rainy,Rainfed,78.97,0.196692932187201,,
Nay Pyi Taw,2018,Sesamum(Early),48788,48580,9604,380230690.0,25.73,812.09,67150000000.0,Cambisols / Fluvisols / Loam,Rainy,Rainfed,77.11,0.197694524495677,,
Nay Pyi Taw,2019,Sesamum(Early),45575,45573,9001,413574673.8,26.57,787.91,68700000000.0,Cambisols / Fluvisols / Loam,Rainy,Rainfed,76.67,0.197507295986658,,
Nay Pyi Taw,2020,Sesamum(Early),54321,54128,10685,391351453.3,26.28,762.33,78930000000.0,Cambisols / Fluvisols / Loam,Rainy,Rainfed,76.42,0.197402453443689,,
Nay Pyi Taw,2021,Sesamum(Early),65518,65481,13780,388899650.8,26.24,851.96,65120000000.0,Cambisols / Fluvisols / Loam,Rainy,Rainfed,77.5,0.210442723843557,,
Nay Pyi Taw,2022,Sesamum(Early),63715,63561,12698,586761617.0,25.96,1027.18,62240000000.0,Cambisols / Fluvisols / Loam,Rainy,Rainfed,79.65,0.199776592564622,,
Nay Pyi Taw,2023,Sesamum(Early),55146,55005,11365,586702652.6,26.62,853.39,64800000000.0,Cambisols / Fluvisols / Loam,Rainy,Rainfed,77.45,0.20661758021998,,
Kachin,2012,Sesamum(Late),16169,16169,4720,243967785.0,23.38,914.61,59920000000.0,Acrisols / Red-Brown Lateritic,Winter,Irrigation,78.77,0.291916630589399,,
Kachin,2013,Sesamum(Late),15393,15393,4667,199816069.0,23.62,939.94,63260000000.0,Acrisols / Red-Brown Lateritic,Winter,Irrigation,79.03,0.303189761579938,,
Kachin,2014,Sesamum(Late),15284,15284,4507,267590796.3,24.01,833.48,67459999999.9999,Acrisols / Red-Brown Lateritic,Winter,Irrigation,77.68,0.294883538340748,,
Kachin,2015,Sesamum(Late),15641,15641,4646,238665203.2,23.27,1005.47,62720000000.0,Acrisols / Red-Brown Lateritic,Winter,Irrigation,79.88,0.297039831212838,,
Kachin,2016,Sesamum(Late),15313,15313,4652,314946615.9,23.17,1224.63,60120000000.0,Acrisols / Red-Brown Lateritic,Winter,Irrigation,82.52,0.303794161823287,,
Kachin,2017,Sesamum(Late),14047,14047,4306,304701296.0,23.28,1125.21,63340000000.0,Acrisols / Red-Brown Lateritic,Winter,Irrigation,81.31,0.306542322204029,,
Kachin,2018,Sesamum(Late),12742,12742,3870,380230690.0,22.85,1162.0,67150000000.0,Acrisols / Red-Brown Lateritic,Winter,Irrigation,81.83,0.303719981164652,,
Kachin,2019,Sesamum(Late),16881,16881,5107,413574673.8,23.49,1042.44,68700000000.0,Acrisols / Red-Brown Lateritic,Winter,Irrigation,80.28,0.302529471002902,,
Kachin,2020,Sesamum(Late),17287,17287,5171,391351453.3,22.87,1329.91,78930000000.0,Acrisols / Red-Brown Lateritic,Winter,Irrigation,83.84,0.299126511251229,,
Kachin,2021,Sesamum(Late),16554,16554,4871,388899650.8,23.65,1005.31,65120000000.0,Acrisols / Red-Brown Lateritic,Winter,Irrigation,79.81,0.294249124078772,,
Kachin,2022,Sesamum(Late),16141,16141,4837,586761617.0,22.99,1256.07,62240000000.0,Acrisols / Red-Brown Lateritic,Winter,Irrigation,82.93,0.299671643640418,,
Kachin,2023,Sesamum(Late),16446,16446,4894,586702652.6,23.84,1183.85,64800000000.0,Acrisols / Red-Brown Lateritic,Winter,Irrigation,81.91,0.297579958652559,,
Kayah,2012,Sesamum(Late),1071,1071,335,243967785.0,22.51,1604.82,59920000000.0,Luvisols / Red Earth,Winter,Irrigation,87.21,0.312791783380018,,
Kayah,2013,Sesamum(Late),1136,1136,359,199816069.0,22.71,1317.07,63260000000.0,Luvisols / Red Earth,Winter,Irrigation,83.72,0.316021126760563,,
Kayah,2014,Sesamum(Late),1504,1504,475,267590796.3,23.02,1089.18,67459999999.9999,Luvisols / Red Earth,Winter,Irrigation,80.93,0.315824468085106,,
Kayah,2015,Sesamum(Late),1041,1041,271,238665203.2,23.36,1113.03,62720000000.0,Luvisols / Red Earth,Winter,Irrigation,81.15,0.260326609029779,,
Kayah,2016,Sesamum(Late),1127,1127,305,314946615.9,23.41,1222.88,60120000000.0,Luvisols / Red Earth,Winter,Irrigation,82.46,0.270629991126885,,
Kayah,2017,Sesamum(Late),833,833,205,304701296.0,23.16,1567.54,63340000000.0,Luvisols / Red Earth,Winter,Irrigation,86.64,0.24609843937575,,
Kayah,2018,Sesamum(Late),827,827,218,380230690.0,22.69,1316.55,67150000000.0,Luvisols / Red Earth,Winter,Irrigation,83.71,0.263603385731559,,
Kayah,2019,Sesamum(Late),526,526,126,413574673.8,23.24,1282.79,68700000000.0,Luvisols / Red Earth,Winter,Irrigation,83.21,0.239543726235741,,
Kayah,2020,Sesamum(Late),225,225,56,391351453.3,23.16,1222.66,78930000000.0,Luvisols / Red Earth,Winter,Irrigation,82.5,0.248888888888888,,
Kayah,2021,Sesamum(Late),188,188,51,388899650.8,23.01,1440.62,65120000000.0,Luvisols / Red Earth,Winter,Irrigation,85.15,0.27127659574468,,
Kayah,2022,Sesamum(Late),238,238,60,586761617.0,22.94,1814.13,62240000000.0,Luvisols / Red Earth,Winter,Irrigation,89.64,0.252100840336134,,
Kayah,2023,Sesamum(Late),79,79,18,586702652.6,23.4,1417.46,64800000000.0,Luvisols / Red Earth,Winter,Irrigation,84.8,0.227848101265822,,
Kayin,2012,Sesamum(Late),35176,35176,10936,243967785.0,26.77,2467.92,59920000000.0,Fluvisols / Gleysols / Alluvial,Winter,Irrigation,93.0,0.310893791221287,,
Kayin,2013,Sesamum(Late),35999,35999,11293,199816069.0,26.67,2022.51,63260000000.0,Fluvisols / Gleysols / Alluvial,Winter,Irrigation,91.47,0.313703158421067,,
Kayin,2014,Sesamum(Late),38451,38451,12170,267590796.3,26.61,1604.54,67459999999.9999,Fluvisols / Gleysols / Alluvial,Winter,Irrigation,86.46,0.316506722842058,,
Kayin,2015,Sesamum(Late),39087,39087,12344,238665203.2,26.97,1981.43,62720000000.0,Fluvisols / Gleysols / Alluvial,Winter,Irrigation,90.92,0.315808325018548,,
Kayin,2016,Sesamum(Late),39040,39040,12598,314946615.9,26.89,1804.66,60120000000.0,Fluvisols / Gleysols / Alluvial,Winter,Irrigation,88.82,0.322694672131147,,
Kayin,2017,Sesamum(Late),39319,39319,12807,304701296.0,26.65,2185.47,63340000000.0,Fluvisols / Gleysols / Alluvial,Winter,Irrigation,93.0,0.32572038963351,,
Kayin,2018,Sesamum(Late),39808,39808,13030,380230690.0,26.73,2484.66,67150000000.0,Fluvisols / Gleysols / Alluvial,Winter,Irrigation,93.0,0.327321141479099,,
Kayin,2019,Sesamum(Late),41094,41094,13603,413574673.8,26.95,2087.25,68700000000.0,Fluvisols / Gleysols / Alluvial,Winter,Irrigation,92.2,0.331021560325108,,
Kayin,2020,Sesamum(Late),41063,41063,13619,391351453.3,27.12,1531.95,78930000000.0,Fluvisols / Gleysols / Alluvial,Winter,Irrigation,85.5,0.331661106105252,,
Kayin,2021,Sesamum(Late),41081,41081,13666,388899650.8,26.67,2969.17,65120000000.0,Fluvisols / Gleysols / Alluvial,Winter,Irrigation,93.0,0.332659867091842,,
Kayin,2022,Sesamum(Late),41414,41414,13766,586761617.0,26.62,2622.64,62240000000.0,Fluvisols / Gleysols / Alluvial,Winter,Irrigation,93.0,0.332399671608634,,
Kayin,2023,Sesamum(Late),41445,41445,13841,586702652.6,26.96,2436.25,64800000000.0,Fluvisols / Gleysols / Alluvial,Winter,Irrigation,93.0,0.333960670768488,,
Chin,2012,Sesamum(Late),25,25,6,243967785.0,22.62,716.7,59920000000.0,Cambisols / Mountainous Soil,Winter,Irrigation,76.53,0.24,,
Chin,2013,Sesamum(Late),30,30,7,199816069.0,22.48,814.73,63260000000.0,Cambisols / Mountainous Soil,Winter,Irrigation,77.73,0.233333333333333,,
Chin,2014,Sesamum(Late),45,45,11,267590796.3,22.97,716.65,67459999999.9999,Cambisols / Mountainous Soil,Winter,Irrigation,76.47,0.244444444444444,,
Chin,2015,Sesamum(Late),45,45,11,238665203.2,22.61,913.76,62720000000.0,Cambisols / Mountainous Soil,Winter,Irrigation,78.9,0.244444444444444,,
Chin,2016,Sesamum(Late),62,62,14,314946615.9,22.87,965.57,60120000000.0,Cambisols / Mountainous Soil,Winter,Irrigation,79.47,0.225806451612903,,
Chin,2017,Sesamum(Late),10,10,2,304701296.0,22.26,1578.85,63340000000.0,Cambisols / Mountainous Soil,Winter,Irrigation,86.94,0.2,,
Chin,2018,Sesamum(Late),103,103,24,380230690.0,21.95,1160.88,67150000000.0,Cambisols / Mountainous Soil,Winter,Irrigation,81.98,0.233009708737864,,
Chin,2019,Sesamum(Late),103,103,24,413574673.8,22.53,1254.78,68700000000.0,Cambisols / Mountainous Soil,Winter,Irrigation,83.0,0.233009708737864,,
Chin,2020,Sesamum(Late),0,0,0,391351453.3,22.26,1038.88,78930000000.0,Cambisols / Mountainous Soil,Winter,Irrigation,80.46,0.0,,
Chin,2021,Sesamum(Late),0,0,0,388899650.8,22.92,753.21,65120000000.0,Cambisols / Mountainous Soil,Winter,Irrigation,76.91,0.0,,
Chin,2022,Sesamum(Late),0,0,0,586761617.0,22.64,714.38,62240000000.0,Cambisols / Mountainous Soil,Winter,Irrigation,76.5,0.0,,
Chin,2023,Sesamum(Late),0,0,0,586702652.6,23.13,770.15,64800000000.0,Cambisols / Mountainous Soil,Winter,Irrigation,77.08,0.0,,
Sagaing,2012,Sesamum(Late),537948,536650,177496,243967785.0,28.48,302.6,59920000000.0,Luvisols / Cambisols / Savanna,Winter,Irrigation,70.5,0.330748159880741,,
Sagaing,2013,Sesamum(Late),538813,538506,179489,199816069.0,28.47,362.75,63260000000.0,Luvisols / Cambisols / Savanna,Winter,Irrigation,71.23,0.333309192469536,,
Sagaing,2014,Sesamum(Late),536617,536617,180608,267590796.3,29.02,272.71,67459999999.9999,Luvisols / Cambisols / Savanna,Winter,Irrigation,70.05,0.336567794162316,,
Sagaing,2015,Sesamum(Late),534503,534503,182448,238665203.2,28.54,378.91,62720000000.0,Luvisols / Cambisols / Savanna,Winter,Irrigation,71.41,0.341341395651661,,
Sagaing,2016,Sesamum(Late),523708,523708,179235,314946615.9,28.61,466.45,60120000000.0,Luvisols / Cambisols / Savanna,Winter,Irrigation,72.45,0.342242241859967,,
Sagaing,2017,Sesamum(Late),502385,502356,174925,304701296.0,28.07,637.58,63340000000.0,Luvisols / Cambisols / Savanna,Winter,Irrigation,74.6,0.348209238070213,,
Sagaing,2018,Sesamum(Late),522768,521439,183363,380230690.0,27.88,475.8,67150000000.0,Luvisols / Cambisols / Savanna,Winter,Irrigation,72.69,0.35164803553244,,
Sagaing,2019,Sesamum(Late),533423,533416,189740,413574673.8,28.67,477.22,68700000000.0,Luvisols / Cambisols / Savanna,Winter,Irrigation,72.57,0.355707365358369,,
Sagaing,2020,Sesamum(Late),535348,531649,188741,391351453.3,28.0,552.96,78930000000.0,Luvisols / Cambisols / Savanna,Winter,Irrigation,73.6,0.355010542670069,,
Sagaing,2021,Sesamum(Late),557952,557322,197983,388899650.8,29.14,338.14,65120000000.0,Luvisols / Cambisols / Savanna,Winter,Irrigation,70.81,0.355239879279841,,
Sagaing,2022,Sesamum(Late),541869,541869,188513,586761617.0,28.78,375.7,62240000000.0,Luvisols / Cambisols / Savanna,Winter,Irrigation,71.33,0.347894048192459,,
Sagaing,2023,Sesamum(Late),541951,541951,189200,586702652.6,29.19,387.79,64800000000.0,Luvisols / Cambisols / Savanna,Winter,Irrigation,71.4,0.349109052294395,,
Tanintharyi,2012,Sesamum(Late),383,383,45,243967785.0,26.24,2388.49,59920000000.0,Ferralsols / Plinthosols / Lateritic,Winter,Irrigation,93.0,0.117493472584856,,
Tanintharyi,2013,Sesamum(Late),387,387,47,199816069.0,25.94,2304.57,63260000000.0,Ferralsols / Plinthosols / Lateritic,Winter,Irrigation,93.0,0.121447028423772,,
Tanintharyi,2014,Sesamum(Late),196,196,26,267590796.3,25.99,1706.05,67459999999.9999,Ferralsols / Plinthosols / Lateritic,Winter,Irrigation,87.79,0.132653061224489,,
Tanintharyi,2015,Sesamum(Late),273,273,37,238665203.2,26.43,1914.37,62720000000.0,Ferralsols / Plinthosols / Lateritic,Winter,Irrigation,90.22,0.135531135531135,,
Tanintharyi,2016,Sesamum(Late),268,268,39,314946615.9,26.3,1870.73,60120000000.0,Ferralsols / Plinthosols / Lateritic,Winter,Irrigation,89.71,0.145522388059701,,
Tanintharyi,2017,Sesamum(Late),275,275,42,304701296.0,26.08,2485.72,63340000000.0,Ferralsols / Plinthosols / Lateritic,Winter,Irrigation,93.0,0.152727272727272,,
Tanintharyi,2018,Sesamum(Late),280,280,43,380230690.0,26.23,2273.98,67150000000.0,Ferralsols / Plinthosols / Lateritic,Winter,Irrigation,93.0,0.153571428571428,,
Tanintharyi,2019,Sesamum(Late),317,317,50,413574673.8,26.44,1846.93,68700000000.0,Ferralsols / Plinthosols / Lateritic,Winter,Irrigation,89.4,0.157728706624605,,
Tanintharyi,2020,Sesamum(Late),310,310,44,391351453.3,26.42,2375.71,78930000000.0,Ferralsols / Plinthosols / Lateritic,Winter,Irrigation,93.0,0.141935483870967,,
Tanintharyi,2021,Sesamum(Late),337,337,55,388899650.8,25.97,2896.94,65120000000.0,Ferralsols / Plinthosols / Lateritic,Winter,Irrigation,93.0,0.16320474777448,,
Tanintharyi,2022,Sesamum(Late),330,330,55,586761617.0,26.08,2726.62,62240000000.0,Ferralsols / Plinthosols / Lateritic,Winter,Irrigation,93.0,0.166666666666666,,
Tanintharyi,2023,Sesamum(Late),297,297,51,586702652.6,26.46,2318.19,64800000000.0,Ferralsols / Plinthosols / Lateritic,Winter,Irrigation,93.0,0.171717171717171,,
Bago,2012,Sesamum(Late),48642,48642,12185,243967785.0,27.33,1519.25,59920000000.0,Fluvisols / Gleysols / Alluvial,Winter,Irrigation,85.31,0.25050367994737,,
Bago,2013,Sesamum(Late),48877,48877,12391,199816069.0,27.57,1187.91,63260000000.0,Fluvisols / Gleysols / Alluvial,Winter,Irrigation,81.29,0.25351392270393,,
Bago,2014,Sesamum(Late),49458,49458,12557,267590796.3,27.57,1054.41,67459999999.9999,Fluvisols / Gleysols / Alluvial,Winter,Irrigation,79.69,0.25389219135428,,
Bago,2015,Sesamum(Late),50790,50790,12990,238665203.2,27.77,1256.33,62720000000.0,Fluvisols / Gleysols / Alluvial,Winter,Irrigation,82.08,0.255759007678676,,
Bago,2016,Sesamum(Late),46819,46819,12032,314946615.9,27.71,1212.7,60120000000.0,Fluvisols / Gleysols / Alluvial,Winter,Irrigation,81.56,0.25698968367543,,
Bago,2017,Sesamum(Late),46073,46073,11809,304701296.0,27.49,1498.81,63340000000.0,Fluvisols / Gleysols / Alluvial,Winter,Irrigation,85.04,0.256310637466629,,
Bago,2018,Sesamum(Late),38623,38623,9989,380230690.0,27.43,1690.27,67150000000.0,Fluvisols / Gleysols / Alluvial,Winter,Irrigation,87.35,0.258628278486911,,
Bago,2019,Sesamum(Late),39292,39292,10165,413574673.8,28.09,1236.72,68700000000.0,Fluvisols / Gleysols / Alluvial,Winter,Irrigation,81.78,0.258704061895551,,
Bago,2020,Sesamum(Late),45501,45449,11360,391351453.3,28.01,1004.02,78930000000.0,Fluvisols / Gleysols / Alluvial,Winter,Irrigation,79.01,0.249950493960263,,
Bago,2021,Sesamum(Late),45977,45977,11578,388899650.8,27.31,1749.84,65120000000.0,Fluvisols / Gleysols / Alluvial,Winter,Irrigation,88.08,0.25182156295539,,
Bago,2022,Sesamum(Late),42823,42823,11065,586761617.0,27.34,1789.55,62240000000.0,Fluvisols / Gleysols / Alluvial,Winter,Irrigation,88.55,0.258389183382761,,
Bago,2023,Sesamum(Late),70932,70932,28227,586702652.6,28.01,1574.66,64800000000.0,Fluvisols / Gleysols / Alluvial,Winter,Irrigation,85.85,0.397944510235154,,
Magway,2012,Sesamum(Late),114442,114442,35143,243967785.0,26.79,898.02,59920000000.0,Regosols / Luvisols / Sandy Savanna,Winter,Irrigation,77.95,0.307081316299959,,
Magway,2013,Sesamum(Late),115459,115459,35479,199816069.0,26.96,878.15,63260000000.0,Regosols / Luvisols / Sandy Savanna,Winter,Irrigation,77.68,0.307286569258351,,
Magway,2014,Sesamum(Late),115896,115896,35392,267590796.3,27.42,770.86,67459999999.9999,Regosols / Luvisols / Sandy Savanna,Winter,Irrigation,76.31,0.3053772347622,,
Magway,2015,Sesamum(Late),114970,114970,35539,238665203.2,27.31,734.05,62720000000.0,Regosols / Luvisols / Sandy Savanna,Winter,Irrigation,75.89,0.309115421414282,,
Magway,2016,Sesamum(Late),108748,108748,33805,314946615.9,27.18,941.74,60120000000.0,Regosols / Luvisols / Sandy Savanna,Winter,Irrigation,78.41,0.31085629160996,,
Magway,2017,Sesamum(Late),78001,78001,19453,304701296.0,27.02,1107.58,63340000000.0,Regosols / Luvisols / Sandy Savanna,Winter,Irrigation,80.43,0.249394238535403,,
Magway,2018,Sesamum(Late),80756,80756,17547,380230690.0,26.75,839.14,67150000000.0,Regosols / Luvisols / Sandy Savanna,Winter,Irrigation,77.25,0.217284164644113,,
Magway,2019,Sesamum(Late),116933,116892,27086,413574673.8,27.7,769.91,68700000000.0,Regosols / Luvisols / Sandy Savanna,Winter,Irrigation,76.25,0.23171816719707,,
Magway,2020,Sesamum(Late),123475,122315,18945,391351453.3,27.15,822.19,78930000000.0,Regosols / Luvisols / Sandy Savanna,Winter,Irrigation,76.98,0.15488697216204,,
Magway,2021,Sesamum(Late),136773,136736,26250,388899650.8,27.77,689.55,65120000000.0,Regosols / Luvisols / Sandy Savanna,Winter,Irrigation,75.28,0.19197577814182,,
Magway,2022,Sesamum(Late),134577,134577,25966,586761617.0,27.6,729.42,62240000000.0,Regosols / Luvisols / Sandy Savanna,Winter,Irrigation,75.79,0.192945302689166,,
Magway,2023,Sesamum(Late),159787,159787,38075,586702652.6,28.03,696.9,64800000000.0,Regosols / Luvisols / Sandy Savanna,Winter,Irrigation,75.32,0.238285968195159,,
Mandalay,2012,Sesamum(Late),83369,83369,15906,243967785.0,27.22,338.39,59920000000.0,Luvisols / Cambisols / Savanna,Winter,Irrigation,71.16,0.190790341733737,,
Mandalay,2013,Sesamum(Late),93205,93205,18113,199816069.0,27.39,350.66,63260000000.0,Luvisols / Cambisols / Savanna,Winter,Irrigation,71.28,0.194335067861166,,
Mandalay,2014,Sesamum(Late),99397,99341,19904,267590796.3,27.89,270.44,67459999999.9999,Luvisols / Cambisols / Savanna,Winter,Irrigation,70.23,0.200360374870395,,
Mandalay,2015,Sesamum(Late),93311,93311,19061,238665203.2,27.41,376.48,62720000000.0,Luvisols / Cambisols / Savanna,Winter,Irrigation,71.58,0.204273879821242,,
Mandalay,2016,Sesamum(Late),78731,78731,15943,314946615.9,27.59,376.98,60120000000.0,Luvisols / Cambisols / Savanna,Winter,Irrigation,71.56,0.202499650709377,,
Mandalay,2017,Sesamum(Late),77197,77197,15646,304701296.0,27.37,461.76,63340000000.0,Luvisols / Cambisols / Savanna,Winter,Irrigation,72.61,0.20267626980323,,
Mandalay,2018,Sesamum(Late),69788,69788,14209,380230690.0,27.03,394.62,67150000000.0,Luvisols / Cambisols / Savanna,Winter,Irrigation,71.87,0.203602338510918,,
Mandalay,2019,Sesamum(Late),65919,65919,13433,413574673.8,27.69,414.37,68700000000.0,Luvisols / Cambisols / Savanna,Winter,Irrigation,71.99,0.203780397154083,,
Mandalay,2020,Sesamum(Late),73029,72466,15115,391351453.3,27.18,470.39,78930000000.0,Luvisols / Cambisols / Savanna,Winter,Irrigation,72.75,0.208580575718267,,
Mandalay,2021,Sesamum(Late),70834,70834,13884,388899650.8,27.8,383.44,65120000000.0,Luvisols / Cambisols / Savanna,Winter,Irrigation,71.6,0.196007566987604,,
Mandalay,2022,Sesamum(Late),67820,67820,13820,586761617.0,27.53,425.89,62240000000.0,Luvisols / Cambisols / Savanna,Winter,Irrigation,72.16,0.203774697729283,,
Mandalay,2023,Sesamum(Late),67143,67143,13996,586702652.6,28.02,431.5,64800000000.0,Luvisols / Cambisols / Savanna,Winter,Irrigation,72.13,0.208450620317829,,
Mon,2012,Sesamum(Late),5299,5299,1640,243967785.0,27.89,2936.46,59920000000.0,Ferralsols / Gleysols / Lateritic,Winter,Irrigation,93.0,0.309492357048499,,
Mon,2013,Sesamum(Late),3036,3036,981,199816069.0,27.75,2472.26,63260000000.0,Ferralsols / Gleysols / Lateritic,Winter,Irrigation,93.0,0.323122529644268,,
Mon,2014,Sesamum(Late),2772,2772,893,267590796.3,27.71,1805.43,67459999999.9999,Ferralsols / Gleysols / Lateritic,Winter,Irrigation,88.68,0.322150072150072,,
Mon,2015,Sesamum(Late),2886,2886,945,238665203.2,27.96,2500.08,62720000000.0,Ferralsols / Gleysols / Lateritic,Winter,Irrigation,93.0,0.327442827442827,,
Mon,2016,Sesamum(Late),1700,1700,558,314946615.9,27.84,2247.31,60120000000.0,Ferralsols / Gleysols / Lateritic,Winter,Irrigation,93.0,0.328235294117647,,
Mon,2017,Sesamum(Late),1493,1493,501,304701296.0,27.68,2729.02,63340000000.0,Ferralsols / Gleysols / Lateritic,Winter,Irrigation,93.0,0.33556597454789,,
Mon,2018,Sesamum(Late),1882,1882,600,380230690.0,27.86,3263.34,67150000000.0,Ferralsols / Gleysols / Lateritic,Winter,Irrigation,93.0,0.318809776833156,,
Mon,2019,Sesamum(Late),1950,1950,546,413574673.8,28.11,2717.71,68700000000.0,Ferralsols / Gleysols / Lateritic,Winter,Irrigation,93.0,0.28,,
Mon,2020,Sesamum(Late),1407,1407,390,391351453.3,28.13,1897.4,78930000000.0,Ferralsols / Gleysols / Lateritic,Winter,Irrigation,89.71,0.277185501066098,,
Mon,2021,Sesamum(Late),1444,1444,414,388899650.8,27.71,3711.2,65120000000.0,Ferralsols / Gleysols / Lateritic,Winter,Irrigation,93.0,0.286703601108033,,
Mon,2022,Sesamum(Late),1201,1201,329,586761617.0,27.71,3270.72,62240000000.0,Ferralsols / Gleysols / Lateritic,Winter,Irrigation,93.0,0.273938384679433,,
Mon,2023,Sesamum(Late),1449,1449,420,586702652.6,28.09,3075.98,64800000000.0,Ferralsols / Gleysols / Lateritic,Winter,Irrigation,93.0,0.289855072463768,,
Rakhine,2012,Sesamum(Late),311,311,64,243967785.0,26.54,2984.69,59920000000.0,Gleysols / Alluvial / Mountainous,Winter,Irrigation,93.0,0.205787781350482,,
Rakhine,2013,Sesamum(Late),334,334,68,199816069.0,26.5,3116.99,63260000000.0,Gleysols / Alluvial / Mountainous,Winter,Irrigation,93.0,0.203592814371257,,
Rakhine,2014,Sesamum(Late),300,300,64,267590796.3,26.74,2952.75,67459999999.9999,Gleysols / Alluvial / Mountainous,Winter,Irrigation,93.0,0.213333333333333,,
Rakhine,2015,Sesamum(Late),342,342,71,238665203.2,26.5,8475.24,62720000000.0,Gleysols / Alluvial / Mountainous,Winter,Irrigation,93.0,0.207602339181286,,
Rakhine,2016,Sesamum(Late),325,325,69,314946615.9,26.76,10036.74,60120000000.0,Gleysols / Alluvial / Mountainous,Winter,Irrigation,93.0,0.212307692307692,,
Rakhine,2017,Sesamum(Late),147,147,30,304701296.0,26.66,7844.64,63340000000.0,Gleysols / Alluvial / Mountainous,Winter,Irrigation,93.0,0.204081632653061,,
Rakhine,2018,Sesamum(Late),117,117,23,380230690.0,26.17,7927.61,67150000000.0,Gleysols / Alluvial / Mountainous,Winter,Irrigation,93.0,0.196581196581196,,
Rakhine,2019,Sesamum(Late),116,116,22,413574673.8,26.66,8062.73,68700000000.0,Gleysols / Alluvial / Mountainous,Winter,Irrigation,93.0,0.189655172413793,,
Rakhine,2020,Sesamum(Late),134,134,27,391351453.3,26.49,7855.92,78930000000.0,Gleysols / Alluvial / Mountainous,Winter,Irrigation,93.0,0.201492537313432,,
Rakhine,2021,Sesamum(Late),144,144,29,388899650.8,26.93,5291.74,65120000000.0,Gleysols / Alluvial / Mountainous,Winter,Irrigation,93.0,0.201388888888888,,
Rakhine,2022,Sesamum(Late),145,145,29,586761617.0,26.66,5117.41,62240000000.0,Gleysols / Alluvial / Mountainous,Winter,Irrigation,93.0,0.2,,
Rakhine,2023,Sesamum(Late),143,143,29,586702652.6,26.9,5823.68,64800000000.0,Gleysols / Alluvial / Mountainous,Winter,Irrigation,93.0,0.202797202797202,,
Yangon,2012,Sesamum(Late),4261,4261,1090,243967785.0,27.5,1871.61,59920000000.0,Fluvisols / Gleysols / Alluvial,Winter,Irrigation,89.51,0.255808495658296,,
Yangon,2013,Sesamum(Late),4322,4322,1144,199816069.0,27.61,1492.96,63260000000.0,Fluvisols / Gleysols / Alluvial,Winter,Irrigation,84.95,0.264692272096251,,
Yangon,2014,Sesamum(Late),4366,4366,1162,267590796.3,27.67,1241.48,67459999999.9999,Fluvisols / Gleysols / Alluvial,Winter,Irrigation,81.92,0.266147503435639,,
Yangon,2015,Sesamum(Late),4371,4371,1167,238665203.2,27.86,1676.99,62720000000.0,Fluvisols / Gleysols / Alluvial,Winter,Irrigation,87.11,0.266986959505833,,
Yangon,2016,Sesamum(Late),3838,3838,1028,314946615.9,27.8,1521.79,60120000000.0,Fluvisols / Gleysols / Alluvial,Winter,Irrigation,85.26,0.26784783741532,,
Yangon,2017,Sesamum(Late),3870,3870,1030,304701296.0,27.54,1863.36,63340000000.0,Fluvisols / Gleysols / Alluvial,Winter,Irrigation,89.4,0.266149870801033,,
Yangon,2018,Sesamum(Late),3816,3816,1021,380230690.0,27.53,2226.31,67150000000.0,Fluvisols / Gleysols / Alluvial,Winter,Irrigation,93.0,0.267557651991614,,
Yangon,2019,Sesamum(Late),3816,3816,1025,413574673.8,28.09,1694.52,68700000000.0,Fluvisols / Gleysols / Alluvial,Winter,Irrigation,87.28,0.268605870020964,,
Yangon,2020,Sesamum(Late),4929,4929,1328,391351453.3,28.05,1262.54,78930000000.0,Fluvisols / Gleysols / Alluvial,Winter,Irrigation,82.1,0.269425847027794,,
Yangon,2021,Sesamum(Late),4963,4953,1338,388899650.8,27.4,2360.45,65120000000.0,Fluvisols / Gleysols / Alluvial,Winter,Irrigation,93.0,0.270139309509388,,
Yangon,2022,Sesamum(Late),4931,4931,1331,586761617.0,27.36,2242.28,62240000000.0,Fluvisols / Gleysols / Alluvial,Winter,Irrigation,93.0,0.269924964510241,,
Yangon,2023,Sesamum(Late),4936,4936,1342,586702652.6,28.02,2034.25,64800000000.0,Fluvisols / Gleysols / Alluvial,Winter,Irrigation,91.37,0.271880064829821,,
Shan,2012,Sesamum(Late),4566,4566,1331,243967785.0,21.06,671.3,59920000000.0,Acrisols / Ferralsols / Red Earth,Winter,Irrigation,76.26,0.291502409110819,,
Shan,2013,Sesamum(Late),4874,4874,1323,199816069.0,21.38,594.52,63260000000.0,Acrisols / Ferralsols / Red Earth,Winter,Irrigation,75.29,0.271440295445219,,
Shan,2014,Sesamum(Late),5222,5222,1515,267590796.3,21.82,438.2,67459999999.9999,Acrisols / Ferralsols / Red Earth,Winter,Irrigation,73.33,0.29011872845653,,
Shan,2015,Sesamum(Late),5220,5220,1567,238665203.2,21.68,533.62,62720000000.0,Acrisols / Ferralsols / Red Earth,Winter,Irrigation,74.5,0.300191570881226,,
Shan,2016,Sesamum(Late),5287,5287,1565,314946615.9,21.69,570.05,60120000000.0,Acrisols / Ferralsols / Red Earth,Winter,Irrigation,74.94,0.296009078872706,,
Shan,2017,Sesamum(Late),5803,5803,1847,304701296.0,21.52,759.17,63340000000.0,Acrisols / Ferralsols / Red Earth,Winter,Irrigation,77.24,0.318283646389798,,
Shan,2018,Sesamum(Late),5858,5706,1811,380230690.0,21.16,624.01,67150000000.0,Acrisols / Ferralsols / Red Earth,Winter,Irrigation,75.68,0.317385208552401,,
Shan,2019,Sesamum(Late),6833,6833,1509,413574673.8,21.87,584.23,68700000000.0,Acrisols / Ferralsols / Red Earth,Winter,Irrigation,75.07,0.220840040977608,,
Shan,2020,Sesamum(Late),7033,7033,1609,391351453.3,21.56,626.15,78930000000.0,Acrisols / Ferralsols / Red Earth,Winter,Irrigation,75.63,0.228778615100241,,
Shan,2021,Sesamum(Late),6779,6499,1552,388899650.8,21.67,658.43,65120000000.0,Acrisols / Ferralsols / Red Earth,Winter,Irrigation,76.0,0.238805970149253,,
Shan,2022,Sesamum(Late),7391,7391,1808,586761617.0,21.33,803.12,62240000000.0,Acrisols / Ferralsols / Red Earth,Winter,Irrigation,77.8,0.244621837369774,,
Shan,2023,Sesamum(Late),7338,7338,1634,586702652.6,22.07,653.29,64800000000.0,Acrisols / Ferralsols / Red Earth,Winter,Irrigation,75.87,0.222676478604524,,
Ayeyarwady,2012,Sesamum(Late),20226,20226,5823,243967785.0,27.73,892.99,59920000000.0,Fluvisols / Gleysols / Alluvial,Winter,Irrigation,77.72,0.287896766538119,,
Ayeyarwady,2013,Sesamum(Late),20020,20020,5285,199816069.0,27.91,705.85,63260000000.0,Fluvisols / Gleysols / Alluvial,Winter,Irrigation,75.45,0.263986013986014,,
Ayeyarwady,2014,Sesamum(Late),20066,20066,6060,267590796.3,28.21,606.23,67459999999.9999,Fluvisols / Gleysols / Alluvial,Winter,Irrigation,74.2,0.302003388816904,,
Ayeyarwady,2015,Sesamum(Late),19454,19454,5860,238665203.2,28.19,737.44,62720000000.0,Fluvisols / Gleysols / Alluvial,Winter,Irrigation,75.78,0.301223398786881,,
Ayeyarwady,2016,Sesamum(Late),18857,18857,5654,314946615.9,28.14,712.5,60120000000.0,Fluvisols / Gleysols / Alluvial,Winter,Irrigation,75.48,0.299835604815188,,
Ayeyarwady,2017,Sesamum(Late),19128,19128,5774,304701296.0,28.04,819.64,63340000000.0,Fluvisols / Gleysols / Alluvial,Winter,Irrigation,76.79,0.301861145964031,,
Ayeyarwady,2018,Sesamum(Late),17177,17177,5160,380230690.0,27.76,972.0,67150000000.0,Fluvisols / Gleysols / Alluvial,Winter,Irrigation,78.67,0.300401699947604,,
Ayeyarwady,2019,Sesamum(Late),17060,17060,5110,413574673.8,28.38,776.06,68700000000.0,Fluvisols / Gleysols / Alluvial,Winter,Irrigation,76.2,0.299531066822977,,
Ayeyarwady,2020,Sesamum(Late),16525,16525,4793,391351453.3,28.37,575.94,78930000000.0,Fluvisols / Gleysols / Alluvial,Winter,Irrigation,73.8,0.290045385779122,,
Ayeyarwady,2021,Sesamum(Late),16639,16639,4815,388899650.8,27.92,960.87,65120000000.0,Fluvisols / Gleysols / Alluvial,Winter,Irrigation,78.5,0.289380371416551,,
Ayeyarwady,2022,Sesamum(Late),15435,15435,4269,586761617.0,27.91,944.56,62240000000.0,Fluvisols / Gleysols / Alluvial,Winter,Irrigation,78.31,0.276579203109815,,
Ayeyarwady,2023,Sesamum(Late),15484,15484,4258,586702652.6,28.36,837.63,64800000000.0,Fluvisols / Gleysols / Alluvial,Winter,Irrigation,76.95,0.274993541720485,,
Nay Pyi Taw,2012,Sesamum(Late),26087,26087,6227,243967785.0,25.41,942.84,59920000000.0,Cambisols / Fluvisols / Loam,Winter,Irrigation,78.74,0.238701268831218,,
Nay Pyi Taw,2013,Sesamum(Late),27506,27204,6639,199816069.0,25.88,775.78,63260000000.0,Cambisols / Fluvisols / Loam,Winter,Irrigation,76.65,0.244044993383325,,
Nay Pyi Taw,2014,Sesamum(Late),27794,27794,6809,267590796.3,26.38,617.16,67459999999.9999,Cambisols / Fluvisols / Loam,Winter,Irrigation,74.66,0.244980931136216,,
Nay Pyi Taw,2015,Sesamum(Late),29239,29239,7136,238665203.2,26.35,678.38,62720000000.0,Cambisols / Fluvisols / Loam,Winter,Irrigation,75.4,0.24405759430897,,
Nay Pyi Taw,2016,Sesamum(Late),28645,28622,6053,314946615.9,26.23,754.74,60120000000.0,Cambisols / Fluvisols / Loam,Winter,Irrigation,76.34,0.211480679197819,,
Nay Pyi Taw,2017,Sesamum(Late),28562,28562,6654,304701296.0,26.08,972.17,63340000000.0,Cambisols / Fluvisols / Loam,Winter,Irrigation,78.97,0.232966879070093,,
Nay Pyi Taw,2018,Sesamum(Late),28744,28744,6693,380230690.0,25.73,812.09,67150000000.0,Cambisols / Fluvisols / Loam,Winter,Irrigation,77.11,0.232848594489284,,
Nay Pyi Taw,2019,Sesamum(Late),28764,28764,6760,413574673.8,26.57,787.91,68700000000.0,Cambisols / Fluvisols / Loam,Winter,Irrigation,76.67,0.235015992212487,,
Nay Pyi Taw,2020,Sesamum(Late),31395,31395,7338,391351453.3,26.28,762.33,78930000000.0,Cambisols / Fluvisols / Loam,Winter,Irrigation,76.42,0.233731485905398,,
Nay Pyi Taw,2021,Sesamum(Late),30304,30304,7117,388899650.8,26.24,851.96,65120000000.0,Cambisols / Fluvisols / Loam,Winter,Irrigation,77.5,0.234853484688489,,
Nay Pyi Taw,2022,Sesamum(Late),28443,28443,6691,586761617.0,25.96,1027.18,62240000000.0,Cambisols / Fluvisols / Loam,Winter,Irrigation,79.65,0.235242414653869,,
Nay Pyi Taw,2023,Sesamum(Late),24629,24629,5741,586702652.6,26.62,853.39,64800000000.0,Cambisols / Fluvisols / Loam,Winter,Irrigation,77.45,0.233099192009419,,
Kachin,2012,Sesamum(Summer),0,0,0,243967785.0,23.38,914.61,59920000000.0,Acrisols / Red-Brown Lateritic,Summer,Irrigation,78.77,0.0,,
Kachin,2013,Sesamum(Summer),0,0,0,199816069.0,23.62,939.94,63260000000.0,Acrisols / Red-Brown Lateritic,Summer,Irrigation,79.03,0.0,,
Kachin,2014,Sesamum(Summer),0,0,0,267590796.3,24.01,833.48,67459999999.9999,Acrisols / Red-Brown Lateritic,Summer,Irrigation,77.68,0.0,,
Kachin,2015,Sesamum(Summer),0,0,0,238665203.2,23.27,1005.47,62720000000.0,Acrisols / Red-Brown Lateritic,Summer,Irrigation,79.88,0.0,,
Kachin,2016,Sesamum(Summer),0,0,0,314946615.9,23.17,1224.63,60120000000.0,Acrisols / Red-Brown Lateritic,Summer,Irrigation,82.52,0.0,,
Kachin,2017,Sesamum(Summer),0,0,0,304701296.0,23.28,1125.21,63340000000.0,Acrisols / Red-Brown Lateritic,Summer,Irrigation,81.31,0.0,,
Kachin,2018,Sesamum(Summer),0,0,0,380230690.0,22.85,1162.0,67150000000.0,Acrisols / Red-Brown Lateritic,Summer,Irrigation,81.83,0.0,,
Kachin,2019,Sesamum(Summer),0,0,0,413574673.8,23.49,1042.44,68700000000.0,Acrisols / Red-Brown Lateritic,Summer,Irrigation,80.28,0.0,,
Kachin,2020,Sesamum(Summer),0,0,0,391351453.3,22.87,1329.91,78930000000.0,Acrisols / Red-Brown Lateritic,Summer,Irrigation,83.84,0.0,,
Kachin,2021,Sesamum(Summer),0,0,0,388899650.8,23.65,1005.31,65120000000.0,Acrisols / Red-Brown Lateritic,Summer,Irrigation,79.81,0.0,,
Kachin,2022,Sesamum(Summer),0,0,0,586761617.0,22.99,1256.07,62240000000.0,Acrisols / Red-Brown Lateritic,Summer,Irrigation,82.93,0.0,,
Kachin,2023,Sesamum(Summer),0,0,0,586702652.6,23.84,1183.85,64800000000.0,Acrisols / Red-Brown Lateritic,Summer,Irrigation,81.91,0.0,,
Kayah,2012,Sesamum(Summer),0,0,0,243967785.0,22.51,1604.82,59920000000.0,Luvisols / Red Earth,Summer,Irrigation,87.21,0.0,,
Kayah,2013,Sesamum(Summer),0,0,0,199816069.0,22.71,1317.07,63260000000.0,Luvisols / Red Earth,Summer,Irrigation,83.72,0.0,,
Kayah,2014,Sesamum(Summer),0,0,0,267590796.3,23.02,1089.18,67459999999.9999,Luvisols / Red Earth,Summer,Irrigation,80.93,0.0,,
Kayah,2015,Sesamum(Summer),0,0,0,238665203.2,23.36,1113.03,62720000000.0,Luvisols / Red Earth,Summer,Irrigation,81.15,0.0,,
Kayah,2016,Sesamum(Summer),0,0,0,314946615.9,23.41,1222.88,60120000000.0,Luvisols / Red Earth,Summer,Irrigation,82.46,0.0,,
Kayah,2017,Sesamum(Summer),3,3,1,304701296.0,23.16,1567.54,63340000000.0,Luvisols / Red Earth,Summer,Irrigation,86.64,0.333333333333333,,
Kayah,2018,Sesamum(Summer),0,0,0,380230690.0,22.69,1316.55,67150000000.0,Luvisols / Red Earth,Summer,Irrigation,83.71,0.0,,
Kayah,2019,Sesamum(Summer),0,0,0,413574673.8,23.24,1282.79,68700000000.0,Luvisols / Red Earth,Summer,Irrigation,83.21,0.0,,
Kayah,2020,Sesamum(Summer),0,0,0,391351453.3,23.16,1222.66,78930000000.0,Luvisols / Red Earth,Summer,Irrigation,82.5,0.0,,
Kayah,2021,Sesamum(Summer),0,0,0,388899650.8,23.01,1440.62,65120000000.0,Luvisols / Red Earth,Summer,Irrigation,85.15,0.0,,
Kayah,2022,Sesamum(Summer),0,0,0,586761617.0,22.94,1814.13,62240000000.0,Luvisols / Red Earth,Summer,Irrigation,89.64,0.0,,
Kayah,2023,Sesamum(Summer),0,0,0,586702652.6,23.4,1417.46,64800000000.0,Luvisols / Red Earth,Summer,Irrigation,84.8,0.0,,
Kayin,2012,Sesamum(Summer),0,0,0,243967785.0,26.77,2467.92,59920000000.0,Fluvisols / Gleysols / Alluvial,Summer,Irrigation,93.0,0.0,,
Kayin,2013,Sesamum(Summer),0,0,0,199816069.0,26.67,2022.51,63260000000.0,Fluvisols / Gleysols / Alluvial,Summer,Irrigation,91.47,0.0,,
Kayin,2014,Sesamum(Summer),0,0,0,267590796.3,26.61,1604.54,67459999999.9999,Fluvisols / Gleysols / Alluvial,Summer,Irrigation,86.46,0.0,,
Kayin,2015,Sesamum(Summer),0,0,0,238665203.2,26.97,1981.43,62720000000.0,Fluvisols / Gleysols / Alluvial,Summer,Irrigation,90.92,0.0,,
Kayin,2016,Sesamum(Summer),890,890,353,314946615.9,26.89,1804.66,60120000000.0,Fluvisols / Gleysols / Alluvial,Summer,Irrigation,88.82,0.396629213483146,,
Kayin,2017,Sesamum(Summer),741,741,299,304701296.0,26.65,2185.47,63340000000.0,Fluvisols / Gleysols / Alluvial,Summer,Irrigation,93.0,0.403508771929824,,
Kayin,2018,Sesamum(Summer),713,713,293,380230690.0,26.73,2484.66,67150000000.0,Fluvisols / Gleysols / Alluvial,Summer,Irrigation,93.0,0.4109396914446,,
Kayin,2019,Sesamum(Summer),693,693,284,413574673.8,26.95,2087.25,68700000000.0,Fluvisols / Gleysols / Alluvial,Summer,Irrigation,92.2,0.409812409812409,,
Kayin,2020,Sesamum(Summer),697,697,286,391351453.3,27.12,1531.95,78930000000.0,Fluvisols / Gleysols / Alluvial,Summer,Irrigation,85.5,0.410329985652797,,
Kayin,2021,Sesamum(Summer),693,693,285,388899650.8,26.67,2969.17,65120000000.0,Fluvisols / Gleysols / Alluvial,Summer,Irrigation,93.0,0.411255411255411,,
Kayin,2022,Sesamum(Summer),678,678,280,586761617.0,26.62,2622.64,62240000000.0,Fluvisols / Gleysols / Alluvial,Summer,Irrigation,93.0,0.412979351032448,,
Kayin,2023,Sesamum(Summer),682,682,281,586702652.6,26.96,2436.25,64800000000.0,Fluvisols / Gleysols / Alluvial,Summer,Irrigation,93.0,0.412023460410557,,
Chin,2012,Sesamum(Summer),0,0,0,243967785.0,22.62,716.7,59920000000.0,Cambisols / Mountainous Soil,Summer,Irrigation,76.53,0.0,,
Chin,2013,Sesamum(Summer),0,0,0,199816069.0,22.48,814.73,63260000000.0,Cambisols / Mountainous Soil,Summer,Irrigation,77.73,0.0,,
Chin,2014,Sesamum(Summer),0,0,0,267590796.3,22.97,716.65,67459999999.9999,Cambisols / Mountainous Soil,Summer,Irrigation,76.47,0.0,,
Chin,2015,Sesamum(Summer),0,0,0,238665203.2,22.61,913.76,62720000000.0,Cambisols / Mountainous Soil,Summer,Irrigation,78.9,0.0,,
Chin,2016,Sesamum(Summer),0,0,0,314946615.9,22.87,965.57,60120000000.0,Cambisols / Mountainous Soil,Summer,Irrigation,79.47,0.0,,
Chin,2017,Sesamum(Summer),0,0,0,304701296.0,22.26,1578.85,63340000000.0,Cambisols / Mountainous Soil,Summer,Irrigation,86.94,0.0,,
Chin,2018,Sesamum(Summer),0,0,0,380230690.0,21.95,1160.88,67150000000.0,Cambisols / Mountainous Soil,Summer,Irrigation,81.98,0.0,,
Chin,2019,Sesamum(Summer),0,0,0,413574673.8,22.53,1254.78,68700000000.0,Cambisols / Mountainous Soil,Summer,Irrigation,83.0,0.0,,
Chin,2020,Sesamum(Summer),0,0,0,391351453.3,22.26,1038.88,78930000000.0,Cambisols / Mountainous Soil,Summer,Irrigation,80.46,0.0,,
Chin,2021,Sesamum(Summer),0,0,0,388899650.8,22.92,753.21,65120000000.0,Cambisols / Mountainous Soil,Summer,Irrigation,76.91,0.0,,
Chin,2022,Sesamum(Summer),0,0,0,586761617.0,22.64,714.38,62240000000.0,Cambisols / Mountainous Soil,Summer,Irrigation,76.5,0.0,,
Chin,2023,Sesamum(Summer),0,0,0,586702652.6,23.13,770.15,64800000000.0,Cambisols / Mountainous Soil,Summer,Irrigation,77.08,0.0,,
Sagaing,2012,Sesamum(Summer),0,0,0,243967785.0,28.48,302.6,59920000000.0,Luvisols / Cambisols / Savanna,Summer,Irrigation,70.5,0.0,,
Sagaing,2013,Sesamum(Summer),0,0,0,199816069.0,28.47,362.75,63260000000.0,Luvisols / Cambisols / Savanna,Summer,Irrigation,71.23,0.0,,
Sagaing,2014,Sesamum(Summer),0,0,0,267590796.3,29.02,272.71,67459999999.9999,Luvisols / Cambisols / Savanna,Summer,Irrigation,70.05,0.0,,
Sagaing,2015,Sesamum(Summer),0,0,0,238665203.2,28.54,378.91,62720000000.0,Luvisols / Cambisols / Savanna,Summer,Irrigation,71.41,0.0,,
Sagaing,2016,Sesamum(Summer),115117,104180,48467,314946615.9,28.61,466.45,60120000000.0,Luvisols / Cambisols / Savanna,Summer,Irrigation,72.45,0.465223651372624,,
Sagaing,2017,Sesamum(Summer),93559,41024,17449,304701296.0,28.07,637.58,63340000000.0,Luvisols / Cambisols / Savanna,Summer,Irrigation,74.6,0.425336388455538,,
Sagaing,2018,Sesamum(Summer),95978,95978,43278,380230690.0,27.88,475.8,67150000000.0,Luvisols / Cambisols / Savanna,Summer,Irrigation,72.69,0.450915834878826,,
Sagaing,2019,Sesamum(Summer),109213,109188,48712,413574673.8,28.67,477.22,68700000000.0,Luvisols / Cambisols / Savanna,Summer,Irrigation,72.57,0.446129611312598,,
Sagaing,2020,Sesamum(Summer),95342,95342,41320,391351453.3,28.0,552.96,78930000000.0,Luvisols / Cambisols / Savanna,Summer,Irrigation,73.6,0.433387174592519,,
Sagaing,2021,Sesamum(Summer),97672,97672,42129,388899650.8,29.14,338.14,65120000000.0,Luvisols / Cambisols / Savanna,Summer,Irrigation,70.81,0.431331394872634,,
Sagaing,2022,Sesamum(Summer),97395,96493,38998,586761617.0,28.78,375.7,62240000000.0,Luvisols / Cambisols / Savanna,Summer,Irrigation,71.33,0.404153669178075,,
Sagaing,2023,Sesamum(Summer),94693,94693,38870,586702652.6,29.19,387.79,64800000000.0,Luvisols / Cambisols / Savanna,Summer,Irrigation,71.4,0.410484407506362,,
Tanintharyi,2012,Sesamum(Summer),0,0,0,243967785.0,26.24,2388.49,59920000000.0,Ferralsols / Plinthosols / Lateritic,Summer,Irrigation,93.0,0.0,,
Tanintharyi,2013,Sesamum(Summer),0,0,0,199816069.0,25.94,2304.57,63260000000.0,Ferralsols / Plinthosols / Lateritic,Summer,Irrigation,93.0,0.0,,
Tanintharyi,2014,Sesamum(Summer),0,0,0,267590796.3,25.99,1706.05,67459999999.9999,Ferralsols / Plinthosols / Lateritic,Summer,Irrigation,87.79,0.0,,
Tanintharyi,2015,Sesamum(Summer),0,0,0,238665203.2,26.43,1914.37,62720000000.0,Ferralsols / Plinthosols / Lateritic,Summer,Irrigation,90.22,0.0,,
Tanintharyi,2016,Sesamum(Summer),0,0,0,314946615.9,26.3,1870.73,60120000000.0,Ferralsols / Plinthosols / Lateritic,Summer,Irrigation,89.71,0.0,,
Tanintharyi,2017,Sesamum(Summer),0,0,0,304701296.0,26.08,2485.72,63340000000.0,Ferralsols / Plinthosols / Lateritic,Summer,Irrigation,93.0,0.0,,
Tanintharyi,2018,Sesamum(Summer),0,0,0,380230690.0,26.23,2273.98,67150000000.0,Ferralsols / Plinthosols / Lateritic,Summer,Irrigation,93.0,0.0,,
Tanintharyi,2019,Sesamum(Summer),0,0,0,413574673.8,26.44,1846.93,68700000000.0,Ferralsols / Plinthosols / Lateritic,Summer,Irrigation,89.4,0.0,,
Tanintharyi,2020,Sesamum(Summer),0,0,0,391351453.3,26.42,2375.71,78930000000.0,Ferralsols / Plinthosols / Lateritic,Summer,Irrigation,93.0,0.0,,
Tanintharyi,2021,Sesamum(Summer),5,5,1,388899650.8,25.97,2896.94,65120000000.0,Ferralsols / Plinthosols / Lateritic,Summer,Irrigation,93.0,0.2,,
Tanintharyi,2022,Sesamum(Summer),2,2,0,586761617.0,26.08,2726.62,62240000000.0,Ferralsols / Plinthosols / Lateritic,Summer,Irrigation,93.0,0.0,,
Tanintharyi,2023,Sesamum(Summer),31,31,4,586702652.6,26.46,2318.19,64800000000.0,Ferralsols / Plinthosols / Lateritic,Summer,Irrigation,93.0,0.129032258064516,,
Bago,2012,Sesamum(Summer),0,0,0,243967785.0,27.33,1519.25,59920000000.0,Fluvisols / Gleysols / Alluvial,Summer,Irrigation,85.31,0.0,,
Bago,2013,Sesamum(Summer),0,0,0,199816069.0,27.57,1187.91,63260000000.0,Fluvisols / Gleysols / Alluvial,Summer,Irrigation,81.29,0.0,,
Bago,2014,Sesamum(Summer),0,0,0,267590796.3,27.57,1054.41,67459999999.9999,Fluvisols / Gleysols / Alluvial,Summer,Irrigation,79.69,0.0,,
Bago,2015,Sesamum(Summer),0,0,0,238665203.2,27.77,1256.33,62720000000.0,Fluvisols / Gleysols / Alluvial,Summer,Irrigation,82.08,0.0,,
Bago,2016,Sesamum(Summer),659,659,161,314946615.9,27.71,1212.7,60120000000.0,Fluvisols / Gleysols / Alluvial,Summer,Irrigation,81.56,0.244309559939301,,
Bago,2017,Sesamum(Summer),1281,1245,312,304701296.0,27.49,1498.81,63340000000.0,Fluvisols / Gleysols / Alluvial,Summer,Irrigation,85.04,0.250602409638554,,
Bago,2018,Sesamum(Summer),138,138,36,380230690.0,27.43,1690.27,67150000000.0,Fluvisols / Gleysols / Alluvial,Summer,Irrigation,87.35,0.260869565217391,,
Bago,2019,Sesamum(Summer),1221,1221,297,413574673.8,28.09,1236.72,68700000000.0,Fluvisols / Gleysols / Alluvial,Summer,Irrigation,81.78,0.243243243243243,,
Bago,2020,Sesamum(Summer),129,129,26,391351453.3,28.01,1004.02,78930000000.0,Fluvisols / Gleysols / Alluvial,Summer,Irrigation,79.01,0.201550387596899,,
Bago,2021,Sesamum(Summer),370,370,106,388899650.8,27.31,1749.84,65120000000.0,Fluvisols / Gleysols / Alluvial,Summer,Irrigation,88.08,0.286486486486486,,
Bago,2022,Sesamum(Summer),355,355,102,586761617.0,27.34,1789.55,62240000000.0,Fluvisols / Gleysols / Alluvial,Summer,Irrigation,88.55,0.287323943661971,,
Bago,2023,Sesamum(Summer),994,994,325,586702652.6,28.01,1574.66,64800000000.0,Fluvisols / Gleysols / Alluvial,Summer,Irrigation,85.85,0.326961770623742,,
Magway,2012,Sesamum(Summer),0,0,0,243967785.0,26.79,898.02,59920000000.0,Regosols / Luvisols / Sandy Savanna,Summer,Irrigation,77.95,0.0,,
Magway,2013,Sesamum(Summer),0,0,0,199816069.0,26.96,878.15,63260000000.0,Regosols / Luvisols / Sandy Savanna,Summer,Irrigation,77.68,0.0,,
Magway,2014,Sesamum(Summer),0,0,0,267590796.3,27.42,770.86,67459999999.9999,Regosols / Luvisols / Sandy Savanna,Summer,Irrigation,76.31,0.0,,
Magway,2015,Sesamum(Summer),0,0,0,238665203.2,27.31,734.05,62720000000.0,Regosols / Luvisols / Sandy Savanna,Summer,Irrigation,75.89,0.0,,
Magway,2016,Sesamum(Summer),96771,76713,16852,314946615.9,27.18,941.74,60120000000.0,Regosols / Luvisols / Sandy Savanna,Summer,Irrigation,78.41,0.219675934978426,,
Magway,2017,Sesamum(Summer),56650,20633,4176,304701296.0,27.02,1107.58,63340000000.0,Regosols / Luvisols / Sandy Savanna,Summer,Irrigation,80.43,0.202394222846895,,
Magway,2018,Sesamum(Summer),84715,84715,15053,380230690.0,26.75,839.14,67150000000.0,Regosols / Luvisols / Sandy Savanna,Summer,Irrigation,77.25,0.17768990143422,,
Magway,2019,Sesamum(Summer),132181,131816,24584,413574673.8,27.7,769.91,68700000000.0,Regosols / Luvisols / Sandy Savanna,Summer,Irrigation,76.25,0.186502397281058,,
Magway,2020,Sesamum(Summer),87349,87340,15940,391351453.3,27.15,822.19,78930000000.0,Regosols / Luvisols / Sandy Savanna,Summer,Irrigation,76.98,0.182505152278452,,
Magway,2021,Sesamum(Summer),119381,118545,27919,388899650.8,27.77,689.55,65120000000.0,Regosols / Luvisols / Sandy Savanna,Summer,Irrigation,75.28,0.235513939854063,,
Magway,2022,Sesamum(Summer),103572,30963,7407,586761617.0,27.6,729.42,62240000000.0,Regosols / Luvisols / Sandy Savanna,Summer,Irrigation,75.79,0.2392210057165,,
Magway,2023,Sesamum(Summer),119440,117905,31477,586702652.6,28.03,696.9,64800000000.0,Regosols / Luvisols / Sandy Savanna,Summer,Irrigation,75.32,0.266969170094567,,
Mandalay,2012,Sesamum(Summer),0,0,0,243967785.0,27.22,338.39,59920000000.0,Luvisols / Cambisols / Savanna,Summer,Irrigation,71.16,0.0,,
Mandalay,2013,Sesamum(Summer),0,0,0,199816069.0,27.39,350.66,63260000000.0,Luvisols / Cambisols / Savanna,Summer,Irrigation,71.28,0.0,,
Mandalay,2014,Sesamum(Summer),0,0,0,267590796.3,27.89,270.44,67459999999.9999,Luvisols / Cambisols / Savanna,Summer,Irrigation,70.23,0.0,,
Mandalay,2015,Sesamum(Summer),0,0,0,238665203.2,27.41,376.48,62720000000.0,Luvisols / Cambisols / Savanna,Summer,Irrigation,71.58,0.0,,
Mandalay,2016,Sesamum(Summer),109260,99488,33185,314946615.9,27.59,376.98,60120000000.0,Luvisols / Cambisols / Savanna,Summer,Irrigation,71.56,0.333557816018012,,
Mandalay,2017,Sesamum(Summer),90505,88016,29854,304701296.0,27.37,461.76,63340000000.0,Luvisols / Cambisols / Savanna,Summer,Irrigation,72.61,0.339188329394655,,
Mandalay,2018,Sesamum(Summer),97232,89192,27640,380230690.0,27.03,394.62,67150000000.0,Luvisols / Cambisols / Savanna,Summer,Irrigation,71.87,0.309893263969862,,
Mandalay,2019,Sesamum(Summer),76907,76858,25118,413574673.8,27.69,414.37,68700000000.0,Luvisols / Cambisols / Savanna,Summer,Irrigation,71.99,0.32681048166749,,
Mandalay,2020,Sesamum(Summer),42743,41164,13195,391351453.3,27.18,470.39,78930000000.0,Luvisols / Cambisols / Savanna,Summer,Irrigation,72.75,0.320547079972791,,
Mandalay,2021,Sesamum(Summer),101795,92726,29319,388899650.8,27.8,383.44,65120000000.0,Luvisols / Cambisols / Savanna,Summer,Irrigation,71.6,0.316189633975368,,
Mandalay,2022,Sesamum(Summer),105890,100536,31992,586761617.0,27.53,425.89,62240000000.0,Luvisols / Cambisols / Savanna,Summer,Irrigation,72.16,0.318214370971592,,
Mandalay,2023,Sesamum(Summer),127602,127602,40957,586702652.6,28.02,431.5,64800000000.0,Luvisols / Cambisols / Savanna,Summer,Irrigation,72.13,0.320974592874719,,
Mon,2012,Sesamum(Summer),0,0,0,243967785.0,27.89,2936.46,59920000000.0,Ferralsols / Gleysols / Lateritic,Summer,Irrigation,93.0,0.0,,
Mon,2013,Sesamum(Summer),0,0,0,199816069.0,27.75,2472.26,63260000000.0,Ferralsols / Gleysols / Lateritic,Summer,Irrigation,93.0,0.0,,
Mon,2014,Sesamum(Summer),0,0,0,267590796.3,27.71,1805.43,67459999999.9999,Ferralsols / Gleysols / Lateritic,Summer,Irrigation,88.68,0.0,,
Mon,2015,Sesamum(Summer),0,0,0,238665203.2,27.96,2500.08,62720000000.0,Ferralsols / Gleysols / Lateritic,Summer,Irrigation,93.0,0.0,,
Mon,2016,Sesamum(Summer),0,0,0,314946615.9,27.84,2247.31,60120000000.0,Ferralsols / Gleysols / Lateritic,Summer,Irrigation,93.0,0.0,,
Mon,2017,Sesamum(Summer),0,0,0,304701296.0,27.68,2729.02,63340000000.0,Ferralsols / Gleysols / Lateritic,Summer,Irrigation,93.0,0.0,,
Mon,2018,Sesamum(Summer),0,0,0,380230690.0,27.86,3263.34,67150000000.0,Ferralsols / Gleysols / Lateritic,Summer,Irrigation,93.0,0.0,,
Mon,2019,Sesamum(Summer),0,0,0,413574673.8,28.11,2717.71,68700000000.0,Ferralsols / Gleysols / Lateritic,Summer,Irrigation,93.0,0.0,,
Mon,2020,Sesamum(Summer),0,0,0,391351453.3,28.13,1897.4,78930000000.0,Ferralsols / Gleysols / Lateritic,Summer,Irrigation,89.71,0.0,,
Mon,2021,Sesamum(Summer),0,0,0,388899650.8,27.71,3711.2,65120000000.0,Ferralsols / Gleysols / Lateritic,Summer,Irrigation,93.0,0.0,,
Mon,2022,Sesamum(Summer),0,0,0,586761617.0,27.71,3270.72,62240000000.0,Ferralsols / Gleysols / Lateritic,Summer,Irrigation,93.0,0.0,,
Mon,2023,Sesamum(Summer),0,0,0,586702652.6,28.09,3075.98,64800000000.0,Ferralsols / Gleysols / Lateritic,Summer,Irrigation,93.0,0.0,,
Rakhine,2012,Sesamum(Summer),0,0,0,243967785.0,26.54,2984.69,59920000000.0,Gleysols / Alluvial / Mountainous,Summer,Irrigation,93.0,0.0,,
Rakhine,2013,Sesamum(Summer),0,0,0,199816069.0,26.5,3116.99,63260000000.0,Gleysols / Alluvial / Mountainous,Summer,Irrigation,93.0,0.0,,
Rakhine,2014,Sesamum(Summer),0,0,0,267590796.3,26.74,2952.75,67459999999.9999,Gleysols / Alluvial / Mountainous,Summer,Irrigation,93.0,0.0,,
Rakhine,2015,Sesamum(Summer),0,0,0,238665203.2,26.5,8475.24,62720000000.0,Gleysols / Alluvial / Mountainous,Summer,Irrigation,93.0,0.0,,
Rakhine,2016,Sesamum(Summer),0,0,0,314946615.9,26.76,10036.74,60120000000.0,Gleysols / Alluvial / Mountainous,Summer,Irrigation,93.0,0.0,,
Rakhine,2017,Sesamum(Summer),0,0,0,304701296.0,26.66,7844.64,63340000000.0,Gleysols / Alluvial / Mountainous,Summer,Irrigation,93.0,0.0,,
Rakhine,2018,Sesamum(Summer),0,0,0,380230690.0,26.17,7927.61,67150000000.0,Gleysols / Alluvial / Mountainous,Summer,Irrigation,93.0,0.0,,
Rakhine,2019,Sesamum(Summer),0,0,0,413574673.8,26.66,8062.73,68700000000.0,Gleysols / Alluvial / Mountainous,Summer,Irrigation,93.0,0.0,,
Rakhine,2020,Sesamum(Summer),0,0,0,391351453.3,26.49,7855.92,78930000000.0,Gleysols / Alluvial / Mountainous,Summer,Irrigation,93.0,0.0,,
Rakhine,2021,Sesamum(Summer),0,0,0,388899650.8,26.93,5291.74,65120000000.0,Gleysols / Alluvial / Mountainous,Summer,Irrigation,93.0,0.0,,
Rakhine,2022,Sesamum(Summer),3,3,0,586761617.0,26.66,5117.41,62240000000.0,Gleysols / Alluvial / Mountainous,Summer,Irrigation,93.0,0.0,,
Rakhine,2023,Sesamum(Summer),0,0,0,586702652.6,26.9,5823.68,64800000000.0,Gleysols / Alluvial / Mountainous,Summer,Irrigation,93.0,0.0,,
Yangon,2012,Sesamum(Summer),0,0,0,243967785.0,27.5,1871.61,59920000000.0,Fluvisols / Gleysols / Alluvial,Summer,Irrigation,89.51,0.0,,
Yangon,2013,Sesamum(Summer),0,0,0,199816069.0,27.61,1492.96,63260000000.0,Fluvisols / Gleysols / Alluvial,Summer,Irrigation,84.95,0.0,,
Yangon,2014,Sesamum(Summer),0,0,0,267590796.3,27.67,1241.48,67459999999.9999,Fluvisols / Gleysols / Alluvial,Summer,Irrigation,81.92,0.0,,
Yangon,2015,Sesamum(Summer),0,0,0,238665203.2,27.86,1676.99,62720000000.0,Fluvisols / Gleysols / Alluvial,Summer,Irrigation,87.11,0.0,,
Yangon,2016,Sesamum(Summer),101,101,20,314946615.9,27.8,1521.79,60120000000.0,Fluvisols / Gleysols / Alluvial,Summer,Irrigation,85.26,0.198019801980198,,
Yangon,2017,Sesamum(Summer),107,107,23,304701296.0,27.54,1863.36,63340000000.0,Fluvisols / Gleysols / Alluvial,Summer,Irrigation,89.4,0.214953271028037,,
Yangon,2018,Sesamum(Summer),40,40,9,380230690.0,27.53,2226.31,67150000000.0,Fluvisols / Gleysols / Alluvial,Summer,Irrigation,93.0,0.225,,
Yangon,2019,Sesamum(Summer),58,58,13,413574673.8,28.09,1694.52,68700000000.0,Fluvisols / Gleysols / Alluvial,Summer,Irrigation,87.28,0.224137931034482,,
Yangon,2020,Sesamum(Summer),132,132,30,391351453.3,28.05,1262.54,78930000000.0,Fluvisols / Gleysols / Alluvial,Summer,Irrigation,82.1,0.227272727272727,,
Yangon,2021,Sesamum(Summer),151,151,41,388899650.8,27.4,2360.45,65120000000.0,Fluvisols / Gleysols / Alluvial,Summer,Irrigation,93.0,0.271523178807947,,
Yangon,2022,Sesamum(Summer),14,14,3,586761617.0,27.36,2242.28,62240000000.0,Fluvisols / Gleysols / Alluvial,Summer,Irrigation,93.0,0.214285714285714,,
Yangon,2023,Sesamum(Summer),65,65,15,586702652.6,28.02,2034.25,64800000000.0,Fluvisols / Gleysols / Alluvial,Summer,Irrigation,91.37,0.23076923076923,,
Shan,2012,Sesamum(Summer),0,0,0,243967785.0,21.06,671.3,59920000000.0,Acrisols / Ferralsols / Red Earth,Summer,Irrigation,76.26,0.0,,
Shan,2013,Sesamum(Summer),0,0,0,199816069.0,21.38,594.52,63260000000.0,Acrisols / Ferralsols / Red Earth,Summer,Irrigation,75.29,0.0,,
Shan,2014,Sesamum(Summer),0,0,0,267590796.3,21.82,438.2,67459999999.9999,Acrisols / Ferralsols / Red Earth,Summer,Irrigation,73.33,0.0,,
Shan,2015,Sesamum(Summer),0,0,0,238665203.2,21.68,533.62,62720000000.0,Acrisols / Ferralsols / Red Earth,Summer,Irrigation,74.5,0.0,,
Shan,2016,Sesamum(Summer),0,0,0,314946615.9,21.69,570.05,60120000000.0,Acrisols / Ferralsols / Red Earth,Summer,Irrigation,74.94,0.0,,
Shan,2017,Sesamum(Summer),0,0,0,304701296.0,21.52,759.17,63340000000.0,Acrisols / Ferralsols / Red Earth,Summer,Irrigation,77.24,0.0,,
Shan,2018,Sesamum(Summer),0,0,0,380230690.0,21.16,624.01,67150000000.0,Acrisols / Ferralsols / Red Earth,Summer,Irrigation,75.68,0.0,,
Shan,2019,Sesamum(Summer),0,0,0,413574673.8,21.87,584.23,68700000000.0,Acrisols / Ferralsols / Red Earth,Summer,Irrigation,75.07,0.0,,
Shan,2020,Sesamum(Summer),0,0,0,391351453.3,21.56,626.15,78930000000.0,Acrisols / Ferralsols / Red Earth,Summer,Irrigation,75.63,0.0,,
Shan,2021,Sesamum(Summer),0,0,0,388899650.8,21.67,658.43,65120000000.0,Acrisols / Ferralsols / Red Earth,Summer,Irrigation,76.0,0.0,,
Shan,2022,Sesamum(Summer),0,0,0,586761617.0,21.33,803.12,62240000000.0,Acrisols / Ferralsols / Red Earth,Summer,Irrigation,77.8,0.0,,
Shan,2023,Sesamum(Summer),0,0,0,586702652.6,22.07,653.29,64800000000.0,Acrisols / Ferralsols / Red Earth,Summer,Irrigation,75.87,0.0,,
Ayeyarwady,2012,Sesamum(Summer),0,0,0,243967785.0,27.73,892.99,59920000000.0,Fluvisols / Gleysols / Alluvial,Summer,Irrigation,77.72,0.0,,
Ayeyarwady,2013,Sesamum(Summer),0,0,0,199816069.0,27.91,705.85,63260000000.0,Fluvisols / Gleysols / Alluvial,Summer,Irrigation,75.45,0.0,,
Ayeyarwady,2014,Sesamum(Summer),0,0,0,267590796.3,28.21,606.23,67459999999.9999,Fluvisols / Gleysols / Alluvial,Summer,Irrigation,74.2,0.0,,
Ayeyarwady,2015,Sesamum(Summer),0,0,0,238665203.2,28.19,737.44,62720000000.0,Fluvisols / Gleysols / Alluvial,Summer,Irrigation,75.78,0.0,,
Ayeyarwady,2016,Sesamum(Summer),61,61,5,314946615.9,28.14,712.5,60120000000.0,Fluvisols / Gleysols / Alluvial,Summer,Irrigation,75.48,0.081967213114754,,
Ayeyarwady,2017,Sesamum(Summer),0,0,0,304701296.0,28.04,819.64,63340000000.0,Fluvisols / Gleysols / Alluvial,Summer,Irrigation,76.79,0.0,,
Ayeyarwady,2018,Sesamum(Summer),0,0,0,380230690.0,27.76,972.0,67150000000.0,Fluvisols / Gleysols / Alluvial,Summer,Irrigation,78.67,0.0,,
Ayeyarwady,2019,Sesamum(Summer),0,0,0,413574673.8,28.38,776.06,68700000000.0,Fluvisols / Gleysols / Alluvial,Summer,Irrigation,76.2,0.0,,
Ayeyarwady,2020,Sesamum(Summer),0,0,0,391351453.3,28.37,575.94,78930000000.0,Fluvisols / Gleysols / Alluvial,Summer,Irrigation,73.8,0.0,,
Ayeyarwady,2021,Sesamum(Summer),0,0,0,388899650.8,27.92,960.87,65120000000.0,Fluvisols / Gleysols / Alluvial,Summer,Irrigation,78.5,0.0,,
Ayeyarwady,2022,Sesamum(Summer),25,25,4,586761617.0,27.91,944.56,62240000000.0,Fluvisols / Gleysols / Alluvial,Summer,Irrigation,78.31,0.16,,
Ayeyarwady,2023,Sesamum(Summer),232,232,48,586702652.6,28.36,837.63,64800000000.0,Fluvisols / Gleysols / Alluvial,Summer,Irrigation,76.95,0.206896551724137,,
Nay Pyi Taw,2012,Sesamum(Summer),0,0,0,243967785.0,25.41,942.84,59920000000.0,Cambisols / Fluvisols / Loam,Summer,Irrigation,78.74,0.0,,
Nay Pyi Taw,2013,Sesamum(Summer),0,0,0,199816069.0,25.88,775.78,63260000000.0,Cambisols / Fluvisols / Loam,Summer,Irrigation,76.65,0.0,,
Nay Pyi Taw,2014,Sesamum(Summer),0,0,0,267590796.3,26.38,617.16,67459999999.9999,Cambisols / Fluvisols / Loam,Summer,Irrigation,74.66,0.0,,
Nay Pyi Taw,2015,Sesamum(Summer),0,0,0,238665203.2,26.35,678.38,62720000000.0,Cambisols / Fluvisols / Loam,Summer,Irrigation,75.4,0.0,,
Nay Pyi Taw,2016,Sesamum(Summer),376,376,81,314946615.9,26.23,754.74,60120000000.0,Cambisols / Fluvisols / Loam,Summer,Irrigation,76.34,0.215425531914893,,
Nay Pyi Taw,2017,Sesamum(Summer),165,125,22,304701296.0,26.08,972.17,63340000000.0,Cambisols / Fluvisols / Loam,Summer,Irrigation,78.97,0.176,,
Nay Pyi Taw,2018,Sesamum(Summer),106,106,20,380230690.0,25.73,812.09,67150000000.0,Cambisols / Fluvisols / Loam,Summer,Irrigation,77.11,0.188679245283018,,
Nay Pyi Taw,2019,Sesamum(Summer),720,720,144,413574673.8,26.57,787.91,68700000000.0,Cambisols / Fluvisols / Loam,Summer,Irrigation,76.67,0.2,,
Nay Pyi Taw,2020,Sesamum(Summer),2165,2165,413,391351453.3,26.28,762.33,78930000000.0,Cambisols / Fluvisols / Loam,Summer,Irrigation,76.42,0.190762124711316,,
Nay Pyi Taw,2021,Sesamum(Summer),215,215,46,388899650.8,26.24,851.96,65120000000.0,Cambisols / Fluvisols / Loam,Summer,Irrigation,77.5,0.213953488372093,,
Nay Pyi Taw,2022,Sesamum(Summer),2764,2764,555,586761617.0,25.96,1027.18,62240000000.0,Cambisols / Fluvisols / Loam,Summer,Irrigation,79.65,0.200795947901591,,
Nay Pyi Taw,2023,Sesamum(Summer),5448,5410,1048,586702652.6,26.62,853.39,64800000000.0,Cambisols / Fluvisols / Loam,Summer,Irrigation,77.45,0.193715341959334,,
Kachin,2012,Sunflower,0,0,0,243967785.0,23.38,914.61,59920000000.0,Acrisols / Red-Brown Lateritic,Rainy,Rainfed,78.77,0.0,,
Kachin,2013,Sunflower,0,0,0,199816069.0,23.62,939.94,63260000000.0,Acrisols / Red-Brown Lateritic,Rainy,Rainfed,79.03,0.0,,
Kachin,2014,Sunflower,0,0,0,267590796.3,24.01,833.48,67459999999.9999,Acrisols / Red-Brown Lateritic,Rainy,Rainfed,77.68,0.0,,
Kachin,2015,Sunflower,0,0,0,238665203.2,23.27,1005.47,62720000000.0,Acrisols / Red-Brown Lateritic,Rainy,Rainfed,79.88,0.0,,
Kachin,2016,Sunflower,0,0,0,314946615.9,23.17,1224.63,60120000000.0,Acrisols / Red-Brown Lateritic,Rainy,Rainfed,82.52,0.0,,
Kachin,2017,Sunflower,0,0,0,304701296.0,23.28,1125.21,63340000000.0,Acrisols / Red-Brown Lateritic,Rainy,Rainfed,81.31,0.0,,
Kachin,2018,Sunflower,0,0,0,380230690.0,22.85,1162.0,67150000000.0,Acrisols / Red-Brown Lateritic,Rainy,Rainfed,81.83,0.0,,
Kachin,2019,Sunflower,0,0,0,413574673.8,23.49,1042.44,68700000000.0,Acrisols / Red-Brown Lateritic,Rainy,Rainfed,80.28,0.0,,
Kachin,2020,Sunflower,0,0,0,391351453.3,22.87,1329.91,78930000000.0,Acrisols / Red-Brown Lateritic,Rainy,Rainfed,83.84,0.0,,
Kachin,2021,Sunflower,0,0,0,388899650.8,23.65,1005.31,65120000000.0,Acrisols / Red-Brown Lateritic,Rainy,Rainfed,79.81,0.0,,
Kachin,2022,Sunflower,0,0,0,586761617.0,22.99,1256.07,62240000000.0,Acrisols / Red-Brown Lateritic,Rainy,Rainfed,82.93,0.0,,
Kachin,2023,Sunflower,12682,12601,2819,586702652.6,23.84,1183.85,64800000000.0,Acrisols / Red-Brown Lateritic,Rainy,Rainfed,81.91,0.223712403777477,,
Kachin,2012,Sunflower,0,0,0,243967785.0,22.51,1604.82,59920000000.0,Luvisols / Red Earth,Rainy,Rainfed,87.21,0.0,,
Kachin,2013,Sunflower,0,0,0,199816069.0,22.71,1317.07,63260000000.0,Luvisols / Red Earth,Rainy,Rainfed,83.72,0.0,,
Kachin,2014,Sunflower,0,0,0,267590796.3,23.02,1089.18,67459999999.9999,Luvisols / Red Earth,Rainy,Rainfed,80.93,0.0,,
Kachin,2015,Sunflower,0,0,0,238665203.2,23.36,1113.03,62720000000.0,Luvisols / Red Earth,Rainy,Rainfed,81.15,0.0,,
Kachin,2016,Sunflower,0,0,0,314946615.9,23.41,1222.88,60120000000.0,Luvisols / Red Earth,Rainy,Rainfed,82.46,0.0,,
Kachin,2017,Sunflower,0,0,0,304701296.0,23.16,1567.54,63340000000.0,Luvisols / Red Earth,Rainy,Rainfed,86.64,0.0,,
Kachin,2018,Sunflower,0,0,0,380230690.0,22.69,1316.55,67150000000.0,Luvisols / Red Earth,Rainy,Rainfed,83.71,0.0,,
Kachin,2019,Sunflower,0,0,0,413574673.8,23.24,1282.79,68700000000.0,Luvisols / Red Earth,Rainy,Rainfed,83.21,0.0,,
Kachin,2020,Sunflower,0,0,0,391351453.3,23.16,1222.66,78930000000.0,Luvisols / Red Earth,Rainy,Rainfed,82.5,0.0,,
Kachin,2021,Sunflower,0,0,0,388899650.8,23.01,1440.62,65120000000.0,Luvisols / Red Earth,Rainy,Rainfed,85.15,0.0,,
Kachin,2022,Sunflower,0,0,0,586761617.0,22.94,1814.13,62240000000.0,Luvisols / Red Earth,Rainy,Rainfed,89.64,0.0,,
Kachin,2023,Sunflower,2017,2017,871,586702652.6,23.4,1417.46,64800000000.0,Luvisols / Red Earth,Rainy,Rainfed,84.8,0.431829449677739,,
Kachin,2012,Sunflower,0,0,0,243967785.0,26.77,2467.92,59920000000.0,Fluvisols / Gleysols / Alluvial,Rainy,Rainfed,93.0,0.0,,
Kachin,2013,Sunflower,0,0,0,199816069.0,26.67,2022.51,63260000000.0,Fluvisols / Gleysols / Alluvial,Rainy,Rainfed,91.47,0.0,,
Kachin,2014,Sunflower,0,0,0,267590796.3,26.61,1604.54,67459999999.9999,Fluvisols / Gleysols / Alluvial,Rainy,Rainfed,86.46,0.0,,
Kachin,2015,Sunflower,0,0,0,238665203.2,26.97,1981.43,62720000000.0,Fluvisols / Gleysols / Alluvial,Rainy,Rainfed,90.92,0.0,,
Kachin,2016,Sunflower,0,0,0,314946615.9,26.89,1804.66,60120000000.0,Fluvisols / Gleysols / Alluvial,Rainy,Rainfed,88.82,0.0,,
Kachin,2017,Sunflower,0,0,0,304701296.0,26.65,2185.47,63340000000.0,Fluvisols / Gleysols / Alluvial,Rainy,Rainfed,93.0,0.0,,
Kachin,2018,Sunflower,0,0,0,380230690.0,26.73,2484.66,67150000000.0,Fluvisols / Gleysols / Alluvial,Rainy,Rainfed,93.0,0.0,,
Kachin,2019,Sunflower,0,0,0,413574673.8,26.95,2087.25,68700000000.0,Fluvisols / Gleysols / Alluvial,Rainy,Rainfed,92.2,0.0,,
Kachin,2020,Sunflower,0,0,0,391351453.3,27.12,1531.95,78930000000.0,Fluvisols / Gleysols / Alluvial,Rainy,Rainfed,85.5,0.0,,
Kachin,2021,Sunflower,0,0,0,388899650.8,26.67,2969.17,65120000000.0,Fluvisols / Gleysols / Alluvial,Rainy,Rainfed,93.0,0.0,,
Kachin,2022,Sunflower,0,0,0,586761617.0,26.62,2622.64,62240000000.0,Fluvisols / Gleysols / Alluvial,Rainy,Rainfed,93.0,0.0,,
Kachin,2023,Sunflower,3445,3445,766,586702652.6,26.96,2436.25,64800000000.0,Fluvisols / Gleysols / Alluvial,Rainy,Rainfed,93.0,0.222351233671988,,
Kachin,2012,Sunflower,0,0,0,243967785.0,22.62,716.7,59920000000.0,Cambisols / Mountainous Soil,Rainy,Rainfed,76.53,0.0,,
Kachin,2013,Sunflower,0,0,0,199816069.0,22.48,814.73,63260000000.0,Cambisols / Mountainous Soil,Rainy,Rainfed,77.73,0.0,,
Kachin,2014,Sunflower,0,0,0,267590796.3,22.97,716.65,67459999999.9999,Cambisols / Mountainous Soil,Rainy,Rainfed,76.47,0.0,,
Kachin,2015,Sunflower,0,0,0,238665203.2,22.61,913.76,62720000000.0,Cambisols / Mountainous Soil,Rainy,Rainfed,78.9,0.0,,
Kachin,2016,Sunflower,0,0,0,314946615.9,22.87,965.57,60120000000.0,Cambisols / Mountainous Soil,Rainy,Rainfed,79.47,0.0,,
Kachin,2017,Sunflower,0,0,0,304701296.0,22.26,1578.85,63340000000.0,Cambisols / Mountainous Soil,Rainy,Rainfed,86.94,0.0,,
Kachin,2018,Sunflower,0,0,0,380230690.0,21.95,1160.88,67150000000.0,Cambisols / Mountainous Soil,Rainy,Rainfed,81.98,0.0,,
Kachin,2019,Sunflower,0,0,0,413574673.8,22.53,1254.78,68700000000.0,Cambisols / Mountainous Soil,Rainy,Rainfed,83.0,0.0,,
Kachin,2020,Sunflower,0,0,0,391351453.3,22.26,1038.88,78930000000.0,Cambisols / Mountainous Soil,Rainy,Rainfed,80.46,0.0,,
Kachin,2021,Sunflower,0,0,0,388899650.8,22.92,753.21,65120000000.0,Cambisols / Mountainous Soil,Rainy,Rainfed,76.91,0.0,,
Kachin,2022,Sunflower,0,0,0,586761617.0,22.64,714.38,62240000000.0,Cambisols / Mountainous Soil,Rainy,Rainfed,76.5,0.0,,
Kachin,2023,Sunflower,1449,1449,581,586702652.6,23.13,770.15,64800000000.0,Cambisols / Mountainous Soil,Rainy,Rainfed,77.08,0.400966183574879,,
Kachin,2012,Sunflower,0,0,0,243967785.0,28.48,302.6,59920000000.0,Luvisols / Cambisols / Savanna,Rainy,Rainfed,70.5,0.0,,
Kachin,2013,Sunflower,0,0,0,199816069.0,28.47,362.75,63260000000.0,Luvisols / Cambisols / Savanna,Rainy,Rainfed,71.23,0.0,,
Kachin,2014,Sunflower,0,0,0,267590796.3,29.02,272.71,67459999999.9999,Luvisols / Cambisols / Savanna,Rainy,Rainfed,70.05,0.0,,
Kachin,2015,Sunflower,0,0,0,238665203.2,28.54,378.91,62720000000.0,Luvisols / Cambisols / Savanna,Rainy,Rainfed,71.41,0.0,,
Kachin,2016,Sunflower,0,0,0,314946615.9,28.61,466.45,60120000000.0,Luvisols / Cambisols / Savanna,Rainy,Rainfed,72.45,0.0,,
Kachin,2017,Sunflower,0,0,0,304701296.0,28.07,637.58,63340000000.0,Luvisols / Cambisols / Savanna,Rainy,Rainfed,74.6,0.0,,
Kachin,2018,Sunflower,0,0,0,380230690.0,27.88,475.8,67150000000.0,Luvisols / Cambisols / Savanna,Rainy,Rainfed,72.69,0.0,,
Kachin,2019,Sunflower,0,0,0,413574673.8,28.67,477.22,68700000000.0,Luvisols / Cambisols / Savanna,Rainy,Rainfed,72.57,0.0,,
Kachin,2020,Sunflower,0,0,0,391351453.3,28.0,552.96,78930000000.0,Luvisols / Cambisols / Savanna,Rainy,Rainfed,73.6,0.0,,
Kachin,2021,Sunflower,0,0,0,388899650.8,29.14,338.14,65120000000.0,Luvisols / Cambisols / Savanna,Rainy,Rainfed,70.81,0.0,,
Kachin,2022,Sunflower,0,0,0,586761617.0,28.78,375.7,62240000000.0,Luvisols / Cambisols / Savanna,Rainy,Rainfed,71.33,0.0,,
Kachin,2023,Sunflower,373850,373850,140913,586702652.6,29.19,387.79,64800000000.0,Luvisols / Cambisols / Savanna,Rainy,Rainfed,71.4,0.376923899959876,,
Kachin,2012,Sunflower,0,0,0,243967785.0,26.24,2388.49,59920000000.0,Ferralsols / Plinthosols / Lateritic,Rainy,Rainfed,93.0,0.0,,
Kachin,2013,Sunflower,0,0,0,199816069.0,25.94,2304.57,63260000000.0,Ferralsols / Plinthosols / Lateritic,Rainy,Rainfed,93.0,0.0,,
Kachin,2014,Sunflower,0,0,0,267590796.3,25.99,1706.05,67459999999.9999,Ferralsols / Plinthosols / Lateritic,Rainy,Rainfed,87.79,0.0,,
Kachin,2015,Sunflower,0,0,0,238665203.2,26.43,1914.37,62720000000.0,Ferralsols / Plinthosols / Lateritic,Rainy,Rainfed,90.22,0.0,,
Kachin,2016,Sunflower,0,0,0,314946615.9,26.3,1870.73,60120000000.0,Ferralsols / Plinthosols / Lateritic,Rainy,Rainfed,89.71,0.0,,
Kachin,2017,Sunflower,0,0,0,304701296.0,26.08,2485.72,63340000000.0,Ferralsols / Plinthosols / Lateritic,Rainy,Rainfed,93.0,0.0,,
Kachin,2018,Sunflower,0,0,0,380230690.0,26.23,2273.98,67150000000.0,Ferralsols / Plinthosols / Lateritic,Rainy,Rainfed,93.0,0.0,,
Kachin,2019,Sunflower,0,0,0,413574673.8,26.44,1846.93,68700000000.0,Ferralsols / Plinthosols / Lateritic,Rainy,Rainfed,89.4,0.0,,
Kachin,2020,Sunflower,0,0,0,391351453.3,26.42,2375.71,78930000000.0,Ferralsols / Plinthosols / Lateritic,Rainy,Rainfed,93.0,0.0,,
Kachin,2021,Sunflower,0,0,0,388899650.8,25.97,2896.94,65120000000.0,Ferralsols / Plinthosols / Lateritic,Rainy,Rainfed,93.0,0.0,,
Kachin,2022,Sunflower,0,0,0,586761617.0,26.08,2726.62,62240000000.0,Ferralsols / Plinthosols / Lateritic,Rainy,Rainfed,93.0,0.0,,
Kachin,2023,Sunflower,105,105,12,586702652.6,26.46,2318.19,64800000000.0,Ferralsols / Plinthosols / Lateritic,Rainy,Rainfed,93.0,0.114285714285714,,
Kachin,2012,Sunflower,0,0,0,243967785.0,27.33,1519.25,59920000000.0,Fluvisols / Gleysols / Alluvial,Rainy,Rainfed,85.31,0.0,,
Kachin,2013,Sunflower,0,0,0,199816069.0,27.57,1187.91,63260000000.0,Fluvisols / Gleysols / Alluvial,Rainy,Rainfed,81.29,0.0,,
Kachin,2014,Sunflower,0,0,0,267590796.3,27.57,1054.41,67459999999.9999,Fluvisols / Gleysols / Alluvial,Rainy,Rainfed,79.69,0.0,,
Kachin,2015,Sunflower,0,0,0,238665203.2,27.77,1256.33,62720000000.0,Fluvisols / Gleysols / Alluvial,Rainy,Rainfed,82.08,0.0,,
Kachin,2016,Sunflower,0,0,0,314946615.9,27.71,1212.7,60120000000.0,Fluvisols / Gleysols / Alluvial,Rainy,Rainfed,81.56,0.0,,
Kachin,2017,Sunflower,0,0,0,304701296.0,27.49,1498.81,63340000000.0,Fluvisols / Gleysols / Alluvial,Rainy,Rainfed,85.04,0.0,,
Kachin,2018,Sunflower,0,0,0,380230690.0,27.43,1690.27,67150000000.0,Fluvisols / Gleysols / Alluvial,Rainy,Rainfed,87.35,0.0,,
Kachin,2019,Sunflower,0,0,0,413574673.8,28.09,1236.72,68700000000.0,Fluvisols / Gleysols / Alluvial,Rainy,Rainfed,81.78,0.0,,
Kachin,2020,Sunflower,0,0,0,391351453.3,28.01,1004.02,78930000000.0,Fluvisols / Gleysols / Alluvial,Rainy,Rainfed,79.01,0.0,,
Kachin,2021,Sunflower,0,0,0,388899650.8,27.31,1749.84,65120000000.0,Fluvisols / Gleysols / Alluvial,Rainy,Rainfed,88.08,0.0,,
Kachin,2022,Sunflower,0,0,0,586761617.0,27.34,1789.55,62240000000.0,Fluvisols / Gleysols / Alluvial,Rainy,Rainfed,88.55,0.0,,
Kachin,2023,Sunflower,51373,51366,15179,586702652.6,28.01,1574.66,64800000000.0,Fluvisols / Gleysols / Alluvial,Rainy,Rainfed,85.85,0.295506755441342,,
Kachin,2012,Sunflower,0,0,0,243967785.0,26.79,898.02,59920000000.0,Regosols / Luvisols / Sandy Savanna,Rainy,Rainfed,77.95,0.0,,
Kachin,2013,Sunflower,0,0,0,199816069.0,26.96,878.15,63260000000.0,Regosols / Luvisols / Sandy Savanna,Rainy,Rainfed,77.68,0.0,,
Kachin,2014,Sunflower,0,0,0,267590796.3,27.42,770.86,67459999999.9999,Regosols / Luvisols / Sandy Savanna,Rainy,Rainfed,76.31,0.0,,
Kachin,2015,Sunflower,0,0,0,238665203.2,27.31,734.05,62720000000.0,Regosols / Luvisols / Sandy Savanna,Rainy,Rainfed,75.89,0.0,,
Kachin,2016,Sunflower,0,0,0,314946615.9,27.18,941.74,60120000000.0,Regosols / Luvisols / Sandy Savanna,Rainy,Rainfed,78.41,0.0,,
Kachin,2017,Sunflower,0,0,0,304701296.0,27.02,1107.58,63340000000.0,Regosols / Luvisols / Sandy Savanna,Rainy,Rainfed,80.43,0.0,,
Kachin,2018,Sunflower,0,0,0,380230690.0,26.75,839.14,67150000000.0,Regosols / Luvisols / Sandy Savanna,Rainy,Rainfed,77.25,0.0,,
Kachin,2019,Sunflower,0,0,0,413574673.8,27.7,769.91,68700000000.0,Regosols / Luvisols / Sandy Savanna,Rainy,Rainfed,76.25,0.0,,
Kachin,2020,Sunflower,0,0,0,391351453.3,27.15,822.19,78930000000.0,Regosols / Luvisols / Sandy Savanna,Rainy,Rainfed,76.98,0.0,,
Kachin,2021,Sunflower,0,0,0,388899650.8,27.77,689.55,65120000000.0,Regosols / Luvisols / Sandy Savanna,Rainy,Rainfed,75.28,0.0,,
Kachin,2022,Sunflower,0,0,0,586761617.0,27.6,729.42,62240000000.0,Regosols / Luvisols / Sandy Savanna,Rainy,Rainfed,75.79,0.0,,
Kachin,2023,Sunflower,233095,233071,61707,586702652.6,28.03,696.9,64800000000.0,Regosols / Luvisols / Sandy Savanna,Rainy,Rainfed,75.32,0.26475623307919,,
Kachin,2012,Sunflower,0,0,0,243967785.0,27.22,338.39,59920000000.0,Luvisols / Cambisols / Savanna,Rainy,Rainfed,71.16,0.0,,
Kachin,2013,Sunflower,0,0,0,199816069.0,27.39,350.66,63260000000.0,Luvisols / Cambisols / Savanna,Rainy,Rainfed,71.28,0.0,,
Kachin,2014,Sunflower,0,0,0,267590796.3,27.89,270.44,67459999999.9999,Luvisols / Cambisols / Savanna,Rainy,Rainfed,70.23,0.0,,
Kachin,2015,Sunflower,0,0,0,238665203.2,27.41,376.48,62720000000.0,Luvisols / Cambisols / Savanna,Rainy,Rainfed,71.58,0.0,,
Kachin,2016,Sunflower,0,0,0,314946615.9,27.59,376.98,60120000000.0,Luvisols / Cambisols / Savanna,Rainy,Rainfed,71.56,0.0,,
Kachin,2017,Sunflower,0,0,0,304701296.0,27.37,461.76,63340000000.0,Luvisols / Cambisols / Savanna,Rainy,Rainfed,72.61,0.0,,
Kachin,2018,Sunflower,0,0,0,380230690.0,27.03,394.62,67150000000.0,Luvisols / Cambisols / Savanna,Rainy,Rainfed,71.87,0.0,,
Kachin,2019,Sunflower,0,0,0,413574673.8,27.69,414.37,68700000000.0,Luvisols / Cambisols / Savanna,Rainy,Rainfed,71.99,0.0,,
Kachin,2020,Sunflower,0,0,0,391351453.3,27.18,470.39,78930000000.0,Luvisols / Cambisols / Savanna,Rainy,Rainfed,72.75,0.0,,
Kachin,2021,Sunflower,0,0,0,388899650.8,27.8,383.44,65120000000.0,Luvisols / Cambisols / Savanna,Rainy,Rainfed,71.6,0.0,,
Kachin,2022,Sunflower,0,0,0,586761617.0,27.53,425.89,62240000000.0,Luvisols / Cambisols / Savanna,Rainy,Rainfed,72.16,0.0,,
Kachin,2023,Sunflower,181151,181127,60286,586702652.6,28.02,431.5,64800000000.0,Luvisols / Cambisols / Savanna,Rainy,Rainfed,72.13,0.332838284739437,,
Kachin,2012,Sunflower,0,0,0,243967785.0,27.89,2936.46,59920000000.0,Ferralsols / Gleysols / Lateritic,Rainy,Rainfed,93.0,0.0,,
Kachin,2013,Sunflower,0,0,0,199816069.0,27.75,2472.26,63260000000.0,Ferralsols / Gleysols / Lateritic,Rainy,Rainfed,93.0,0.0,,
Kachin,2014,Sunflower,0,0,0,267590796.3,27.71,1805.43,67459999999.9999,Ferralsols / Gleysols / Lateritic,Rainy,Rainfed,88.68,0.0,,
Kachin,2015,Sunflower,0,0,0,238665203.2,27.96,2500.08,62720000000.0,Ferralsols / Gleysols / Lateritic,Rainy,Rainfed,93.0,0.0,,
Kachin,2016,Sunflower,0,0,0,314946615.9,27.84,2247.31,60120000000.0,Ferralsols / Gleysols / Lateritic,Rainy,Rainfed,93.0,0.0,,
Kachin,2017,Sunflower,0,0,0,304701296.0,27.68,2729.02,63340000000.0,Ferralsols / Gleysols / Lateritic,Rainy,Rainfed,93.0,0.0,,
Kachin,2018,Sunflower,0,0,0,380230690.0,27.86,3263.34,67150000000.0,Ferralsols / Gleysols / Lateritic,Rainy,Rainfed,93.0,0.0,,
Kachin,2019,Sunflower,0,0,0,413574673.8,28.11,2717.71,68700000000.0,Ferralsols / Gleysols / Lateritic,Rainy,Rainfed,93.0,0.0,,
Kachin,2020,Sunflower,0,0,0,391351453.3,28.13,1897.4,78930000000.0,Ferralsols / Gleysols / Lateritic,Rainy,Rainfed,89.71,0.0,,
Kachin,2021,Sunflower,0,0,0,388899650.8,27.71,3711.2,65120000000.0,Ferralsols / Gleysols / Lateritic,Rainy,Rainfed,93.0,0.0,,
Kachin,2022,Sunflower,0,0,0,586761617.0,27.71,3270.72,62240000000.0,Ferralsols / Gleysols / Lateritic,Rainy,Rainfed,93.0,0.0,,
Kachin,2023,Sunflower,10802,10802,1860,586702652.6,28.09,3075.98,64800000000.0,Ferralsols / Gleysols / Lateritic,Rainy,Rainfed,93.0,0.172190335123125,,
Kachin,2012,Sunflower,0,0,0,243967785.0,26.54,2984.69,59920000000.0,Gleysols / Alluvial / Mountainous,Rainy,Rainfed,93.0,0.0,,
Kachin,2013,Sunflower,0,0,0,199816069.0,26.5,3116.99,63260000000.0,Gleysols / Alluvial / Mountainous,Rainy,Rainfed,93.0,0.0,,
Kachin,2014,Sunflower,0,0,0,267590796.3,26.74,2952.75,67459999999.9999,Gleysols / Alluvial / Mountainous,Rainy,Rainfed,93.0,0.0,,
Kachin,2015,Sunflower,0,0,0,238665203.2,26.5,8475.24,62720000000.0,Gleysols / Alluvial / Mountainous,Rainy,Rainfed,93.0,0.0,,
Kachin,2016,Sunflower,0,0,0,314946615.9,26.76,10036.74,60120000000.0,Gleysols / Alluvial / Mountainous,Rainy,Rainfed,93.0,0.0,,
Kachin,2017,Sunflower,0,0,0,304701296.0,26.66,7844.64,63340000000.0,Gleysols / Alluvial / Mountainous,Rainy,Rainfed,93.0,0.0,,
Kachin,2018,Sunflower,0,0,0,380230690.0,26.17,7927.61,67150000000.0,Gleysols / Alluvial / Mountainous,Rainy,Rainfed,93.0,0.0,,
Kachin,2019,Sunflower,0,0,0,413574673.8,26.66,8062.73,68700000000.0,Gleysols / Alluvial / Mountainous,Rainy,Rainfed,93.0,0.0,,
Kachin,2020,Sunflower,0,0,0,391351453.3,26.49,7855.92,78930000000.0,Gleysols / Alluvial / Mountainous,Rainy,Rainfed,93.0,0.0,,
Kachin,2021,Sunflower,0,0,0,388899650.8,26.93,5291.74,65120000000.0,Gleysols / Alluvial / Mountainous,Rainy,Rainfed,93.0,0.0,,
Kachin,2022,Sunflower,0,0,0,586761617.0,26.66,5117.41,62240000000.0,Gleysols / Alluvial / Mountainous,Rainy,Rainfed,93.0,0.0,,
Kachin,2023,Sunflower,2754,2754,974,586702652.6,26.9,5823.68,64800000000.0,Gleysols / Alluvial / Mountainous,Rainy,Rainfed,93.0,0.353667392883079,,
Kachin,2012,Sunflower,0,0,0,243967785.0,27.5,1871.61,59920000000.0,Fluvisols / Gleysols / Alluvial,Rainy,Rainfed,89.51,0.0,,
Kachin,2013,Sunflower,0,0,0,199816069.0,27.61,1492.96,63260000000.0,Fluvisols / Gleysols / Alluvial,Rainy,Rainfed,84.95,0.0,,
Kachin,2014,Sunflower,0,0,0,267590796.3,27.67,1241.48,67459999999.9999,Fluvisols / Gleysols / Alluvial,Rainy,Rainfed,81.92,0.0,,
Kachin,2015,Sunflower,0,0,0,238665203.2,27.86,1676.99,62720000000.0,Fluvisols / Gleysols / Alluvial,Rainy,Rainfed,87.11,0.0,,
Kachin,2016,Sunflower,0,0,0,314946615.9,27.8,1521.79,60120000000.0,Fluvisols / Gleysols / Alluvial,Rainy,Rainfed,85.26,0.0,,
Kachin,2017,Sunflower,0,0,0,304701296.0,27.54,1863.36,63340000000.0,Fluvisols / Gleysols / Alluvial,Rainy,Rainfed,89.4,0.0,,
Kachin,2018,Sunflower,0,0,0,380230690.0,27.53,2226.31,67150000000.0,Fluvisols / Gleysols / Alluvial,Rainy,Rainfed,93.0,0.0,,
Kachin,2019,Sunflower,0,0,0,413574673.8,28.09,1694.52,68700000000.0,Fluvisols / Gleysols / Alluvial,Rainy,Rainfed,87.28,0.0,,
Kachin,2020,Sunflower,0,0,0,391351453.3,28.05,1262.54,78930000000.0,Fluvisols / Gleysols / Alluvial,Rainy,Rainfed,82.1,0.0,,
Kachin,2021,Sunflower,0,0,0,388899650.8,27.4,2360.45,65120000000.0,Fluvisols / Gleysols / Alluvial,Rainy,Rainfed,93.0,0.0,,
Kachin,2022,Sunflower,0,0,0,586761617.0,27.36,2242.28,62240000000.0,Fluvisols / Gleysols / Alluvial,Rainy,Rainfed,93.0,0.0,,
Kachin,2023,Sunflower,4083,4083,715,586702652.6,28.02,2034.25,64800000000.0,Fluvisols / Gleysols / Alluvial,Rainy,Rainfed,91.37,0.17511633602743,,
Kachin,2012,Sunflower,0,0,0,243967785.0,21.06,671.3,59920000000.0,Acrisols / Ferralsols / Red Earth,Rainy,Rainfed,76.26,0.0,,
Kachin,2013,Sunflower,0,0,0,199816069.0,21.38,594.52,63260000000.0,Acrisols / Ferralsols / Red Earth,Rainy,Rainfed,75.29,0.0,,
Kachin,2014,Sunflower,0,0,0,267590796.3,21.82,438.2,67459999999.9999,Acrisols / Ferralsols / Red Earth,Rainy,Rainfed,73.33,0.0,,
Kachin,2015,Sunflower,0,0,0,238665203.2,21.68,533.62,62720000000.0,Acrisols / Ferralsols / Red Earth,Rainy,Rainfed,74.5,0.0,,
Kachin,2016,Sunflower,0,0,0,314946615.9,21.69,570.05,60120000000.0,Acrisols / Ferralsols / Red Earth,Rainy,Rainfed,74.94,0.0,,
Kachin,2017,Sunflower,0,0,0,304701296.0,21.52,759.17,63340000000.0,Acrisols / Ferralsols / Red Earth,Rainy,Rainfed,77.24,0.0,,
Kachin,2018,Sunflower,0,0,0,380230690.0,21.16,624.01,67150000000.0,Acrisols / Ferralsols / Red Earth,Rainy,Rainfed,75.68,0.0,,
Kachin,2019,Sunflower,0,0,0,413574673.8,21.87,584.23,68700000000.0,Acrisols / Ferralsols / Red Earth,Rainy,Rainfed,75.07,0.0,,
Kachin,2020,Sunflower,0,0,0,391351453.3,21.56,626.15,78930000000.0,Acrisols / Ferralsols / Red Earth,Rainy,Rainfed,75.63,0.0,,
Kachin,2021,Sunflower,0,0,0,388899650.8,21.67,658.43,65120000000.0,Acrisols / Ferralsols / Red Earth,Rainy,Rainfed,76.0,0.0,,
Kachin,2022,Sunflower,0,0,0,586761617.0,21.33,803.12,62240000000.0,Acrisols / Ferralsols / Red Earth,Rainy,Rainfed,77.8,0.0,,
Kachin,2023,Sunflower,36539,36539,15425,586702652.6,22.07,653.29,64800000000.0,Acrisols / Ferralsols / Red Earth,Rainy,Rainfed,75.87,0.422151673554284,,
Kachin,2012,Sunflower,0,0,0,243967785.0,27.73,892.99,59920000000.0,Fluvisols / Gleysols / Alluvial,Rainy,Rainfed,77.72,0.0,,
Kachin,2013,Sunflower,0,0,0,199816069.0,27.91,705.85,63260000000.0,Fluvisols / Gleysols / Alluvial,Rainy,Rainfed,75.45,0.0,,
Kachin,2014,Sunflower,0,0,0,267590796.3,28.21,606.23,67459999999.9999,Fluvisols / Gleysols / Alluvial,Rainy,Rainfed,74.2,0.0,,
Kachin,2015,Sunflower,0,0,0,238665203.2,28.19,737.44,62720000000.0,Fluvisols / Gleysols / Alluvial,Rainy,Rainfed,75.78,0.0,,
Kachin,2016,Sunflower,0,0,0,314946615.9,28.14,712.5,60120000000.0,Fluvisols / Gleysols / Alluvial,Rainy,Rainfed,75.48,0.0,,
Kachin,2017,Sunflower,0,0,0,304701296.0,28.04,819.64,63340000000.0,Fluvisols / Gleysols / Alluvial,Rainy,Rainfed,76.79,0.0,,
Kachin,2018,Sunflower,0,0,0,380230690.0,27.76,972.0,67150000000.0,Fluvisols / Gleysols / Alluvial,Rainy,Rainfed,78.67,0.0,,
Kachin,2019,Sunflower,0,0,0,413574673.8,28.38,776.06,68700000000.0,Fluvisols / Gleysols / Alluvial,Rainy,Rainfed,76.2,0.0,,
Kachin,2020,Sunflower,0,0,0,391351453.3,28.37,575.94,78930000000.0,Fluvisols / Gleysols / Alluvial,Rainy,Rainfed,73.8,0.0,,
Kachin,2021,Sunflower,0,0,0,388899650.8,27.92,960.87,65120000000.0,Fluvisols / Gleysols / Alluvial,Rainy,Rainfed,78.5,0.0,,
Kachin,2022,Sunflower,0,0,0,586761617.0,27.91,944.56,62240000000.0,Fluvisols / Gleysols / Alluvial,Rainy,Rainfed,78.31,0.0,,
Kachin,2023,Sunflower,153114,153114,26325,586702652.6,28.36,837.63,64800000000.0,Fluvisols / Gleysols / Alluvial,Rainy,Rainfed,76.95,0.171930718288334,,
Kachin,2012,Sunflower,0,0,0,243967785.0,25.41,942.84,59920000000.0,Cambisols / Fluvisols / Loam,Rainy,Rainfed,78.74,0.0,,
Kachin,2013,Sunflower,0,0,0,199816069.0,25.88,775.78,63260000000.0,Cambisols / Fluvisols / Loam,Rainy,Rainfed,76.65,0.0,,
Kachin,2014,Sunflower,0,0,0,267590796.3,26.38,617.16,67459999999.9999,Cambisols / Fluvisols / Loam,Rainy,Rainfed,74.66,0.0,,
Kachin,2015,Sunflower,0,0,0,238665203.2,26.35,678.38,62720000000.0,Cambisols / Fluvisols / Loam,Rainy,Rainfed,75.4,0.0,,
Kachin,2016,Sunflower,0,0,0,314946615.9,26.23,754.74,60120000000.0,Cambisols / Fluvisols / Loam,Rainy,Rainfed,76.34,0.0,,
Kachin,2017,Sunflower,0,0,0,304701296.0,26.08,972.17,63340000000.0,Cambisols / Fluvisols / Loam,Rainy,Rainfed,78.97,0.0,,
Kachin,2018,Sunflower,0,0,0,380230690.0,25.73,812.09,67150000000.0,Cambisols / Fluvisols / Loam,Rainy,Rainfed,77.11,0.0,,
Kachin,2019,Sunflower,0,0,0,413574673.8,26.57,787.91,68700000000.0,Cambisols / Fluvisols / Loam,Rainy,Rainfed,76.67,0.0,,
Kachin,2020,Sunflower,0,0,0,391351453.3,26.28,762.33,78930000000.0,Cambisols / Fluvisols / Loam,Rainy,Rainfed,76.42,0.0,,
Kachin,2021,Sunflower,0,0,0,388899650.8,26.24,851.96,65120000000.0,Cambisols / Fluvisols / Loam,Rainy,Rainfed,77.5,0.0,,
Kachin,2022,Sunflower,0,0,0,586761617.0,25.96,1027.18,62240000000.0,Cambisols / Fluvisols / Loam,Rainy,Rainfed,79.65,0.0,,
Kachin,2023,Sunflower,6495,6495,1709,586702652.6,26.62,853.39,64800000000.0,Cambisols / Fluvisols / Loam,Rainy,Rainfed,77.45,0.263125481139338,,
Kachin,2012,Matpe(Blackgram),97,97,23,243967785.0,23.38,914.61,59920000000.0,Acrisols / Red-Brown Lateritic,Winter,Irrigation,78.77,0.237113402061855,,
Kachin,2013,Matpe(Blackgram),72,72,17,199816069.0,23.62,939.94,63260000000.0,Acrisols / Red-Brown Lateritic,Winter,Irrigation,79.03,0.236111111111111,,
Kachin,2014,Matpe(Blackgram),69,69,16,267590796.3,24.01,833.48,67459999999.9999,Acrisols / Red-Brown Lateritic,Winter,Irrigation,77.68,0.231884057971014,,
Kachin,2015,Matpe(Blackgram),71,71,16,238665203.2,23.27,1005.47,62720000000.0,Acrisols / Red-Brown Lateritic,Winter,Irrigation,79.88,0.225352112676056,,
Kachin,2016,Matpe(Blackgram),78,78,18,314946615.9,23.17,1224.63,60120000000.0,Acrisols / Red-Brown Lateritic,Winter,Irrigation,82.52,0.23076923076923,,
Kachin,2017,Matpe(Blackgram),76,76,18,304701296.0,23.28,1125.21,63340000000.0,Acrisols / Red-Brown Lateritic,Winter,Irrigation,81.31,0.236842105263157,,
Kachin,2018,Matpe(Blackgram),74,74,17,380230690.0,22.85,1162.0,67150000000.0,Acrisols / Red-Brown Lateritic,Winter,Irrigation,81.83,0.229729729729729,,
Kachin,2019,Matpe(Blackgram),173,173,41,413574673.8,23.49,1042.44,68700000000.0,Acrisols / Red-Brown Lateritic,Winter,Irrigation,80.28,0.236994219653179,,
Kachin,2020,Matpe(Blackgram),278,278,70,391351453.3,22.87,1329.91,78930000000.0,Acrisols / Red-Brown Lateritic,Winter,Irrigation,83.84,0.251798561151079,,
Kachin,2021,Matpe(Blackgram),222,222,54,388899650.8,23.65,1005.31,65120000000.0,Acrisols / Red-Brown Lateritic,Winter,Irrigation,79.81,0.243243243243243,,
Kachin,2022,Matpe(Blackgram),72,72,19,586761617.0,22.99,1256.07,62240000000.0,Acrisols / Red-Brown Lateritic,Winter,Irrigation,82.93,0.263888888888888,,
Kachin,2023,Matpe(Blackgram),72,72,19,586702652.6,23.84,1183.85,64800000000.0,Acrisols / Red-Brown Lateritic,Winter,Irrigation,81.91,0.263888888888888,,
Kayah,2012,Matpe(Blackgram),0,0,0,243967785.0,22.51,1604.82,59920000000.0,Luvisols / Red Earth,Winter,Irrigation,87.21,0.0,,
Kayah,2013,Matpe(Blackgram),0,0,0,199816069.0,22.71,1317.07,63260000000.0,Luvisols / Red Earth,Winter,Irrigation,83.72,0.0,,
Kayah,2014,Matpe(Blackgram),0,0,0,267590796.3,23.02,1089.18,67459999999.9999,Luvisols / Red Earth,Winter,Irrigation,80.93,0.0,,
Kayah,2015,Matpe(Blackgram),0,0,0,238665203.2,23.36,1113.03,62720000000.0,Luvisols / Red Earth,Winter,Irrigation,81.15,0.0,,
Kayah,2016,Matpe(Blackgram),177,177,34,314946615.9,23.41,1222.88,60120000000.0,Luvisols / Red Earth,Winter,Irrigation,82.46,0.192090395480226,,
Kayah,2017,Matpe(Blackgram),84,84,16,304701296.0,23.16,1567.54,63340000000.0,Luvisols / Red Earth,Winter,Irrigation,86.64,0.19047619047619,,
Kayah,2018,Matpe(Blackgram),103,103,26,380230690.0,22.69,1316.55,67150000000.0,Luvisols / Red Earth,Winter,Irrigation,83.71,0.252427184466019,,
Kayah,2019,Matpe(Blackgram),99,99,25,413574673.8,23.24,1282.79,68700000000.0,Luvisols / Red Earth,Winter,Irrigation,83.21,0.252525252525252,,
Kayah,2020,Matpe(Blackgram),343,343,86,391351453.3,23.16,1222.66,78930000000.0,Luvisols / Red Earth,Winter,Irrigation,82.5,0.25072886297376,,
Kayah,2021,Matpe(Blackgram),343,343,86,388899650.8,23.01,1440.62,65120000000.0,Luvisols / Red Earth,Winter,Irrigation,85.15,0.25072886297376,,
Kayah,2022,Matpe(Blackgram),352,352,88,586761617.0,22.94,1814.13,62240000000.0,Luvisols / Red Earth,Winter,Irrigation,89.64,0.25,,
Kayah,2023,Matpe(Blackgram),128,128,32,586702652.6,23.4,1417.46,64800000000.0,Luvisols / Red Earth,Winter,Irrigation,84.8,0.25,,
Kayin,2012,Matpe(Blackgram),1521,1521,478,243967785.0,26.77,2467.92,59920000000.0,Fluvisols / Gleysols / Alluvial,Winter,Irrigation,93.0,0.314266929651545,,
Kayin,2013,Matpe(Blackgram),1673,1673,531,199816069.0,26.67,2022.51,63260000000.0,Fluvisols / Gleysols / Alluvial,Winter,Irrigation,91.47,0.317393903167961,,
Kayin,2014,Matpe(Blackgram),1688,1688,538,267590796.3,26.61,1604.54,67459999999.9999,Fluvisols / Gleysols / Alluvial,Winter,Irrigation,86.46,0.318720379146919,,
Kayin,2015,Matpe(Blackgram),1717,1717,546,238665203.2,26.97,1981.43,62720000000.0,Fluvisols / Gleysols / Alluvial,Winter,Irrigation,90.92,0.317996505532906,,
Kayin,2016,Matpe(Blackgram),2786,2786,922,314946615.9,26.89,1804.66,60120000000.0,Fluvisols / Gleysols / Alluvial,Winter,Irrigation,88.82,0.330940416367552,,
Kayin,2017,Matpe(Blackgram),1621,1621,554,304701296.0,26.65,2185.47,63340000000.0,Fluvisols / Gleysols / Alluvial,Winter,Irrigation,93.0,0.341764342998149,,
Kayin,2018,Matpe(Blackgram),1752,1752,617,380230690.0,26.73,2484.66,67150000000.0,Fluvisols / Gleysols / Alluvial,Winter,Irrigation,93.0,0.352168949771689,,
Kayin,2019,Matpe(Blackgram),1725,1725,609,413574673.8,26.95,2087.25,68700000000.0,Fluvisols / Gleysols / Alluvial,Winter,Irrigation,92.2,0.353043478260869,,
Kayin,2020,Matpe(Blackgram),1727,1727,606,391351453.3,27.12,1531.95,78930000000.0,Fluvisols / Gleysols / Alluvial,Winter,Irrigation,85.5,0.350897510133178,,
Kayin,2021,Matpe(Blackgram),1705,1705,601,388899650.8,26.67,2969.17,65120000000.0,Fluvisols / Gleysols / Alluvial,Winter,Irrigation,93.0,0.3524926686217,,
Kayin,2022,Matpe(Blackgram),1645,1645,585,586761617.0,26.62,2622.64,62240000000.0,Fluvisols / Gleysols / Alluvial,Winter,Irrigation,93.0,0.355623100303951,,
Kayin,2023,Matpe(Blackgram),1686,1686,599,586702652.6,26.96,2436.25,64800000000.0,Fluvisols / Gleysols / Alluvial,Winter,Irrigation,93.0,0.355278766310794,,
Chin,2012,Matpe(Blackgram),26,26,7,243967785.0,22.62,716.7,59920000000.0,Cambisols / Mountainous Soil,Winter,Irrigation,76.53,0.269230769230769,,
Chin,2013,Matpe(Blackgram),28,28,7,199816069.0,22.48,814.73,63260000000.0,Cambisols / Mountainous Soil,Winter,Irrigation,77.73,0.25,,
Chin,2014,Matpe(Blackgram),30,30,8,267590796.3,22.97,716.65,67459999999.9999,Cambisols / Mountainous Soil,Winter,Irrigation,76.47,0.266666666666666,,
Chin,2015,Matpe(Blackgram),30,30,8,238665203.2,22.61,913.76,62720000000.0,Cambisols / Mountainous Soil,Winter,Irrigation,78.9,0.266666666666666,,
Chin,2016,Matpe(Blackgram),28,28,7,314946615.9,22.87,965.57,60120000000.0,Cambisols / Mountainous Soil,Winter,Irrigation,79.47,0.25,,
Chin,2017,Matpe(Blackgram),28,28,7,304701296.0,22.26,1578.85,63340000000.0,Cambisols / Mountainous Soil,Winter,Irrigation,86.94,0.25,,
Chin,2018,Matpe(Blackgram),28,28,7,380230690.0,21.95,1160.88,67150000000.0,Cambisols / Mountainous Soil,Winter,Irrigation,81.98,0.25,,
Chin,2019,Matpe(Blackgram),28,28,7,413574673.8,22.53,1254.78,68700000000.0,Cambisols / Mountainous Soil,Winter,Irrigation,83.0,0.25,,
Chin,2020,Matpe(Blackgram),26,26,7,391351453.3,22.26,1038.88,78930000000.0,Cambisols / Mountainous Soil,Winter,Irrigation,80.46,0.269230769230769,,
Chin,2021,Matpe(Blackgram),26,26,7,388899650.8,22.92,753.21,65120000000.0,Cambisols / Mountainous Soil,Winter,Irrigation,76.91,0.269230769230769,,
Chin,2022,Matpe(Blackgram),18,18,4,586761617.0,22.64,714.38,62240000000.0,Cambisols / Mountainous Soil,Winter,Irrigation,76.5,0.222222222222222,,
Chin,2023,Matpe(Blackgram),15,15,4,586702652.6,23.13,770.15,64800000000.0,Cambisols / Mountainous Soil,Winter,Irrigation,77.08,0.266666666666666,,
Sagaing,2012,Matpe(Blackgram),192518,192518,78606,243967785.0,28.48,302.6,59920000000.0,Luvisols / Cambisols / Savanna,Winter,Irrigation,70.5,0.408304678004134,,
Sagaing,2013,Matpe(Blackgram),190012,190012,77944,199816069.0,28.47,362.75,63260000000.0,Luvisols / Cambisols / Savanna,Winter,Irrigation,71.23,0.410205671220765,,
Sagaing,2014,Matpe(Blackgram),188285,188247,78362,267590796.3,29.02,272.71,67459999999.9999,Luvisols / Cambisols / Savanna,Winter,Irrigation,70.05,0.416272238070195,,
Sagaing,2015,Matpe(Blackgram),190309,190056,79380,238665203.2,28.54,378.91,62720000000.0,Luvisols / Cambisols / Savanna,Winter,Irrigation,71.41,0.417666372016668,,
Sagaing,2016,Matpe(Blackgram),221271,220784,92269,314946615.9,28.61,466.45,60120000000.0,Luvisols / Cambisols / Savanna,Winter,Irrigation,72.45,0.417915247481701,,
Sagaing,2017,Matpe(Blackgram),182502,181413,70264,304701296.0,28.07,637.58,63340000000.0,Luvisols / Cambisols / Savanna,Winter,Irrigation,74.6,0.387315131771152,,
Sagaing,2018,Matpe(Blackgram),174754,174678,67891,380230690.0,27.88,475.8,67150000000.0,Luvisols / Cambisols / Savanna,Winter,Irrigation,72.69,0.388663712659865,,
Sagaing,2019,Matpe(Blackgram),170793,170788,61905,413574673.8,28.67,477.22,68700000000.0,Luvisols / Cambisols / Savanna,Winter,Irrigation,72.57,0.362466918050448,,
Sagaing,2020,Matpe(Blackgram),176102,175952,63651,391351453.3,28.0,552.96,78930000000.0,Luvisols / Cambisols / Savanna,Winter,Irrigation,73.6,0.361752068746021,,
Sagaing,2021,Matpe(Blackgram),175072,175069,64742,388899650.8,29.14,338.14,65120000000.0,Luvisols / Cambisols / Savanna,Winter,Irrigation,70.81,0.369808475515368,,
Sagaing,2022,Matpe(Blackgram),173347,173333,63818,586761617.0,28.78,375.7,62240000000.0,Luvisols / Cambisols / Savanna,Winter,Irrigation,71.33,0.368181477272071,,
Sagaing,2023,Matpe(Blackgram),179139,179139,65948,586702652.6,29.19,387.79,64800000000.0,Luvisols / Cambisols / Savanna,Winter,Irrigation,71.4,0.368138707930713,,
Tanintharyi,2012,Matpe(Blackgram),158,158,26,243967785.0,26.24,2388.49,59920000000.0,Ferralsols / Plinthosols / Lateritic,Winter,Irrigation,93.0,0.164556962025316,,
Tanintharyi,2013,Matpe(Blackgram),126,126,22,199816069.0,25.94,2304.57,63260000000.0,Ferralsols / Plinthosols / Lateritic,Winter,Irrigation,93.0,0.174603174603174,,
Tanintharyi,2014,Matpe(Blackgram),109,109,20,267590796.3,25.99,1706.05,67459999999.9999,Ferralsols / Plinthosols / Lateritic,Winter,Irrigation,87.79,0.18348623853211,,
Tanintharyi,2015,Matpe(Blackgram),146,146,27,238665203.2,26.43,1914.37,62720000000.0,Ferralsols / Plinthosols / Lateritic,Winter,Irrigation,90.22,0.184931506849315,,
Tanintharyi,2016,Matpe(Blackgram),527,527,104,314946615.9,26.3,1870.73,60120000000.0,Ferralsols / Plinthosols / Lateritic,Winter,Irrigation,89.71,0.197343453510436,,
Tanintharyi,2017,Matpe(Blackgram),551,551,131,304701296.0,26.08,2485.72,63340000000.0,Ferralsols / Plinthosols / Lateritic,Winter,Irrigation,93.0,0.237749546279491,,
Tanintharyi,2018,Matpe(Blackgram),324,324,81,380230690.0,26.23,2273.98,67150000000.0,Ferralsols / Plinthosols / Lateritic,Winter,Irrigation,93.0,0.25,,
Tanintharyi,2019,Matpe(Blackgram),320,320,61,413574673.8,26.44,1846.93,68700000000.0,Ferralsols / Plinthosols / Lateritic,Winter,Irrigation,89.4,0.190625,,
Tanintharyi,2020,Matpe(Blackgram),324,324,62,391351453.3,26.42,2375.71,78930000000.0,Ferralsols / Plinthosols / Lateritic,Winter,Irrigation,93.0,0.191358024691358,,
Tanintharyi,2021,Matpe(Blackgram),339,339,60,388899650.8,25.97,2896.94,65120000000.0,Ferralsols / Plinthosols / Lateritic,Winter,Irrigation,93.0,0.176991150442477,,
Tanintharyi,2022,Matpe(Blackgram),462,462,81,586761617.0,26.08,2726.62,62240000000.0,Ferralsols / Plinthosols / Lateritic,Winter,Irrigation,93.0,0.175324675324675,,
Tanintharyi,2023,Matpe(Blackgram),1126,1126,230,586702652.6,26.46,2318.19,64800000000.0,Ferralsols / Plinthosols / Lateritic,Winter,Irrigation,93.0,0.204262877442273,,
Bago,2012,Matpe(Blackgram),1220062,1220062,509328,243967785.0,27.33,1519.25,59920000000.0,Fluvisols / Gleysols / Alluvial,Winter,Irrigation,85.31,0.41746075199457,,
Bago,2013,Matpe(Blackgram),1204018,1203982,510916,199816069.0,27.57,1187.91,63260000000.0,Fluvisols / Gleysols / Alluvial,Winter,Irrigation,81.29,0.424355181389755,,
Bago,2014,Matpe(Blackgram),1172042,1172042,498746,267590796.3,27.57,1054.41,67459999999.9999,Fluvisols / Gleysols / Alluvial,Winter,Irrigation,79.69,0.425535944957603,,
Bago,2015,Matpe(Blackgram),1240950,1240950,543905,238665203.2,27.77,1256.33,62720000000.0,Fluvisols / Gleysols / Alluvial,Winter,Irrigation,82.08,0.438297272251097,,
Bago,2016,Matpe(Blackgram),1293991,1293871,570602,314946615.9,27.71,1212.7,60120000000.0,Fluvisols / Gleysols / Alluvial,Winter,Irrigation,81.56,0.4410037785838,,
Bago,2017,Matpe(Blackgram),1051070,1051070,457100,304701296.0,27.49,1498.81,63340000000.0,Fluvisols / Gleysols / Alluvial,Winter,Irrigation,85.04,0.434890159551694,,
Bago,2018,Matpe(Blackgram),1062164,1062051,461817,380230690.0,27.43,1690.27,67150000000.0,Fluvisols / Gleysols / Alluvial,Winter,Irrigation,87.35,0.434835050294194,,
Bago,2019,Matpe(Blackgram),1035292,1035266,453558,413574673.8,28.09,1236.72,68700000000.0,Fluvisols / Gleysols / Alluvial,Winter,Irrigation,81.78,0.438107694061236,,
Bago,2020,Matpe(Blackgram),994089,994082,437983,391351453.3,28.01,1004.02,78930000000.0,Fluvisols / Gleysols / Alluvial,Winter,Irrigation,79.01,0.440590414070469,,
Bago,2021,Matpe(Blackgram),972436,972434,433230,388899650.8,27.31,1749.84,65120000000.0,Fluvisols / Gleysols / Alluvial,Winter,Irrigation,88.08,0.445510954985119,,
Bago,2022,Matpe(Blackgram),1012916,1012916,456073,586761617.0,27.34,1789.55,62240000000.0,Fluvisols / Gleysols / Alluvial,Winter,Irrigation,88.55,0.450257474459876,,
Bago,2023,Matpe(Blackgram),1069704,1069704,640343,586702652.6,28.01,1574.66,64800000000.0,Fluvisols / Gleysols / Alluvial,Winter,Irrigation,85.85,0.598617000590817,,
Magway,2012,Matpe(Blackgram),33172,33172,16305,243967785.0,26.79,898.02,59920000000.0,Regosols / Luvisols / Sandy Savanna,Winter,Irrigation,77.95,0.49152900036175,,
Magway,2013,Matpe(Blackgram),33182,33182,16382,199816069.0,26.96,878.15,63260000000.0,Regosols / Luvisols / Sandy Savanna,Winter,Irrigation,77.68,0.493701404375866,,
Magway,2014,Matpe(Blackgram),33676,33676,16702,267590796.3,27.42,770.86,67459999999.9999,Regosols / Luvisols / Sandy Savanna,Winter,Irrigation,76.31,0.495961515619432,,
Magway,2015,Matpe(Blackgram),33846,33846,16838,238665203.2,27.31,734.05,62720000000.0,Regosols / Luvisols / Sandy Savanna,Winter,Irrigation,75.89,0.497488624948295,,
Magway,2016,Matpe(Blackgram),48222,48203,22482,314946615.9,27.18,941.74,60120000000.0,Regosols / Luvisols / Sandy Savanna,Winter,Irrigation,78.41,0.466402506068087,,
Magway,2017,Matpe(Blackgram),17529,17521,5291,304701296.0,27.02,1107.58,63340000000.0,Regosols / Luvisols / Sandy Savanna,Winter,Irrigation,80.43,0.301980480566177,,
Magway,2018,Matpe(Blackgram),12572,12572,6387,380230690.0,26.75,839.14,67150000000.0,Regosols / Luvisols / Sandy Savanna,Winter,Irrigation,77.25,0.508033725739739,,
Magway,2019,Matpe(Blackgram),12421,12421,3478,413574673.8,27.7,769.91,68700000000.0,Regosols / Luvisols / Sandy Savanna,Winter,Irrigation,76.25,0.280009661057885,,
Magway,2020,Matpe(Blackgram),22498,22278,6622,391351453.3,27.15,822.19,78930000000.0,Regosols / Luvisols / Sandy Savanna,Winter,Irrigation,76.98,0.297243917766406,,
Magway,2021,Matpe(Blackgram),21723,21723,6437,388899650.8,27.77,689.55,65120000000.0,Regosols / Luvisols / Sandy Savanna,Winter,Irrigation,75.28,0.296321870828154,,
Magway,2022,Matpe(Blackgram),21763,21763,6355,586761617.0,27.6,729.42,62240000000.0,Regosols / Luvisols / Sandy Savanna,Winter,Irrigation,75.79,0.292009373707669,,
Magway,2023,Matpe(Blackgram),41278,41278,12983,586702652.6,28.03,696.9,64800000000.0,Regosols / Luvisols / Sandy Savanna,Winter,Irrigation,75.32,0.314525897572556,,
Mandalay,2012,Matpe(Blackgram),9206,9206,2455,243967785.0,27.22,338.39,59920000000.0,Luvisols / Cambisols / Savanna,Winter,Irrigation,71.16,0.26667390832066,,
Mandalay,2013,Matpe(Blackgram),9242,9242,2462,199816069.0,27.39,350.66,63260000000.0,Luvisols / Cambisols / Savanna,Winter,Irrigation,71.28,0.266392555723869,,
Mandalay,2014,Matpe(Blackgram),9834,9834,2641,267590796.3,27.89,270.44,67459999999.9999,Luvisols / Cambisols / Savanna,Winter,Irrigation,70.23,0.268558063860077,,
Mandalay,2015,Matpe(Blackgram),9881,9881,2711,238665203.2,27.41,376.48,62720000000.0,Luvisols / Cambisols / Savanna,Winter,Irrigation,71.58,0.274364942819552,,
Mandalay,2016,Matpe(Blackgram),11274,10958,2949,314946615.9,27.59,376.98,60120000000.0,Luvisols / Cambisols / Savanna,Winter,Irrigation,71.56,0.269118452272312,,
Mandalay,2017,Matpe(Blackgram),6370,6370,1744,304701296.0,27.37,461.76,63340000000.0,Luvisols / Cambisols / Savanna,Winter,Irrigation,72.61,0.273783359497645,,
Mandalay,2018,Matpe(Blackgram),7100,7100,1977,380230690.0,27.03,394.62,67150000000.0,Luvisols / Cambisols / Savanna,Winter,Irrigation,71.87,0.278450704225352,,
Mandalay,2019,Matpe(Blackgram),8049,8049,2218,413574673.8,27.69,414.37,68700000000.0,Luvisols / Cambisols / Savanna,Winter,Irrigation,71.99,0.27556218163747,,
Mandalay,2020,Matpe(Blackgram),9813,9725,2737,391351453.3,27.18,470.39,78930000000.0,Luvisols / Cambisols / Savanna,Winter,Irrigation,72.75,0.281439588688946,,
Mandalay,2021,Matpe(Blackgram),12839,11595,3315,388899650.8,27.8,383.44,65120000000.0,Luvisols / Cambisols / Savanna,Winter,Irrigation,71.6,0.285899094437257,,
Mandalay,2022,Matpe(Blackgram),15159,15159,4350,586761617.0,27.53,425.89,62240000000.0,Luvisols / Cambisols / Savanna,Winter,Irrigation,72.16,0.286958242628141,,
Mandalay,2023,Matpe(Blackgram),16015,16015,4667,586702652.6,28.02,431.5,64800000000.0,Luvisols / Cambisols / Savanna,Winter,Irrigation,72.13,0.291414299094598,,
Mon,2012,Matpe(Blackgram),4852,4852,1578,243967785.0,27.89,2936.46,59920000000.0,Ferralsols / Gleysols / Lateritic,Winter,Irrigation,93.0,0.325226710634789,,
Mon,2013,Matpe(Blackgram),4993,4993,1620,199816069.0,27.75,2472.26,63260000000.0,Ferralsols / Gleysols / Lateritic,Winter,Irrigation,93.0,0.324454235930302,,
Mon,2014,Matpe(Blackgram),5571,5571,1839,267590796.3,27.71,1805.43,67459999999.9999,Ferralsols / Gleysols / Lateritic,Winter,Irrigation,88.68,0.330102315562735,,
Mon,2015,Matpe(Blackgram),5877,5877,1882,238665203.2,27.96,2500.08,62720000000.0,Ferralsols / Gleysols / Lateritic,Winter,Irrigation,93.0,0.320231410583631,,
Mon,2016,Matpe(Blackgram),5907,5907,1912,314946615.9,27.84,2247.31,60120000000.0,Ferralsols / Gleysols / Lateritic,Winter,Irrigation,93.0,0.323683765024547,,
Mon,2017,Matpe(Blackgram),4553,4553,1437,304701296.0,27.68,2729.02,63340000000.0,Ferralsols / Gleysols / Lateritic,Winter,Irrigation,93.0,0.315616077311662,,
Mon,2018,Matpe(Blackgram),4833,4833,1586,380230690.0,27.86,3263.34,67150000000.0,Ferralsols / Gleysols / Lateritic,Winter,Irrigation,93.0,0.328160562797434,,
Mon,2019,Matpe(Blackgram),5242,5242,1559,413574673.8,28.11,2717.71,68700000000.0,Ferralsols / Gleysols / Lateritic,Winter,Irrigation,93.0,0.297405570392979,,
Mon,2020,Matpe(Blackgram),5619,5619,1703,391351453.3,28.13,1897.4,78930000000.0,Ferralsols / Gleysols / Lateritic,Winter,Irrigation,89.71,0.303078839651183,,
Mon,2021,Matpe(Blackgram),6356,6356,1883,388899650.8,27.71,3711.2,65120000000.0,Ferralsols / Gleysols / Lateritic,Winter,Irrigation,93.0,0.296255506607929,,
Mon,2022,Matpe(Blackgram),6914,6914,2242,586761617.0,27.71,3270.72,62240000000.0,Ferralsols / Gleysols / Lateritic,Winter,Irrigation,93.0,0.324269597917269,,
Mon,2023,Matpe(Blackgram),8540,8540,2822,586702652.6,28.09,3075.98,64800000000.0,Ferralsols / Gleysols / Lateritic,Winter,Irrigation,93.0,0.330444964871194,,
Rakhine,2012,Matpe(Blackgram),37972,37972,11886,243967785.0,26.54,2984.69,59920000000.0,Gleysols / Alluvial / Mountainous,Winter,Irrigation,93.0,0.313020120088486,,
Rakhine,2013,Matpe(Blackgram),38307,38307,11860,199816069.0,26.5,3116.99,63260000000.0,Gleysols / Alluvial / Mountainous,Winter,Irrigation,93.0,0.309603988827107,,
Rakhine,2014,Matpe(Blackgram),39033,39033,12319,267590796.3,26.74,2952.75,67459999999.9999,Gleysols / Alluvial / Mountainous,Winter,Irrigation,93.0,0.315604744703199,,
Rakhine,2015,Matpe(Blackgram),37662,37662,12019,238665203.2,26.5,8475.24,62720000000.0,Gleysols / Alluvial / Mountainous,Winter,Irrigation,93.0,0.31912803356168,,
Rakhine,2016,Matpe(Blackgram),38229,38229,12379,314946615.9,26.76,10036.74,60120000000.0,Gleysols / Alluvial / Mountainous,Winter,Irrigation,93.0,0.323811765936854,,
Rakhine,2017,Matpe(Blackgram),23921,23921,7960,304701296.0,26.66,7844.64,63340000000.0,Gleysols / Alluvial / Mountainous,Winter,Irrigation,93.0,0.332762008277245,,
Rakhine,2018,Matpe(Blackgram),20950,20950,7066,380230690.0,26.17,7927.61,67150000000.0,Gleysols / Alluvial / Mountainous,Winter,Irrigation,93.0,0.337279236276849,,
Rakhine,2019,Matpe(Blackgram),21118,21118,6703,413574673.8,26.66,8062.73,68700000000.0,Gleysols / Alluvial / Mountainous,Winter,Irrigation,93.0,0.317406951415853,,
Rakhine,2020,Matpe(Blackgram),20885,20885,6606,391351453.3,26.49,7855.92,78930000000.0,Gleysols / Alluvial / Mountainous,Winter,Irrigation,93.0,0.316303567153459,,
Rakhine,2021,Matpe(Blackgram),20875,20875,6612,388899650.8,26.93,5291.74,65120000000.0,Gleysols / Alluvial / Mountainous,Winter,Irrigation,93.0,0.316742514970059,,
Rakhine,2022,Matpe(Blackgram),21091,21091,6719,586761617.0,26.66,5117.41,62240000000.0,Gleysols / Alluvial / Mountainous,Winter,Irrigation,93.0,0.318571902707315,,
Rakhine,2023,Matpe(Blackgram),19642,19642,6557,586702652.6,26.9,5823.68,64800000000.0,Gleysols / Alluvial / Mountainous,Winter,Irrigation,93.0,0.333825476020771,,
Yangon,2012,Matpe(Blackgram),49989,49989,17130,243967785.0,27.5,1871.61,59920000000.0,Fluvisols / Gleysols / Alluvial,Winter,Irrigation,89.51,0.342675388585488,,
Yangon,2013,Matpe(Blackgram),49366,49366,17905,199816069.0,27.61,1492.96,63260000000.0,Fluvisols / Gleysols / Alluvial,Winter,Irrigation,84.95,0.362699023619495,,
Yangon,2014,Matpe(Blackgram),49479,49440,17974,267590796.3,27.67,1241.48,67459999999.9999,Fluvisols / Gleysols / Alluvial,Winter,Irrigation,81.92,0.363551779935275,,
Yangon,2015,Matpe(Blackgram),50006,50004,18129,238665203.2,27.86,1676.99,62720000000.0,Fluvisols / Gleysols / Alluvial,Winter,Irrigation,87.11,0.362550995920326,,
Yangon,2016,Matpe(Blackgram),53790,53790,18822,314946615.9,27.8,1521.79,60120000000.0,Fluvisols / Gleysols / Alluvial,Winter,Irrigation,85.26,0.349916341327384,,
Yangon,2017,Matpe(Blackgram),41781,41781,14544,304701296.0,27.54,1863.36,63340000000.0,Fluvisols / Gleysols / Alluvial,Winter,Irrigation,89.4,0.34810081137359,,
Yangon,2018,Matpe(Blackgram),41341,41341,14663,380230690.0,27.53,2226.31,67150000000.0,Fluvisols / Gleysols / Alluvial,Winter,Irrigation,93.0,0.354684211799424,,
Yangon,2019,Matpe(Blackgram),41974,41974,15015,413574673.8,28.09,1694.52,68700000000.0,Fluvisols / Gleysols / Alluvial,Winter,Irrigation,87.28,0.357721446609806,,
Yangon,2020,Matpe(Blackgram),43686,43686,15639,391351453.3,28.05,1262.54,78930000000.0,Fluvisols / Gleysols / Alluvial,Winter,Irrigation,82.1,0.357986540310396,,
Yangon,2021,Matpe(Blackgram),42078,42078,15124,388899650.8,27.4,2360.45,65120000000.0,Fluvisols / Gleysols / Alluvial,Winter,Irrigation,93.0,0.359427729454822,,
Yangon,2022,Matpe(Blackgram),40917,40917,14891,586761617.0,27.36,2242.28,62240000000.0,Fluvisols / Gleysols / Alluvial,Winter,Irrigation,93.0,0.363931862062223,,
Yangon,2023,Matpe(Blackgram),57702,57702,21351,586702652.6,28.02,2034.25,64800000000.0,Fluvisols / Gleysols / Alluvial,Winter,Irrigation,91.37,0.370021836331496,,
Shan,2012,Matpe(Blackgram),134,134,44,243967785.0,21.06,671.3,59920000000.0,Acrisols / Ferralsols / Red Earth,Winter,Irrigation,76.26,0.328358208955223,,
Shan,2013,Matpe(Blackgram),152,152,51,199816069.0,21.38,594.52,63260000000.0,Acrisols / Ferralsols / Red Earth,Winter,Irrigation,75.29,0.335526315789473,,
Shan,2014,Matpe(Blackgram),133,133,46,267590796.3,21.82,438.2,67459999999.9999,Acrisols / Ferralsols / Red Earth,Winter,Irrigation,73.33,0.345864661654135,,
Shan,2015,Matpe(Blackgram),232,232,61,238665203.2,21.68,533.62,62720000000.0,Acrisols / Ferralsols / Red Earth,Winter,Irrigation,74.5,0.262931034482758,,
Shan,2016,Matpe(Blackgram),148,148,42,314946615.9,21.69,570.05,60120000000.0,Acrisols / Ferralsols / Red Earth,Winter,Irrigation,74.94,0.283783783783783,,
Shan,2017,Matpe(Blackgram),310,310,129,304701296.0,21.52,759.17,63340000000.0,Acrisols / Ferralsols / Red Earth,Winter,Irrigation,77.24,0.416129032258064,,
Shan,2018,Matpe(Blackgram),360,360,148,380230690.0,21.16,624.01,67150000000.0,Acrisols / Ferralsols / Red Earth,Winter,Irrigation,75.68,0.411111111111111,,
Shan,2019,Matpe(Blackgram),496,496,199,413574673.8,21.87,584.23,68700000000.0,Acrisols / Ferralsols / Red Earth,Winter,Irrigation,75.07,0.401209677419354,,
Shan,2020,Matpe(Blackgram),420,420,168,391351453.3,21.56,626.15,78930000000.0,Acrisols / Ferralsols / Red Earth,Winter,Irrigation,75.63,0.4,,
Shan,2021,Matpe(Blackgram),907,907,379,388899650.8,21.67,658.43,65120000000.0,Acrisols / Ferralsols / Red Earth,Winter,Irrigation,76.0,0.417861080485115,,
Shan,2022,Matpe(Blackgram),717,717,301,586761617.0,21.33,803.12,62240000000.0,Acrisols / Ferralsols / Red Earth,Winter,Irrigation,77.8,0.419804741980474,,
Shan,2023,Matpe(Blackgram),685,685,275,586702652.6,22.07,653.29,64800000000.0,Acrisols / Ferralsols / Red Earth,Winter,Irrigation,75.87,0.401459854014598,,
Ayeyarwady,2012,Matpe(Blackgram),1111274,1111274,387743,243967785.0,27.73,892.99,59920000000.0,Fluvisols / Gleysols / Alluvial,Winter,Irrigation,77.72,0.348917548687362,,
Ayeyarwady,2013,Matpe(Blackgram),1120853,1120853,405980,199816069.0,27.91,705.85,63260000000.0,Fluvisols / Gleysols / Alluvial,Winter,Irrigation,75.45,0.362206283964088,,
Ayeyarwady,2014,Matpe(Blackgram),1134063,1134063,417058,267590796.3,28.21,606.23,67459999999.9999,Fluvisols / Gleysols / Alluvial,Winter,Irrigation,74.2,0.367755583243611,,
Ayeyarwady,2015,Matpe(Blackgram),1147174,1147143,430939,238665203.2,28.19,737.44,62720000000.0,Fluvisols / Gleysols / Alluvial,Winter,Irrigation,75.78,0.375662842383207,,
Ayeyarwady,2016,Matpe(Blackgram),1150552,1150552,405922,314946615.9,28.14,712.5,60120000000.0,Fluvisols / Gleysols / Alluvial,Winter,Irrigation,75.48,0.352806305147442,,
Ayeyarwady,2017,Matpe(Blackgram),1029194,1029194,360885,304701296.0,28.04,819.64,63340000000.0,Fluvisols / Gleysols / Alluvial,Winter,Irrigation,76.79,0.350648177117239,,
Ayeyarwady,2018,Matpe(Blackgram),960037,960037,346059,380230690.0,27.76,972.0,67150000000.0,Fluvisols / Gleysols / Alluvial,Winter,Irrigation,78.67,0.36046423210772,,
Ayeyarwady,2019,Matpe(Blackgram),975052,975052,358407,413574673.8,28.38,776.06,68700000000.0,Fluvisols / Gleysols / Alluvial,Winter,Irrigation,76.2,0.367577318953245,,
Ayeyarwady,2020,Matpe(Blackgram),978520,978520,360334,391351453.3,28.37,575.94,78930000000.0,Fluvisols / Gleysols / Alluvial,Winter,Irrigation,73.8,0.368243878510403,,
Ayeyarwady,2021,Matpe(Blackgram),981380,981380,363259,388899650.8,27.92,960.87,65120000000.0,Fluvisols / Gleysols / Alluvial,Winter,Irrigation,78.5,0.370151215635126,,
Ayeyarwady,2022,Matpe(Blackgram),986228,986228,354566,586761617.0,27.91,944.56,62240000000.0,Fluvisols / Gleysols / Alluvial,Winter,Irrigation,78.31,0.359517271868168,,
Ayeyarwady,2023,Matpe(Blackgram),999429,999429,441480,586702652.6,28.36,837.63,64800000000.0,Fluvisols / Gleysols / Alluvial,Winter,Irrigation,76.95,0.441732229102817,,
Nay Pyi Taw,2012,Matpe(Blackgram),76232,76231,32722,243967785.0,25.41,942.84,59920000000.0,Cambisols / Fluvisols / Loam,Winter,Irrigation,78.74,0.429247943749918,,
Nay Pyi Taw,2013,Matpe(Blackgram),71233,71189,30403,199816069.0,25.88,775.78,63260000000.0,Cambisols / Fluvisols / Loam,Winter,Irrigation,76.65,0.427074407562966,,
Nay Pyi Taw,2014,Matpe(Blackgram),78035,78035,33685,267590796.3,26.38,617.16,67459999999.9999,Cambisols / Fluvisols / Loam,Winter,Irrigation,74.66,0.431665278400717,,
Nay Pyi Taw,2015,Matpe(Blackgram),82441,82441,35539,238665203.2,26.35,678.38,62720000000.0,Cambisols / Fluvisols / Loam,Winter,Irrigation,75.4,0.431084047985832,,
Nay Pyi Taw,2016,Matpe(Blackgram),86355,86098,35679,314946615.9,26.23,754.74,60120000000.0,Cambisols / Fluvisols / Loam,Winter,Irrigation,76.34,0.414399869915677,,
Nay Pyi Taw,2017,Matpe(Blackgram),54101,54066,21296,304701296.0,26.08,972.17,63340000000.0,Cambisols / Fluvisols / Loam,Winter,Irrigation,78.97,0.39388895054193,,
Nay Pyi Taw,2018,Matpe(Blackgram),52452,52452,20427,380230690.0,25.73,812.09,67150000000.0,Cambisols / Fluvisols / Loam,Winter,Irrigation,77.11,0.389441775337451,,
Nay Pyi Taw,2019,Matpe(Blackgram),56383,56383,22520,413574673.8,26.57,787.91,68700000000.0,Cambisols / Fluvisols / Loam,Winter,Irrigation,76.67,0.39941117003352,,
Nay Pyi Taw,2020,Matpe(Blackgram),63881,63881,25510,391351453.3,26.28,762.33,78930000000.0,Cambisols / Fluvisols / Loam,Winter,Irrigation,76.42,0.39933626586935,,
Nay Pyi Taw,2021,Matpe(Blackgram),57194,57194,22729,388899650.8,26.24,851.96,65120000000.0,Cambisols / Fluvisols / Loam,Winter,Irrigation,77.5,0.397401825366297,,
Nay Pyi Taw,2022,Matpe(Blackgram),56144,56144,22561,586761617.0,25.96,1027.18,62240000000.0,Cambisols / Fluvisols / Loam,Winter,Irrigation,79.65,0.401841692789968,,
Nay Pyi Taw,2023,Matpe(Blackgram),59616,59589,24322,586702652.6,26.62,853.39,64800000000.0,Cambisols / Fluvisols / Loam,Winter,Irrigation,77.45,0.408162580342009,,
Kachin,2012,Pedisein(Greengram),1997,1997,475,243967785.0,23.38,914.61,59920000000.0,Acrisols / Red-Brown Lateritic,Winter,Irrigation,78.77,0.237856785177766,,
Kachin,2013,Pedisein(Greengram),1908,1908,461,199816069.0,23.62,939.94,63260000000.0,Acrisols / Red-Brown Lateritic,Winter,Irrigation,79.03,0.241614255765199,,
Kachin,2014,Pedisein(Greengram),2042,2042,490,267590796.3,24.01,833.48,67459999999.9999,Acrisols / Red-Brown Lateritic,Winter,Irrigation,77.68,0.23996082272282,,
Kachin,2015,Pedisein(Greengram),2227,2227,531,238665203.2,23.27,1005.47,62720000000.0,Acrisols / Red-Brown Lateritic,Winter,Irrigation,79.88,0.238437359676695,,
Kachin,2016,Pedisein(Greengram),2061,2061,553,314946615.9,23.17,1224.63,60120000000.0,Acrisols / Red-Brown Lateritic,Winter,Irrigation,82.52,0.268316351285783,,
Kachin,2017,Pedisein(Greengram),2113,2113,561,304701296.0,23.28,1125.21,63340000000.0,Acrisols / Red-Brown Lateritic,Winter,Irrigation,81.31,0.26549929010885,,
Kachin,2018,Pedisein(Greengram),1938,1938,525,380230690.0,22.85,1162.0,67150000000.0,Acrisols / Red-Brown Lateritic,Winter,Irrigation,81.83,0.270897832817337,,
Kachin,2019,Pedisein(Greengram),3142,3142,816,413574673.8,23.49,1042.44,68700000000.0,Acrisols / Red-Brown Lateritic,Winter,Irrigation,80.28,0.259707192870782,,
Kachin,2020,Pedisein(Greengram),1544,1539,374,391351453.3,22.87,1329.91,78930000000.0,Acrisols / Red-Brown Lateritic,Winter,Irrigation,83.84,0.24301494476933,,
Kachin,2021,Pedisein(Greengram),1662,1662,388,388899650.8,23.65,1005.31,65120000000.0,Acrisols / Red-Brown Lateritic,Winter,Irrigation,79.81,0.233453670276774,,
Kachin,2022,Pedisein(Greengram),1191,1191,280,586761617.0,22.99,1256.07,62240000000.0,Acrisols / Red-Brown Lateritic,Winter,Irrigation,82.93,0.235096557514693,,
Kachin,2023,Pedisein(Greengram),1154,1154,274,586702652.6,23.84,1183.85,64800000000.0,Acrisols / Red-Brown Lateritic,Winter,Irrigation,81.91,0.237435008665511,,
Kayah,2012,Pedisein(Greengram),2798,2798,801,243967785.0,22.51,1604.82,59920000000.0,Luvisols / Red Earth,Winter,Irrigation,87.21,0.28627591136526,,
Kayah,2013,Pedisein(Greengram),2988,2988,865,199816069.0,22.71,1317.07,63260000000.0,Luvisols / Red Earth,Winter,Irrigation,83.72,0.289491298527443,,
Kayah,2014,Pedisein(Greengram),2632,2632,766,267590796.3,23.02,1089.18,67459999999.9999,Luvisols / Red Earth,Winter,Irrigation,80.93,0.291033434650455,,
Kayah,2015,Pedisein(Greengram),2740,2708,784,238665203.2,23.36,1113.03,62720000000.0,Luvisols / Red Earth,Winter,Irrigation,81.15,0.289512555391432,,
Kayah,2016,Pedisein(Greengram),1894,1894,557,314946615.9,23.41,1222.88,60120000000.0,Luvisols / Red Earth,Winter,Irrigation,82.46,0.294086589229144,,
Kayah,2017,Pedisein(Greengram),1039,1039,307,304701296.0,23.16,1567.54,63340000000.0,Luvisols / Red Earth,Winter,Irrigation,86.64,0.295476419634263,,
Kayah,2018,Pedisein(Greengram),849,849,251,380230690.0,22.69,1316.55,67150000000.0,Luvisols / Red Earth,Winter,Irrigation,83.71,0.295641931684334,,
Kayah,2019,Pedisein(Greengram),848,848,252,413574673.8,23.24,1282.79,68700000000.0,Luvisols / Red Earth,Winter,Irrigation,83.21,0.297169811320754,,
Kayah,2020,Pedisein(Greengram),1469,1469,382,391351453.3,23.16,1222.66,78930000000.0,Luvisols / Red Earth,Winter,Irrigation,82.5,0.26004084411164,,
Kayah,2021,Pedisein(Greengram),860,860,230,388899650.8,23.01,1440.62,65120000000.0,Luvisols / Red Earth,Winter,Irrigation,85.15,0.267441860465116,,
Kayah,2022,Pedisein(Greengram),1431,1431,373,586761617.0,22.94,1814.13,62240000000.0,Luvisols / Red Earth,Winter,Irrigation,89.64,0.260656883298392,,
Kayah,2023,Pedisein(Greengram),973,973,266,586702652.6,23.4,1417.46,64800000000.0,Luvisols / Red Earth,Winter,Irrigation,84.8,0.273381294964028,,
Kayin,2012,Pedisein(Greengram),56039,56039,21352,243967785.0,26.77,2467.92,59920000000.0,Fluvisols / Gleysols / Alluvial,Winter,Irrigation,93.0,0.381020360820143,,
Kayin,2013,Pedisein(Greengram),62428,62428,23713,199816069.0,26.67,2022.51,63260000000.0,Fluvisols / Gleysols / Alluvial,Winter,Irrigation,91.47,0.379845582110591,,
Kayin,2014,Pedisein(Greengram),64336,64336,24489,267590796.3,26.61,1604.54,67459999999.9999,Fluvisols / Gleysols / Alluvial,Winter,Irrigation,86.46,0.380642253170853,,
Kayin,2015,Pedisein(Greengram),64815,64815,24726,238665203.2,26.97,1981.43,62720000000.0,Fluvisols / Gleysols / Alluvial,Winter,Irrigation,90.92,0.381485767183522,,
Kayin,2016,Pedisein(Greengram),65357,65357,25841,314946615.9,26.89,1804.66,60120000000.0,Fluvisols / Gleysols / Alluvial,Winter,Irrigation,88.82,0.395382284988601,,
Kayin,2017,Pedisein(Greengram),65453,65453,26250,304701296.0,26.65,2185.47,63340000000.0,Fluvisols / Gleysols / Alluvial,Winter,Irrigation,93.0,0.401051135929598,,
Kayin,2018,Pedisein(Greengram),68260,68260,27605,380230690.0,26.73,2484.66,67150000000.0,Fluvisols / Gleysols / Alluvial,Winter,Irrigation,93.0,0.404409610313507,,
Kayin,2019,Pedisein(Greengram),68409,68409,27674,413574673.8,26.95,2087.25,68700000000.0,Fluvisols / Gleysols / Alluvial,Winter,Irrigation,92.2,0.40453741466766,,
Kayin,2020,Pedisein(Greengram),68375,68375,27685,391351453.3,27.12,1531.95,78930000000.0,Fluvisols / Gleysols / Alluvial,Winter,Irrigation,85.5,0.40489945155393,,
Kayin,2021,Pedisein(Greengram),68389,68389,27722,388899650.8,26.67,2969.17,65120000000.0,Fluvisols / Gleysols / Alluvial,Winter,Irrigation,93.0,0.405357586746406,,
Kayin,2022,Pedisein(Greengram),67957,67957,27605,586761617.0,26.62,2622.64,62240000000.0,Fluvisols / Gleysols / Alluvial,Winter,Irrigation,93.0,0.406212752181526,,
Kayin,2023,Pedisein(Greengram),68181,68181,27762,586702652.6,26.96,2436.25,64800000000.0,Fluvisols / Gleysols / Alluvial,Winter,Irrigation,93.0,0.407180886170634,,
Chin,2012,Pedisein(Greengram),498,498,79,243967785.0,22.62,716.7,59920000000.0,Cambisols / Mountainous Soil,Winter,Irrigation,76.53,0.15863453815261,,
Chin,2013,Pedisein(Greengram),635,613,97,199816069.0,22.48,814.73,63260000000.0,Cambisols / Mountainous Soil,Winter,Irrigation,77.73,0.158238172920065,,
Chin,2014,Pedisein(Greengram),643,643,101,267590796.3,22.97,716.65,67459999999.9999,Cambisols / Mountainous Soil,Winter,Irrigation,76.47,0.157076205287713,,
Chin,2015,Pedisein(Greengram),646,646,102,238665203.2,22.61,913.76,62720000000.0,Cambisols / Mountainous Soil,Winter,Irrigation,78.9,0.157894736842105,,
Chin,2016,Pedisein(Greengram),516,516,81,314946615.9,22.87,965.57,60120000000.0,Cambisols / Mountainous Soil,Winter,Irrigation,79.47,0.156976744186046,,
Chin,2017,Pedisein(Greengram),338,338,89,304701296.0,22.26,1578.85,63340000000.0,Cambisols / Mountainous Soil,Winter,Irrigation,86.94,0.263313609467455,,
Chin,2018,Pedisein(Greengram),1101,1101,177,380230690.0,21.95,1160.88,67150000000.0,Cambisols / Mountainous Soil,Winter,Irrigation,81.98,0.160762942779291,,
Chin,2019,Pedisein(Greengram),1096,1096,177,413574673.8,22.53,1254.78,68700000000.0,Cambisols / Mountainous Soil,Winter,Irrigation,83.0,0.161496350364963,,
Chin,2020,Pedisein(Greengram),167,167,28,391351453.3,22.26,1038.88,78930000000.0,Cambisols / Mountainous Soil,Winter,Irrigation,80.46,0.167664670658682,,
Chin,2021,Pedisein(Greengram),227,97,17,388899650.8,22.92,753.21,65120000000.0,Cambisols / Mountainous Soil,Winter,Irrigation,76.91,0.175257731958762,,
Chin,2022,Pedisein(Greengram),230,230,55,586761617.0,22.64,714.38,62240000000.0,Cambisols / Mountainous Soil,Winter,Irrigation,76.5,0.239130434782608,,
Chin,2023,Pedisein(Greengram),238,238,57,586702652.6,23.13,770.15,64800000000.0,Cambisols / Mountainous Soil,Winter,Irrigation,77.08,0.239495798319327,,
Sagaing,2012,Pedisein(Greengram),498296,498296,184071,243967785.0,28.48,302.6,59920000000.0,Luvisols / Cambisols / Savanna,Winter,Irrigation,70.5,0.369400918329667,,
Sagaing,2013,Pedisein(Greengram),504398,504398,188642,199816069.0,28.47,362.75,63260000000.0,Luvisols / Cambisols / Savanna,Winter,Irrigation,71.23,0.373994345734915,,
Sagaing,2014,Pedisein(Greengram),525721,525621,191709,267590796.3,29.02,272.71,67459999999.9999,Luvisols / Cambisols / Savanna,Winter,Irrigation,70.05,0.364728578196076,,
Sagaing,2015,Pedisein(Greengram),570416,569184,211751,238665203.2,28.54,378.91,62720000000.0,Luvisols / Cambisols / Savanna,Winter,Irrigation,71.41,0.372025566424917,,
Sagaing,2016,Pedisein(Greengram),591234,580051,214170,314946615.9,28.61,466.45,60120000000.0,Luvisols / Cambisols / Savanna,Winter,Irrigation,72.45,0.369226154251953,,
Sagaing,2017,Pedisein(Greengram),562364,560576,204490,304701296.0,28.07,637.58,63340000000.0,Luvisols / Cambisols / Savanna,Winter,Irrigation,74.6,0.364785506336339,,
Sagaing,2018,Pedisein(Greengram),577121,573959,208742,380230690.0,27.88,475.8,67150000000.0,Luvisols / Cambisols / Savanna,Winter,Irrigation,72.69,0.36368799862011,,
Sagaing,2019,Pedisein(Greengram),595760,595751,217044,413574673.8,28.67,477.22,68700000000.0,Luvisols / Cambisols / Savanna,Winter,Irrigation,72.57,0.364319992748648,,
Sagaing,2020,Pedisein(Greengram),576660,575404,208252,391351453.3,28.0,552.96,78930000000.0,Luvisols / Cambisols / Savanna,Winter,Irrigation,73.6,0.361923100986437,,
Sagaing,2021,Pedisein(Greengram),570881,570881,208454,388899650.8,29.14,338.14,65120000000.0,Luvisols / Cambisols / Savanna,Winter,Irrigation,70.81,0.365144399620936,,
Sagaing,2022,Pedisein(Greengram),575365,575365,209341,586761617.0,28.78,375.7,62240000000.0,Luvisols / Cambisols / Savanna,Winter,Irrigation,71.33,0.363840344824589,,
Sagaing,2023,Pedisein(Greengram),563801,563801,204233,586702652.6,29.19,387.79,64800000000.0,Luvisols / Cambisols / Savanna,Winter,Irrigation,71.4,0.362243060938167,,
Tanintharyi,2012,Pedisein(Greengram),42,42,4,243967785.0,26.24,2388.49,59920000000.0,Ferralsols / Plinthosols / Lateritic,Winter,Irrigation,93.0,0.0952380952380952,,
Tanintharyi,2013,Pedisein(Greengram),6,6,1,199816069.0,25.94,2304.57,63260000000.0,Ferralsols / Plinthosols / Lateritic,Winter,Irrigation,93.0,0.166666666666666,,
Tanintharyi,2014,Pedisein(Greengram),3,3,0,267590796.3,25.99,1706.05,67459999999.9999,Ferralsols / Plinthosols / Lateritic,Winter,Irrigation,87.79,0.0,,
Tanintharyi,2015,Pedisein(Greengram),0,0,0,238665203.2,26.43,1914.37,62720000000.0,Ferralsols / Plinthosols / Lateritic,Winter,Irrigation,90.22,0.0,,
Tanintharyi,2016,Pedisein(Greengram),0,0,0,314946615.9,26.3,1870.73,60120000000.0,Ferralsols / Plinthosols / Lateritic,Winter,Irrigation,89.71,0.0,,
Tanintharyi,2017,Pedisein(Greengram),49,49,12,304701296.0,26.08,2485.72,63340000000.0,Ferralsols / Plinthosols / Lateritic,Winter,Irrigation,93.0,0.244897959183673,,
Tanintharyi,2018,Pedisein(Greengram),23,23,5,380230690.0,26.23,2273.98,67150000000.0,Ferralsols / Plinthosols / Lateritic,Winter,Irrigation,93.0,0.217391304347826,,
Tanintharyi,2019,Pedisein(Greengram),20,20,2,413574673.8,26.44,1846.93,68700000000.0,Ferralsols / Plinthosols / Lateritic,Winter,Irrigation,89.4,0.1,,
Tanintharyi,2020,Pedisein(Greengram),41,41,6,391351453.3,26.42,2375.71,78930000000.0,Ferralsols / Plinthosols / Lateritic,Winter,Irrigation,93.0,0.146341463414634,,
Tanintharyi,2021,Pedisein(Greengram),130,130,19,388899650.8,25.97,2896.94,65120000000.0,Ferralsols / Plinthosols / Lateritic,Winter,Irrigation,93.0,0.146153846153846,,
Tanintharyi,2022,Pedisein(Greengram),79,79,10,586761617.0,26.08,2726.62,62240000000.0,Ferralsols / Plinthosols / Lateritic,Winter,Irrigation,93.0,0.126582278481012,,
Tanintharyi,2023,Pedisein(Greengram),86,86,12,586702652.6,26.46,2318.19,64800000000.0,Ferralsols / Plinthosols / Lateritic,Winter,Irrigation,93.0,0.13953488372093,,
Bago,2012,Pedisein(Greengram),509065,509065,228035,243967785.0,27.33,1519.25,59920000000.0,Fluvisols / Gleysols / Alluvial,Winter,Irrigation,85.31,0.447948690245842,,
Bago,2013,Pedisein(Greengram),522976,522976,238066,199816069.0,27.57,1187.91,63260000000.0,Fluvisols / Gleysols / Alluvial,Winter,Irrigation,81.29,0.455214005996451,,
Bago,2014,Pedisein(Greengram),565366,565366,262960,267590796.3,27.57,1054.41,67459999999.9999,Fluvisols / Gleysols / Alluvial,Winter,Irrigation,79.69,0.465114633706307,,
Bago,2015,Pedisein(Greengram),569586,569586,268595,238665203.2,27.77,1256.33,62720000000.0,Fluvisols / Gleysols / Alluvial,Winter,Irrigation,82.08,0.471561801027412,,
Bago,2016,Pedisein(Greengram),559123,559098,266676,314946615.9,27.71,1212.7,60120000000.0,Fluvisols / Gleysols / Alluvial,Winter,Irrigation,81.56,0.476975413970359,,
Bago,2017,Pedisein(Greengram),693980,693974,304072,304701296.0,27.49,1498.81,63340000000.0,Fluvisols / Gleysols / Alluvial,Winter,Irrigation,85.04,0.438160507454169,,
Bago,2018,Pedisein(Greengram),678948,678948,303931,380230690.0,27.43,1690.27,67150000000.0,Fluvisols / Gleysols / Alluvial,Winter,Irrigation,87.35,0.447649893659013,,
Bago,2019,Pedisein(Greengram),729336,729317,331127,413574673.8,28.09,1236.72,68700000000.0,Fluvisols / Gleysols / Alluvial,Winter,Irrigation,81.78,0.454023421913927,,
Bago,2020,Pedisein(Greengram),771678,771389,350223,391351453.3,28.01,1004.02,78930000000.0,Fluvisols / Gleysols / Alluvial,Winter,Irrigation,79.01,0.45401606712048,,
Bago,2021,Pedisein(Greengram),803397,803180,364475,388899650.8,27.31,1749.84,65120000000.0,Fluvisols / Gleysols / Alluvial,Winter,Irrigation,88.08,0.453789935008341,,
Bago,2022,Pedisein(Greengram),857182,857182,390775,586761617.0,27.34,1789.55,62240000000.0,Fluvisols / Gleysols / Alluvial,Winter,Irrigation,88.55,0.455883347993774,,
Bago,2023,Pedisein(Greengram),1002804,1002804,527335,586702652.6,28.01,1574.66,64800000000.0,Fluvisols / Gleysols / Alluvial,Winter,Irrigation,85.85,0.525860487193908,,
Magway,2012,Pedisein(Greengram),736578,736578,239791,243967785.0,26.79,898.02,59920000000.0,Regosols / Luvisols / Sandy Savanna,Winter,Irrigation,77.95,0.325547328320965,,
Magway,2013,Pedisein(Greengram),745647,745647,246076,199816069.0,26.96,878.15,63260000000.0,Regosols / Luvisols / Sandy Savanna,Winter,Irrigation,77.68,0.330016750553546,,
Magway,2014,Pedisein(Greengram),764269,764269,256202,267590796.3,27.42,770.86,67459999999.9999,Regosols / Luvisols / Sandy Savanna,Winter,Irrigation,76.31,0.335224901180081,,
Magway,2015,Pedisein(Greengram),774148,772781,259624,238665203.2,27.31,734.05,62720000000.0,Regosols / Luvisols / Sandy Savanna,Winter,Irrigation,75.89,0.335960640854265,,
Magway,2016,Pedisein(Greengram),778645,778280,259765,314946615.9,27.18,941.74,60120000000.0,Regosols / Luvisols / Sandy Savanna,Winter,Irrigation,78.41,0.333768052628873,,
Magway,2017,Pedisein(Greengram),704099,700346,218223,304701296.0,27.02,1107.58,63340000000.0,Regosols / Luvisols / Sandy Savanna,Winter,Irrigation,80.43,0.311593126825883,,
Magway,2018,Pedisein(Greengram),514482,509772,127253,380230690.0,26.75,839.14,67150000000.0,Regosols / Luvisols / Sandy Savanna,Winter,Irrigation,77.25,0.249627284354574,,
Magway,2019,Pedisein(Greengram),439970,436915,101228,413574673.8,27.7,769.91,68700000000.0,Regosols / Luvisols / Sandy Savanna,Winter,Irrigation,76.25,0.231688085783275,,
Magway,2020,Pedisein(Greengram),412793,405605,87341,391351453.3,27.15,822.19,78930000000.0,Regosols / Luvisols / Sandy Savanna,Winter,Irrigation,76.98,0.215335116677555,,
Magway,2021,Pedisein(Greengram),444855,443483,97519,388899650.8,27.77,689.55,65120000000.0,Regosols / Luvisols / Sandy Savanna,Winter,Irrigation,75.28,0.219893434472121,,
Magway,2022,Pedisein(Greengram),438623,437277,99656,586761617.0,27.6,729.42,62240000000.0,Regosols / Luvisols / Sandy Savanna,Winter,Irrigation,75.79,0.227901307409262,,
Magway,2023,Pedisein(Greengram),551222,543222,145370,586702652.6,28.03,696.9,64800000000.0,Regosols / Luvisols / Sandy Savanna,Winter,Irrigation,75.32,0.267606982044173,,
Mandalay,2012,Pedisein(Greengram),252004,249289,55391,243967785.0,27.22,338.39,59920000000.0,Luvisols / Cambisols / Savanna,Winter,Irrigation,71.16,0.2221959252113,,
Mandalay,2013,Pedisein(Greengram),289280,289280,63153,199816069.0,27.39,350.66,63260000000.0,Luvisols / Cambisols / Savanna,Winter,Irrigation,71.28,0.2183109789823,,
Mandalay,2014,Pedisein(Greengram),305792,304248,73133,267590796.3,27.89,270.44,67459999999.9999,Luvisols / Cambisols / Savanna,Winter,Irrigation,70.23,0.240372985196287,,
Mandalay,2015,Pedisein(Greengram),336027,335862,82741,238665203.2,27.41,376.48,62720000000.0,Luvisols / Cambisols / Savanna,Winter,Irrigation,71.58,0.246354157362249,,
Mandalay,2016,Pedisein(Greengram),328713,327930,83776,314946615.9,27.59,376.98,60120000000.0,Luvisols / Cambisols / Savanna,Winter,Irrigation,71.56,0.255469155002592,,
Mandalay,2017,Pedisein(Greengram),314243,313579,81298,304701296.0,27.37,461.76,63340000000.0,Luvisols / Cambisols / Savanna,Winter,Irrigation,72.61,0.259258432484318,,
Mandalay,2018,Pedisein(Greengram),297425,297389,74281,380230690.0,27.03,394.62,67150000000.0,Luvisols / Cambisols / Savanna,Winter,Irrigation,71.87,0.249777227806004,,
Mandalay,2019,Pedisein(Greengram),285091,284196,72536,413574673.8,27.69,414.37,68700000000.0,Luvisols / Cambisols / Savanna,Winter,Irrigation,71.99,0.255232304465932,,
Mandalay,2020,Pedisein(Greengram),287214,287056,68865,391351453.3,27.18,470.39,78930000000.0,Luvisols / Cambisols / Savanna,Winter,Irrigation,72.75,0.239900925255002,,
Mandalay,2021,Pedisein(Greengram),283195,282277,74222,388899650.8,27.8,383.44,65120000000.0,Luvisols / Cambisols / Savanna,Winter,Irrigation,71.6,0.26294030331908,,
Mandalay,2022,Pedisein(Greengram),290643,290431,72922,586761617.0,27.53,425.89,62240000000.0,Luvisols / Cambisols / Savanna,Winter,Irrigation,72.16,0.251082012595074,,
Mandalay,2023,Pedisein(Greengram),282755,282405,71111,586702652.6,28.02,431.5,64800000000.0,Luvisols / Cambisols / Savanna,Winter,Irrigation,72.13,0.251805031780598,,
Mon,2012,Pedisein(Greengram),25016,25016,8223,243967785.0,27.89,2936.46,59920000000.0,Ferralsols / Gleysols / Lateritic,Winter,Irrigation,93.0,0.328709625839462,,
Mon,2013,Pedisein(Greengram),24461,24461,8530,199816069.0,27.75,2472.26,63260000000.0,Ferralsols / Gleysols / Lateritic,Winter,Irrigation,93.0,0.34871836801439,,
Mon,2014,Pedisein(Greengram),25189,25189,9249,267590796.3,27.71,1805.43,67459999999.9999,Ferralsols / Gleysols / Lateritic,Winter,Irrigation,88.68,0.367184088292508,,
Mon,2015,Pedisein(Greengram),28689,28689,10475,238665203.2,27.96,2500.08,62720000000.0,Ferralsols / Gleysols / Lateritic,Winter,Irrigation,93.0,0.365122520826797,,
Mon,2016,Pedisein(Greengram),35370,35370,12803,314946615.9,27.84,2247.31,60120000000.0,Ferralsols / Gleysols / Lateritic,Winter,Irrigation,93.0,0.361973423805484,,
Mon,2017,Pedisein(Greengram),35794,35794,13041,304701296.0,27.68,2729.02,63340000000.0,Ferralsols / Gleysols / Lateritic,Winter,Irrigation,93.0,0.364334804715874,,
Mon,2018,Pedisein(Greengram),37801,37801,13812,380230690.0,27.86,3263.34,67150000000.0,Ferralsols / Gleysols / Lateritic,Winter,Irrigation,93.0,0.365387159069865,,
Mon,2019,Pedisein(Greengram),38126,38126,12965,413574673.8,28.11,2717.71,68700000000.0,Ferralsols / Gleysols / Lateritic,Winter,Irrigation,93.0,0.340056654251691,,
Mon,2020,Pedisein(Greengram),40596,40596,13708,391351453.3,28.13,1897.4,78930000000.0,Ferralsols / Gleysols / Lateritic,Winter,Irrigation,89.71,0.337668735836042,,
Mon,2021,Pedisein(Greengram),42606,42606,14649,388899650.8,27.71,3711.2,65120000000.0,Ferralsols / Gleysols / Lateritic,Winter,Irrigation,93.0,0.343824813406562,,
Mon,2022,Pedisein(Greengram),45334,45334,15784,586761617.0,27.71,3270.72,62240000000.0,Ferralsols / Gleysols / Lateritic,Winter,Irrigation,93.0,0.348171350421317,,
Mon,2023,Pedisein(Greengram),48063,48063,17104,586702652.6,28.09,3075.98,64800000000.0,Ferralsols / Gleysols / Lateritic,Winter,Irrigation,93.0,0.355866258868568,,
Rakhine,2012,Pedisein(Greengram),3642,3642,918,243967785.0,26.54,2984.69,59920000000.0,Gleysols / Alluvial / Mountainous,Winter,Irrigation,93.0,0.252059308072487,,
Rakhine,2013,Pedisein(Greengram),3714,3714,957,199816069.0,26.5,3116.99,63260000000.0,Gleysols / Alluvial / Mountainous,Winter,Irrigation,93.0,0.257673667205169,,
Rakhine,2014,Pedisein(Greengram),4211,4211,1091,267590796.3,26.74,2952.75,67459999999.9999,Gleysols / Alluvial / Mountainous,Winter,Irrigation,93.0,0.259083353122773,,
Rakhine,2015,Pedisein(Greengram),3952,3952,1036,238665203.2,26.5,8475.24,62720000000.0,Gleysols / Alluvial / Mountainous,Winter,Irrigation,93.0,0.262145748987854,,
Rakhine,2016,Pedisein(Greengram),3717,3717,1007,314946615.9,26.76,10036.74,60120000000.0,Gleysols / Alluvial / Mountainous,Winter,Irrigation,93.0,0.270917406510626,,
Rakhine,2017,Pedisein(Greengram),2560,2560,706,304701296.0,26.66,7844.64,63340000000.0,Gleysols / Alluvial / Mountainous,Winter,Irrigation,93.0,0.27578125,,
Rakhine,2018,Pedisein(Greengram),2576,2576,719,380230690.0,26.17,7927.61,67150000000.0,Gleysols / Alluvial / Mountainous,Winter,Irrigation,93.0,0.279114906832298,,
Rakhine,2019,Pedisein(Greengram),2145,2145,597,413574673.8,26.66,8062.73,68700000000.0,Gleysols / Alluvial / Mountainous,Winter,Irrigation,93.0,0.278321678321678,,
Rakhine,2020,Pedisein(Greengram),2040,2040,565,391351453.3,26.49,7855.92,78930000000.0,Gleysols / Alluvial / Mountainous,Winter,Irrigation,93.0,0.276960784313725,,
Rakhine,2021,Pedisein(Greengram),1935,1935,530,388899650.8,26.93,5291.74,65120000000.0,Gleysols / Alluvial / Mountainous,Winter,Irrigation,93.0,0.273901808785529,,
Rakhine,2022,Pedisein(Greengram),2023,2023,565,586761617.0,26.66,5117.41,62240000000.0,Gleysols / Alluvial / Mountainous,Winter,Irrigation,93.0,0.27928818586258,,
Rakhine,2023,Pedisein(Greengram),1817,1817,562,586702652.6,26.9,5823.68,64800000000.0,Gleysols / Alluvial / Mountainous,Winter,Irrigation,93.0,0.309301045679691,,
Yangon,2012,Pedisein(Greengram),363047,363047,121571,243967785.0,27.5,1871.61,59920000000.0,Fluvisols / Gleysols / Alluvial,Winter,Irrigation,89.51,0.334862979173495,,
Yangon,2013,Pedisein(Greengram),361720,361720,122598,199816069.0,27.61,1492.96,63260000000.0,Fluvisols / Gleysols / Alluvial,Winter,Irrigation,84.95,0.338930664602454,,
Yangon,2014,Pedisein(Greengram),370152,370152,125540,267590796.3,27.67,1241.48,67459999999.9999,Fluvisols / Gleysols / Alluvial,Winter,Irrigation,81.92,0.33915796753766,,
Yangon,2015,Pedisein(Greengram),374091,374091,127463,238665203.2,27.86,1676.99,62720000000.0,Fluvisols / Gleysols / Alluvial,Winter,Irrigation,87.11,0.340727256202367,,
Yangon,2016,Pedisein(Greengram),368604,368604,120431,314946615.9,27.8,1521.79,60120000000.0,Fluvisols / Gleysols / Alluvial,Winter,Irrigation,85.26,0.326721902095473,,
Yangon,2017,Pedisein(Greengram),367060,367060,115904,304701296.0,27.54,1863.36,63340000000.0,Fluvisols / Gleysols / Alluvial,Winter,Irrigation,89.4,0.315763090502915,,
Yangon,2018,Pedisein(Greengram),360097,360097,114348,380230690.0,27.53,2226.31,67150000000.0,Fluvisols / Gleysols / Alluvial,Winter,Irrigation,93.0,0.317547771850362,,
Yangon,2019,Pedisein(Greengram),359239,359219,114681,413574673.8,28.09,1694.52,68700000000.0,Fluvisols / Gleysols / Alluvial,Winter,Irrigation,87.28,0.31925093049087,,
Yangon,2020,Pedisein(Greengram),361303,361303,116369,391351453.3,28.05,1262.54,78930000000.0,Fluvisols / Gleysols / Alluvial,Winter,Irrigation,82.1,0.32208146624855,,
Yangon,2021,Pedisein(Greengram),361078,361078,120347,388899650.8,27.4,2360.45,65120000000.0,Fluvisols / Gleysols / Alluvial,Winter,Irrigation,93.0,0.333299176355247,,
Yangon,2022,Pedisein(Greengram),358833,358833,121095,586761617.0,27.36,2242.28,62240000000.0,Fluvisols / Gleysols / Alluvial,Winter,Irrigation,93.0,0.337468961884776,,
Yangon,2023,Pedisein(Greengram),425011,425011,150052,586702652.6,28.02,2034.25,64800000000.0,Fluvisols / Gleysols / Alluvial,Winter,Irrigation,91.37,0.353054391533395,,
Shan,2012,Pedisein(Greengram),4220,4220,1430,243967785.0,21.06,671.3,59920000000.0,Acrisols / Ferralsols / Red Earth,Winter,Irrigation,76.26,0.338862559241706,,
Shan,2013,Pedisein(Greengram),4843,4843,1639,199816069.0,21.38,594.52,63260000000.0,Acrisols / Ferralsols / Red Earth,Winter,Irrigation,75.29,0.33842659508569,,
Shan,2014,Pedisein(Greengram),4139,4139,1348,267590796.3,21.82,438.2,67459999999.9999,Acrisols / Ferralsols / Red Earth,Winter,Irrigation,73.33,0.325682532012563,,
Shan,2015,Pedisein(Greengram),4622,4622,1573,238665203.2,21.68,533.62,62720000000.0,Acrisols / Ferralsols / Red Earth,Winter,Irrigation,74.5,0.340328861964517,,
Shan,2016,Pedisein(Greengram),4673,4673,1609,314946615.9,21.69,570.05,60120000000.0,Acrisols / Ferralsols / Red Earth,Winter,Irrigation,74.94,0.34431842499465,,
Shan,2017,Pedisein(Greengram),4662,4662,1603,304701296.0,21.52,759.17,63340000000.0,Acrisols / Ferralsols / Red Earth,Winter,Irrigation,77.24,0.343843843843843,,
Shan,2018,Pedisein(Greengram),5290,5290,1778,380230690.0,21.16,624.01,67150000000.0,Acrisols / Ferralsols / Red Earth,Winter,Irrigation,75.68,0.336105860113421,,
Shan,2019,Pedisein(Greengram),9238,9238,3201,413574673.8,21.87,584.23,68700000000.0,Acrisols / Ferralsols / Red Earth,Winter,Irrigation,75.07,0.346503572201775,,
Shan,2020,Pedisein(Greengram),11386,11386,4089,391351453.3,21.56,626.15,78930000000.0,Acrisols / Ferralsols / Red Earth,Winter,Irrigation,75.63,0.359125241524679,,
Shan,2021,Pedisein(Greengram),11285,11280,4144,388899650.8,21.67,658.43,65120000000.0,Acrisols / Ferralsols / Red Earth,Winter,Irrigation,76.0,0.367375886524822,,
Shan,2022,Pedisein(Greengram),11190,11190,4195,586761617.0,21.33,803.12,62240000000.0,Acrisols / Ferralsols / Red Earth,Winter,Irrigation,77.8,0.374888293118856,,
Shan,2023,Pedisein(Greengram),11865,11865,4303,586702652.6,22.07,653.29,64800000000.0,Acrisols / Ferralsols / Red Earth,Winter,Irrigation,75.87,0.362663295406658,,
Ayeyarwady,2012,Pedisein(Greengram),168629,168629,62155,243967785.0,27.73,892.99,59920000000.0,Fluvisols / Gleysols / Alluvial,Winter,Irrigation,77.72,0.368590218764269,,
Ayeyarwady,2013,Pedisein(Greengram),179061,179061,71185,199816069.0,27.91,705.85,63260000000.0,Fluvisols / Gleysols / Alluvial,Winter,Irrigation,75.45,0.397546087646109,,
Ayeyarwady,2014,Pedisein(Greengram),194623,194623,76299,267590796.3,28.21,606.23,67459999999.9999,Fluvisols / Gleysols / Alluvial,Winter,Irrigation,74.2,0.392034857134048,,
Ayeyarwady,2015,Pedisein(Greengram),186560,186553,73861,238665203.2,28.19,737.44,62720000000.0,Fluvisols / Gleysols / Alluvial,Winter,Irrigation,75.78,0.395925018627414,,
Ayeyarwady,2016,Pedisein(Greengram),205833,205833,78680,314946615.9,28.14,712.5,60120000000.0,Fluvisols / Gleysols / Alluvial,Winter,Irrigation,75.48,0.38225163117673,,
Ayeyarwady,2017,Pedisein(Greengram),238469,238464,89502,304701296.0,28.04,819.64,63340000000.0,Fluvisols / Gleysols / Alluvial,Winter,Irrigation,76.79,0.375327093397745,,
Ayeyarwady,2018,Pedisein(Greengram),270971,270971,99701,380230690.0,27.76,972.0,67150000000.0,Fluvisols / Gleysols / Alluvial,Winter,Irrigation,78.67,0.367939742629285,,
Ayeyarwady,2019,Pedisein(Greengram),268415,268415,101093,413574673.8,28.38,776.06,68700000000.0,Fluvisols / Gleysols / Alluvial,Winter,Irrigation,76.2,0.376629473017528,,
Ayeyarwady,2020,Pedisein(Greengram),269748,269748,101665,391351453.3,28.37,575.94,78930000000.0,Fluvisols / Gleysols / Alluvial,Winter,Irrigation,73.8,0.376888799916959,,
Ayeyarwady,2021,Pedisein(Greengram),289619,289619,109388,388899650.8,27.92,960.87,65120000000.0,Fluvisols / Gleysols / Alluvial,Winter,Irrigation,78.5,0.377696214682047,,
Ayeyarwady,2022,Pedisein(Greengram),262504,262504,101141,586761617.0,27.91,944.56,62240000000.0,Fluvisols / Gleysols / Alluvial,Winter,Irrigation,78.31,0.385293176484929,,
Ayeyarwady,2023,Pedisein(Greengram),256059,256059,111420,586702652.6,28.36,837.63,64800000000.0,Fluvisols / Gleysols / Alluvial,Winter,Irrigation,76.95,0.435134090190151,,
Nay Pyi Taw,2012,Pedisein(Greengram),63650,63647,23645,243967785.0,25.41,942.84,59920000000.0,Cambisols / Fluvisols / Loam,Winter,Irrigation,78.74,0.371502191776517,,
Nay Pyi Taw,2013,Pedisein(Greengram),71056,70762,26339,199816069.0,25.88,775.78,63260000000.0,Cambisols / Fluvisols / Loam,Winter,Irrigation,76.65,0.372219552867358,,
Nay Pyi Taw,2014,Pedisein(Greengram),70036,70023,26220,267590796.3,26.38,617.16,67459999999.9999,Cambisols / Fluvisols / Loam,Winter,Irrigation,74.66,0.374448395527183,,
Nay Pyi Taw,2015,Pedisein(Greengram),71603,71603,26742,238665203.2,26.35,678.38,62720000000.0,Cambisols / Fluvisols / Loam,Winter,Irrigation,75.4,0.373475971677164,,
Nay Pyi Taw,2016,Pedisein(Greengram),71312,71245,20985,314946615.9,26.23,754.74,60120000000.0,Cambisols / Fluvisols / Loam,Winter,Irrigation,76.34,0.294546985753386,,
Nay Pyi Taw,2017,Pedisein(Greengram),73028,73028,22318,304701296.0,26.08,972.17,63340000000.0,Cambisols / Fluvisols / Loam,Winter,Irrigation,78.97,0.305608807580654,,
Nay Pyi Taw,2018,Pedisein(Greengram),70846,70846,23151,380230690.0,25.73,812.09,67150000000.0,Cambisols / Fluvisols / Loam,Winter,Irrigation,77.11,0.326779211246929,,
Nay Pyi Taw,2019,Pedisein(Greengram),70918,70918,22672,413574673.8,26.57,787.91,68700000000.0,Cambisols / Fluvisols / Loam,Winter,Irrigation,76.67,0.319693166755971,,
Nay Pyi Taw,2020,Pedisein(Greengram),44953,44903,14411,391351453.3,26.28,762.33,78930000000.0,Cambisols / Fluvisols / Loam,Winter,Irrigation,76.42,0.320936240340289,,
Nay Pyi Taw,2021,Pedisein(Greengram),52798,52794,18312,388899650.8,26.24,851.96,65120000000.0,Cambisols / Fluvisols / Loam,Winter,Irrigation,77.5,0.346857597454256,,
Nay Pyi Taw,2022,Pedisein(Greengram),52461,52461,17132,586761617.0,25.96,1027.18,62240000000.0,Cambisols / Fluvisols / Loam,Winter,Irrigation,79.65,0.326566401707935,,
Nay Pyi Taw,2023,Pedisein(Greengram),55065,55065,17495,586702652.6,26.62,853.39,64800000000.0,Cambisols / Fluvisols / Loam,Winter,Irrigation,77.45,0.317715427222373,,
Kachin,2012,Bocatepe(Cow Pea),0,0,0,243967785.0,23.38,914.61,59920000000.0,Acrisols / Red-Brown Lateritic,Rainy,Rainfed,78.77,0.0,,
Kachin,2013,Bocatepe(Cow Pea),0,0,0,199816069.0,23.62,939.94,63260000000.0,Acrisols / Red-Brown Lateritic,Rainy,Rainfed,79.03,0.0,,
Kachin,2014,Bocatepe(Cow Pea),0,0,0,267590796.3,24.01,833.48,67459999999.9999,Acrisols / Red-Brown Lateritic,Rainy,Rainfed,77.68,0.0,,
Kachin,2015,Bocatepe(Cow Pea),0,0,0,238665203.2,23.27,1005.47,62720000000.0,Acrisols / Red-Brown Lateritic,Rainy,Rainfed,79.88,0.0,,
Kachin,2016,Bocatepe(Cow Pea),0,0,0,314946615.9,23.17,1224.63,60120000000.0,Acrisols / Red-Brown Lateritic,Rainy,Rainfed,82.52,0.0,,
Kachin,2017,Bocatepe(Cow Pea),0,0,0,304701296.0,23.28,1125.21,63340000000.0,Acrisols / Red-Brown Lateritic,Rainy,Rainfed,81.31,0.0,,
Kachin,2018,Bocatepe(Cow Pea),0,0,0,380230690.0,22.85,1162.0,67150000000.0,Acrisols / Red-Brown Lateritic,Rainy,Rainfed,81.83,0.0,,
Kachin,2019,Bocatepe(Cow Pea),0,0,0,413574673.8,23.49,1042.44,68700000000.0,Acrisols / Red-Brown Lateritic,Rainy,Rainfed,80.28,0.0,,
Kachin,2020,Bocatepe(Cow Pea),0,0,0,391351453.3,22.87,1329.91,78930000000.0,Acrisols / Red-Brown Lateritic,Rainy,Rainfed,83.84,0.0,,
Kachin,2021,Bocatepe(Cow Pea),0,0,0,388899650.8,23.65,1005.31,65120000000.0,Acrisols / Red-Brown Lateritic,Rainy,Rainfed,79.81,0.0,,
Kachin,2022,Bocatepe(Cow Pea),0,0,0,586761617.0,22.99,1256.07,62240000000.0,Acrisols / Red-Brown Lateritic,Rainy,Rainfed,82.93,0.0,,
Kachin,2023,Bocatepe(Cow Pea),0,0,0,586702652.6,23.84,1183.85,64800000000.0,Acrisols / Red-Brown Lateritic,Rainy,Rainfed,81.91,0.0,,
Kayah,2012,Bocatepe(Cow Pea),342,342,82,243967785.0,22.51,1604.82,59920000000.0,Luvisols / Red Earth,Rainy,Rainfed,87.21,0.239766081871345,,
Kayah,2013,Bocatepe(Cow Pea),350,350,85,199816069.0,22.71,1317.07,63260000000.0,Luvisols / Red Earth,Rainy,Rainfed,83.72,0.242857142857142,,
Kayah,2014,Bocatepe(Cow Pea),270,270,67,267590796.3,23.02,1089.18,67459999999.9999,Luvisols / Red Earth,Rainy,Rainfed,80.93,0.248148148148148,,
Kayah,2015,Bocatepe(Cow Pea),270,270,67,238665203.2,23.36,1113.03,62720000000.0,Luvisols / Red Earth,Rainy,Rainfed,81.15,0.248148148148148,,
Kayah,2016,Bocatepe(Cow Pea),383,383,96,314946615.9,23.41,1222.88,60120000000.0,Luvisols / Red Earth,Rainy,Rainfed,82.46,0.25065274151436,,
Kayah,2017,Bocatepe(Cow Pea),198,198,49,304701296.0,23.16,1567.54,63340000000.0,Luvisols / Red Earth,Rainy,Rainfed,86.64,0.247474747474747,,
Kayah,2018,Bocatepe(Cow Pea),215,215,53,380230690.0,22.69,1316.55,67150000000.0,Luvisols / Red Earth,Rainy,Rainfed,83.71,0.246511627906976,,
Kayah,2019,Bocatepe(Cow Pea),216,216,54,413574673.8,23.24,1282.79,68700000000.0,Luvisols / Red Earth,Rainy,Rainfed,83.21,0.25,,
Kayah,2020,Bocatepe(Cow Pea),222,222,56,391351453.3,23.16,1222.66,78930000000.0,Luvisols / Red Earth,Rainy,Rainfed,82.5,0.252252252252252,,
Kayah,2021,Bocatepe(Cow Pea),197,197,50,388899650.8,23.01,1440.62,65120000000.0,Luvisols / Red Earth,Rainy,Rainfed,85.15,0.253807106598984,,
Kayah,2022,Bocatepe(Cow Pea),222,222,52,586761617.0,22.94,1814.13,62240000000.0,Luvisols / Red Earth,Rainy,Rainfed,89.64,0.234234234234234,,
Kayah,2023,Bocatepe(Cow Pea),88,88,21,586702652.6,23.4,1417.46,64800000000.0,Luvisols / Red Earth,Rainy,Rainfed,84.8,0.238636363636363,,
Kayin,2012,Bocatepe(Cow Pea),30450,30390,9779,243967785.0,26.77,2467.92,59920000000.0,Fluvisols / Gleysols / Alluvial,Rainy,Rainfed,93.0,0.321783481408358,,
Kayin,2013,Bocatepe(Cow Pea),32875,32875,10566,199816069.0,26.67,2022.51,63260000000.0,Fluvisols / Gleysols / Alluvial,Rainy,Rainfed,91.47,0.321399239543726,,
Kayin,2014,Bocatepe(Cow Pea),33437,33437,10772,267590796.3,26.61,1604.54,67459999999.9999,Fluvisols / Gleysols / Alluvial,Rainy,Rainfed,86.46,0.322158088345246,,
Kayin,2015,Bocatepe(Cow Pea),34002,34002,10929,238665203.2,26.97,1981.43,62720000000.0,Fluvisols / Gleysols / Alluvial,Rainy,Rainfed,90.92,0.321422269278277,,
Kayin,2016,Bocatepe(Cow Pea),33596,33596,10947,314946615.9,26.89,1804.66,60120000000.0,Fluvisols / Gleysols / Alluvial,Rainy,Rainfed,88.82,0.325842362185974,,
Kayin,2017,Bocatepe(Cow Pea),34361,34361,11236,304701296.0,26.65,2185.47,63340000000.0,Fluvisols / Gleysols / Alluvial,Rainy,Rainfed,93.0,0.326998632170192,,
Kayin,2018,Bocatepe(Cow Pea),36571,36571,12072,380230690.0,26.73,2484.66,67150000000.0,Fluvisols / Gleysols / Alluvial,Rainy,Rainfed,93.0,0.330097618331464,,
Kayin,2019,Bocatepe(Cow Pea),36590,36590,12381,413574673.8,26.95,2087.25,68700000000.0,Fluvisols / Gleysols / Alluvial,Rainy,Rainfed,92.2,0.338371139655643,,
Kayin,2020,Bocatepe(Cow Pea),36595,36595,12383,391351453.3,27.12,1531.95,78930000000.0,Fluvisols / Gleysols / Alluvial,Rainy,Rainfed,85.5,0.338379560049187,,
Kayin,2021,Bocatepe(Cow Pea),36598,36598,12396,388899650.8,26.67,2969.17,65120000000.0,Fluvisols / Gleysols / Alluvial,Rainy,Rainfed,93.0,0.338707033171211,,
Kayin,2022,Bocatepe(Cow Pea),36483,36483,12373,586761617.0,26.62,2622.64,62240000000.0,Fluvisols / Gleysols / Alluvial,Rainy,Rainfed,93.0,0.339144258969931,,
Kayin,2023,Bocatepe(Cow Pea),36528,36528,12403,586702652.6,26.96,2436.25,64800000000.0,Fluvisols / Gleysols / Alluvial,Rainy,Rainfed,93.0,0.339547744196233,,
Chin,2012,Bocatepe(Cow Pea),361,361,68,243967785.0,22.62,716.7,59920000000.0,Cambisols / Mountainous Soil,Rainy,Rainfed,76.53,0.188365650969529,,
Chin,2013,Bocatepe(Cow Pea),394,394,74,199816069.0,22.48,814.73,63260000000.0,Cambisols / Mountainous Soil,Rainy,Rainfed,77.73,0.187817258883248,,
Chin,2014,Bocatepe(Cow Pea),400,400,75,267590796.3,22.97,716.65,67459999999.9999,Cambisols / Mountainous Soil,Rainy,Rainfed,76.47,0.1875,,
Chin,2015,Bocatepe(Cow Pea),406,406,76,238665203.2,22.61,913.76,62720000000.0,Cambisols / Mountainous Soil,Rainy,Rainfed,78.9,0.1871921182266,,
Chin,2016,Bocatepe(Cow Pea),394,394,74,314946615.9,22.87,965.57,60120000000.0,Cambisols / Mountainous Soil,Rainy,Rainfed,79.47,0.187817258883248,,
Chin,2017,Bocatepe(Cow Pea),348,348,66,304701296.0,22.26,1578.85,63340000000.0,Cambisols / Mountainous Soil,Rainy,Rainfed,86.94,0.189655172413793,,
Chin,2018,Bocatepe(Cow Pea),332,332,63,380230690.0,21.95,1160.88,67150000000.0,Cambisols / Mountainous Soil,Rainy,Rainfed,81.98,0.189759036144578,,
Chin,2019,Bocatepe(Cow Pea),331,331,63,413574673.8,22.53,1254.78,68700000000.0,Cambisols / Mountainous Soil,Rainy,Rainfed,83.0,0.190332326283987,,
Chin,2020,Bocatepe(Cow Pea),315,315,60,391351453.3,22.26,1038.88,78930000000.0,Cambisols / Mountainous Soil,Rainy,Rainfed,80.46,0.19047619047619,,
Chin,2021,Bocatepe(Cow Pea),265,265,51,388899650.8,22.92,753.21,65120000000.0,Cambisols / Mountainous Soil,Rainy,Rainfed,76.91,0.192452830188679,,
Chin,2022,Bocatepe(Cow Pea),257,257,47,586761617.0,22.64,714.38,62240000000.0,Cambisols / Mountainous Soil,Rainy,Rainfed,76.5,0.182879377431906,,
Chin,2023,Bocatepe(Cow Pea),256,256,50,586702652.6,23.13,770.15,64800000000.0,Cambisols / Mountainous Soil,Rainy,Rainfed,77.08,0.1953125,,
Sagaing,2012,Bocatepe(Cow Pea),0,0,0,243967785.0,28.48,302.6,59920000000.0,Luvisols / Cambisols / Savanna,Rainy,Rainfed,70.5,0.0,,
Sagaing,2013,Bocatepe(Cow Pea),0,0,0,199816069.0,28.47,362.75,63260000000.0,Luvisols / Cambisols / Savanna,Rainy,Rainfed,71.23,0.0,,
Sagaing,2014,Bocatepe(Cow Pea),0,0,0,267590796.3,29.02,272.71,67459999999.9999,Luvisols / Cambisols / Savanna,Rainy,Rainfed,70.05,0.0,,
Sagaing,2015,Bocatepe(Cow Pea),0,0,0,238665203.2,28.54,378.91,62720000000.0,Luvisols / Cambisols / Savanna,Rainy,Rainfed,71.41,0.0,,
Sagaing,2016,Bocatepe(Cow Pea),0,0,0,314946615.9,28.61,466.45,60120000000.0,Luvisols / Cambisols / Savanna,Rainy,Rainfed,72.45,0.0,,
Sagaing,2017,Bocatepe(Cow Pea),0,0,0,304701296.0,28.07,637.58,63340000000.0,Luvisols / Cambisols / Savanna,Rainy,Rainfed,74.6,0.0,,
Sagaing,2018,Bocatepe(Cow Pea),0,0,0,380230690.0,27.88,475.8,67150000000.0,Luvisols / Cambisols / Savanna,Rainy,Rainfed,72.69,0.0,,
Sagaing,2019,Bocatepe(Cow Pea),0,0,0,413574673.8,28.67,477.22,68700000000.0,Luvisols / Cambisols / Savanna,Rainy,Rainfed,72.57,0.0,,
Sagaing,2020,Bocatepe(Cow Pea),0,0,0,391351453.3,28.0,552.96,78930000000.0,Luvisols / Cambisols / Savanna,Rainy,Rainfed,73.6,0.0,,
Sagaing,2021,Bocatepe(Cow Pea),0,0,0,388899650.8,29.14,338.14,65120000000.0,Luvisols / Cambisols / Savanna,Rainy,Rainfed,70.81,0.0,,
Sagaing,2022,Bocatepe(Cow Pea),0,0,0,586761617.0,28.78,375.7,62240000000.0,Luvisols / Cambisols / Savanna,Rainy,Rainfed,71.33,0.0,,
Sagaing,2023,Bocatepe(Cow Pea),0,0,0,586702652.6,29.19,387.79,64800000000.0,Luvisols / Cambisols / Savanna,Rainy,Rainfed,71.4,0.0,,
Tanintharyi,2012,Bocatepe(Cow Pea),2,2,0,243967785.0,26.24,2388.49,59920000000.0,Ferralsols / Plinthosols / Lateritic,Rainy,Rainfed,93.0,0.0,,
Tanintharyi,2013,Bocatepe(Cow Pea),4,4,0,199816069.0,25.94,2304.57,63260000000.0,Ferralsols / Plinthosols / Lateritic,Rainy,Rainfed,93.0,0.0,,
Tanintharyi,2014,Bocatepe(Cow Pea),0,0,0,267590796.3,25.99,1706.05,67459999999.9999,Ferralsols / Plinthosols / Lateritic,Rainy,Rainfed,87.79,0.0,,
Tanintharyi,2015,Bocatepe(Cow Pea),2,2,0,238665203.2,26.43,1914.37,62720000000.0,Ferralsols / Plinthosols / Lateritic,Rainy,Rainfed,90.22,0.0,,
Tanintharyi,2016,Bocatepe(Cow Pea),5,5,0,314946615.9,26.3,1870.73,60120000000.0,Ferralsols / Plinthosols / Lateritic,Rainy,Rainfed,89.71,0.0,,
Tanintharyi,2017,Bocatepe(Cow Pea),45,45,7,304701296.0,26.08,2485.72,63340000000.0,Ferralsols / Plinthosols / Lateritic,Rainy,Rainfed,93.0,0.155555555555555,,
Tanintharyi,2018,Bocatepe(Cow Pea),45,45,7,380230690.0,26.23,2273.98,67150000000.0,Ferralsols / Plinthosols / Lateritic,Rainy,Rainfed,93.0,0.155555555555555,,
Tanintharyi,2019,Bocatepe(Cow Pea),46,46,7,413574673.8,26.44,1846.93,68700000000.0,Ferralsols / Plinthosols / Lateritic,Rainy,Rainfed,89.4,0.152173913043478,,
Tanintharyi,2020,Bocatepe(Cow Pea),47,47,7,391351453.3,26.42,2375.71,78930000000.0,Ferralsols / Plinthosols / Lateritic,Rainy,Rainfed,93.0,0.148936170212765,,
Tanintharyi,2021,Bocatepe(Cow Pea),47,47,7,388899650.8,25.97,2896.94,65120000000.0,Ferralsols / Plinthosols / Lateritic,Rainy,Rainfed,93.0,0.148936170212765,,
Tanintharyi,2022,Bocatepe(Cow Pea),49,49,7,586761617.0,26.08,2726.62,62240000000.0,Ferralsols / Plinthosols / Lateritic,Rainy,Rainfed,93.0,0.142857142857142,,
Tanintharyi,2023,Bocatepe(Cow Pea),49,49,7,586702652.6,26.46,2318.19,64800000000.0,Ferralsols / Plinthosols / Lateritic,Rainy,Rainfed,93.0,0.142857142857142,,
Bago,2012,Bocatepe(Cow Pea),53946,53946,21981,243967785.0,27.33,1519.25,59920000000.0,Fluvisols / Gleysols / Alluvial,Rainy,Rainfed,85.31,0.407463018574129,,
Bago,2013,Bocatepe(Cow Pea),53342,53342,21906,199816069.0,27.57,1187.91,63260000000.0,Fluvisols / Gleysols / Alluvial,Rainy,Rainfed,81.29,0.410670766000524,,
Bago,2014,Bocatepe(Cow Pea),53123,53123,21976,267590796.3,27.57,1054.41,67459999999.9999,Fluvisols / Gleysols / Alluvial,Rainy,Rainfed,79.69,0.413681456243058,,
Bago,2015,Bocatepe(Cow Pea),54123,54123,22643,238665203.2,27.77,1256.33,62720000000.0,Fluvisols / Gleysols / Alluvial,Rainy,Rainfed,82.08,0.418361879422796,,
Bago,2016,Bocatepe(Cow Pea),53816,53816,22735,314946615.9,27.71,1212.7,60120000000.0,Fluvisols / Gleysols / Alluvial,Rainy,Rainfed,81.56,0.422458005054258,,
Bago,2017,Bocatepe(Cow Pea),63074,63074,26561,304701296.0,27.49,1498.81,63340000000.0,Fluvisols / Gleysols / Alluvial,Rainy,Rainfed,85.04,0.421108539176205,,
Bago,2018,Bocatepe(Cow Pea),55977,55977,23893,380230690.0,27.43,1690.27,67150000000.0,Fluvisols / Gleysols / Alluvial,Rainy,Rainfed,87.35,0.426836021937581,,
Bago,2019,Bocatepe(Cow Pea),53984,53984,23192,413574673.8,28.09,1236.72,68700000000.0,Fluvisols / Gleysols / Alluvial,Rainy,Rainfed,81.78,0.429608772969768,,
Bago,2020,Bocatepe(Cow Pea),52722,52722,23384,391351453.3,28.01,1004.02,78930000000.0,Fluvisols / Gleysols / Alluvial,Rainy,Rainfed,79.01,0.443534008573271,,
Bago,2021,Bocatepe(Cow Pea),49525,49525,21265,388899650.8,27.31,1749.84,65120000000.0,Fluvisols / Gleysols / Alluvial,Rainy,Rainfed,88.08,0.429379101463907,,
Bago,2022,Bocatepe(Cow Pea),55757,55757,24461,586761617.0,27.34,1789.55,62240000000.0,Fluvisols / Gleysols / Alluvial,Rainy,Rainfed,88.55,0.43870724752049,,
Bago,2023,Bocatepe(Cow Pea),127097,127097,53050,586702652.6,28.01,1574.66,64800000000.0,Fluvisols / Gleysols / Alluvial,Rainy,Rainfed,85.85,0.417397735587779,,
Magway,2012,Bocatepe(Cow Pea),9360,9360,2772,243967785.0,26.79,898.02,59920000000.0,Regosols / Luvisols / Sandy Savanna,Rainy,Rainfed,77.95,0.296153846153846,,
Magway,2013,Bocatepe(Cow Pea),9364,9364,2874,199816069.0,26.96,878.15,63260000000.0,Regosols / Luvisols / Sandy Savanna,Rainy,Rainfed,77.68,0.306920119607005,,
Magway,2014,Bocatepe(Cow Pea),9400,9400,2933,267590796.3,27.42,770.86,67459999999.9999,Regosols / Luvisols / Sandy Savanna,Rainy,Rainfed,76.31,0.312021276595744,,
Magway,2015,Bocatepe(Cow Pea),9575,9575,3025,238665203.2,27.31,734.05,62720000000.0,Regosols / Luvisols / Sandy Savanna,Rainy,Rainfed,75.89,0.315926892950391,,
Magway,2016,Bocatepe(Cow Pea),9567,9567,3107,314946615.9,27.18,941.74,60120000000.0,Regosols / Luvisols / Sandy Savanna,Rainy,Rainfed,78.41,0.324762203407546,,
Magway,2017,Bocatepe(Cow Pea),4004,4004,1157,304701296.0,27.02,1107.58,63340000000.0,Regosols / Luvisols / Sandy Savanna,Rainy,Rainfed,80.43,0.288961038961039,,
Magway,2018,Bocatepe(Cow Pea),2712,2712,820,380230690.0,26.75,839.14,67150000000.0,Regosols / Luvisols / Sandy Savanna,Rainy,Rainfed,77.25,0.302359882005899,,
Magway,2019,Bocatepe(Cow Pea),2536,2536,753,413574673.8,27.7,769.91,68700000000.0,Regosols / Luvisols / Sandy Savanna,Rainy,Rainfed,76.25,0.29692429022082,,
Magway,2020,Bocatepe(Cow Pea),3881,3881,1157,391351453.3,27.15,822.19,78930000000.0,Regosols / Luvisols / Sandy Savanna,Rainy,Rainfed,76.98,0.298119041484153,,
Magway,2021,Bocatepe(Cow Pea),3877,3877,1164,388899650.8,27.77,689.55,65120000000.0,Regosols / Luvisols / Sandy Savanna,Rainy,Rainfed,75.28,0.300232138251225,,
Magway,2022,Bocatepe(Cow Pea),3877,3877,1163,586761617.0,27.6,729.42,62240000000.0,Regosols / Luvisols / Sandy Savanna,Rainy,Rainfed,75.79,0.299974206860975,,
Magway,2023,Bocatepe(Cow Pea),3849,3849,1173,586702652.6,28.03,696.9,64800000000.0,Regosols / Luvisols / Sandy Savanna,Rainy,Rainfed,75.32,0.304754481683554,,
Mandalay,2012,Bocatepe(Cow Pea),814,814,216,243967785.0,27.22,338.39,59920000000.0,Luvisols / Cambisols / Savanna,Rainy,Rainfed,71.16,0.265356265356265,,
Mandalay,2013,Bocatepe(Cow Pea),811,811,217,199816069.0,27.39,350.66,63260000000.0,Luvisols / Cambisols / Savanna,Rainy,Rainfed,71.28,0.267570900123304,,
Mandalay,2014,Bocatepe(Cow Pea),718,718,205,267590796.3,27.89,270.44,67459999999.9999,Luvisols / Cambisols / Savanna,Rainy,Rainfed,70.23,0.285515320334261,,
Mandalay,2015,Bocatepe(Cow Pea),720,720,208,238665203.2,27.41,376.48,62720000000.0,Luvisols / Cambisols / Savanna,Rainy,Rainfed,71.58,0.288888888888888,,
Mandalay,2016,Bocatepe(Cow Pea),725,725,210,314946615.9,27.59,376.98,60120000000.0,Luvisols / Cambisols / Savanna,Rainy,Rainfed,71.56,0.289655172413793,,
Mandalay,2017,Bocatepe(Cow Pea),819,819,238,304701296.0,27.37,461.76,63340000000.0,Luvisols / Cambisols / Savanna,Rainy,Rainfed,72.61,0.29059829059829,,
Mandalay,2018,Bocatepe(Cow Pea),784,784,231,380230690.0,27.03,394.62,67150000000.0,Luvisols / Cambisols / Savanna,Rainy,Rainfed,71.87,0.294642857142857,,
Mandalay,2019,Bocatepe(Cow Pea),787,787,232,413574673.8,27.69,414.37,68700000000.0,Luvisols / Cambisols / Savanna,Rainy,Rainfed,71.99,0.294790343074968,,
Mandalay,2020,Bocatepe(Cow Pea),772,772,225,391351453.3,27.18,470.39,78930000000.0,Luvisols / Cambisols / Savanna,Rainy,Rainfed,72.75,0.291450777202072,,
Mandalay,2021,Bocatepe(Cow Pea),779,779,228,388899650.8,27.8,383.44,65120000000.0,Luvisols / Cambisols / Savanna,Rainy,Rainfed,71.6,0.292682926829268,,
Mandalay,2022,Bocatepe(Cow Pea),1004,1004,290,586761617.0,27.53,425.89,62240000000.0,Luvisols / Cambisols / Savanna,Rainy,Rainfed,72.16,0.288844621513944,,
Mandalay,2023,Bocatepe(Cow Pea),499,499,153,586702652.6,28.02,431.5,64800000000.0,Luvisols / Cambisols / Savanna,Rainy,Rainfed,72.13,0.306613226452905,,
Mon,2012,Bocatepe(Cow Pea),7968,7968,2548,243967785.0,27.89,2936.46,59920000000.0,Ferralsols / Gleysols / Lateritic,Rainy,Rainfed,93.0,0.319779116465863,,
Mon,2013,Bocatepe(Cow Pea),8584,8584,2801,199816069.0,27.75,2472.26,63260000000.0,Ferralsols / Gleysols / Lateritic,Rainy,Rainfed,93.0,0.32630475302889,,
Mon,2014,Bocatepe(Cow Pea),7201,7201,2375,267590796.3,27.71,1805.43,67459999999.9999,Ferralsols / Gleysols / Lateritic,Rainy,Rainfed,88.68,0.329815303430079,,
Mon,2015,Bocatepe(Cow Pea),7060,7060,2373,238665203.2,27.96,2500.08,62720000000.0,Ferralsols / Gleysols / Lateritic,Rainy,Rainfed,93.0,0.336118980169971,,
Mon,2016,Bocatepe(Cow Pea),4889,4889,1601,314946615.9,27.84,2247.31,60120000000.0,Ferralsols / Gleysols / Lateritic,Rainy,Rainfed,93.0,0.327469830231131,,
Mon,2017,Bocatepe(Cow Pea),4537,4537,1523,304701296.0,27.68,2729.02,63340000000.0,Ferralsols / Gleysols / Lateritic,Rainy,Rainfed,93.0,0.335684372933656,,
Mon,2018,Bocatepe(Cow Pea),4173,4173,1414,380230690.0,27.86,3263.34,67150000000.0,Ferralsols / Gleysols / Lateritic,Rainy,Rainfed,93.0,0.338844955667385,,
Mon,2019,Bocatepe(Cow Pea),5375,5375,1810,413574673.8,28.11,2717.71,68700000000.0,Ferralsols / Gleysols / Lateritic,Rainy,Rainfed,93.0,0.336744186046511,,
Mon,2020,Bocatepe(Cow Pea),5383,5383,1787,391351453.3,28.13,1897.4,78930000000.0,Ferralsols / Gleysols / Lateritic,Rainy,Rainfed,89.71,0.331971019877391,,
Mon,2021,Bocatepe(Cow Pea),5304,5304,1839,388899650.8,27.71,3711.2,65120000000.0,Ferralsols / Gleysols / Lateritic,Rainy,Rainfed,93.0,0.346719457013574,,
Mon,2022,Bocatepe(Cow Pea),4603,4603,1604,586761617.0,27.71,3270.72,62240000000.0,Ferralsols / Gleysols / Lateritic,Rainy,Rainfed,93.0,0.348468390180317,,
Mon,2023,Bocatepe(Cow Pea),6067,6067,2234,586702652.6,28.09,3075.98,64800000000.0,Ferralsols / Gleysols / Lateritic,Rainy,Rainfed,93.0,0.368221526289764,,
Rakhine,2012,Bocatepe(Cow Pea),62613,62613,18894,243967785.0,26.54,2984.69,59920000000.0,Gleysols / Alluvial / Mountainous,Rainy,Rainfed,93.0,0.301758420775238,,
Rakhine,2013,Bocatepe(Cow Pea),62490,62490,18896,199816069.0,26.5,3116.99,63260000000.0,Gleysols / Alluvial / Mountainous,Rainy,Rainfed,93.0,0.30238438150104,,
Rakhine,2014,Bocatepe(Cow Pea),60373,60373,18363,267590796.3,26.74,2952.75,67459999999.9999,Gleysols / Alluvial / Mountainous,Rainy,Rainfed,93.0,0.304159143988206,,
Rakhine,2015,Bocatepe(Cow Pea),57519,57519,17518,238665203.2,26.5,8475.24,62720000000.0,Gleysols / Alluvial / Mountainous,Rainy,Rainfed,93.0,0.304560232271075,,
Rakhine,2016,Bocatepe(Cow Pea),56354,56354,17234,314946615.9,26.76,10036.74,60120000000.0,Gleysols / Alluvial / Mountainous,Rainy,Rainfed,93.0,0.305816800936934,,
Rakhine,2017,Bocatepe(Cow Pea),34806,34806,10824,304701296.0,26.66,7844.64,63340000000.0,Gleysols / Alluvial / Mountainous,Rainy,Rainfed,93.0,0.31098086536804,,
Rakhine,2018,Bocatepe(Cow Pea),33738,33738,10651,380230690.0,26.17,7927.61,67150000000.0,Gleysols / Alluvial / Mountainous,Rainy,Rainfed,93.0,0.31569743316142,,
Rakhine,2019,Bocatepe(Cow Pea),33255,33255,10539,413574673.8,26.66,8062.73,68700000000.0,Gleysols / Alluvial / Mountainous,Rainy,Rainfed,93.0,0.316914749661705,,
Rakhine,2020,Bocatepe(Cow Pea),31495,31495,9931,391351453.3,26.49,7855.92,78930000000.0,Gleysols / Alluvial / Mountainous,Rainy,Rainfed,93.0,0.315319892046356,,
Rakhine,2021,Bocatepe(Cow Pea),31635,31635,10026,388899650.8,26.93,5291.74,65120000000.0,Gleysols / Alluvial / Mountainous,Rainy,Rainfed,93.0,0.316927453769559,,
Rakhine,2022,Bocatepe(Cow Pea),31340,31340,10015,586761617.0,26.66,5117.41,62240000000.0,Gleysols / Alluvial / Mountainous,Rainy,Rainfed,93.0,0.319559668155711,,
Rakhine,2023,Bocatepe(Cow Pea),29310,29310,9410,586702652.6,26.9,5823.68,64800000000.0,Gleysols / Alluvial / Mountainous,Rainy,Rainfed,93.0,0.321050835892186,,
Yangon,2012,Bocatepe(Cow Pea),1856,1856,537,243967785.0,27.5,1871.61,59920000000.0,Fluvisols / Gleysols / Alluvial,Rainy,Rainfed,89.51,0.289331896551724,,
Yangon,2013,Bocatepe(Cow Pea),1337,1337,402,199816069.0,27.61,1492.96,63260000000.0,Fluvisols / Gleysols / Alluvial,Rainy,Rainfed,84.95,0.300673148840688,,
Yangon,2014,Bocatepe(Cow Pea),1649,1649,494,267590796.3,27.67,1241.48,67459999999.9999,Fluvisols / Gleysols / Alluvial,Rainy,Rainfed,81.92,0.299575500303214,,
Yangon,2015,Bocatepe(Cow Pea),1631,1631,492,238665203.2,27.86,1676.99,62720000000.0,Fluvisols / Gleysols / Alluvial,Rainy,Rainfed,87.11,0.301655426118945,,
Yangon,2016,Bocatepe(Cow Pea),1325,1325,405,314946615.9,27.8,1521.79,60120000000.0,Fluvisols / Gleysols / Alluvial,Rainy,Rainfed,85.26,0.30566037735849,,
Yangon,2017,Bocatepe(Cow Pea),2032,2032,620,304701296.0,27.54,1863.36,63340000000.0,Fluvisols / Gleysols / Alluvial,Rainy,Rainfed,89.4,0.30511811023622,,
Yangon,2018,Bocatepe(Cow Pea),1989,1989,634,380230690.0,27.53,2226.31,67150000000.0,Fluvisols / Gleysols / Alluvial,Rainy,Rainfed,93.0,0.318753142282554,,
Yangon,2019,Bocatepe(Cow Pea),1948,1948,615,413574673.8,28.09,1694.52,68700000000.0,Fluvisols / Gleysols / Alluvial,Rainy,Rainfed,87.28,0.31570841889117,,
Yangon,2020,Bocatepe(Cow Pea),1836,1836,582,391351453.3,28.05,1262.54,78930000000.0,Fluvisols / Gleysols / Alluvial,Rainy,Rainfed,82.1,0.316993464052287,,
Yangon,2021,Bocatepe(Cow Pea),1797,1797,568,388899650.8,27.4,2360.45,65120000000.0,Fluvisols / Gleysols / Alluvial,Rainy,Rainfed,93.0,0.316082359488035,,
Yangon,2022,Bocatepe(Cow Pea),1364,1364,443,586761617.0,27.36,2242.28,62240000000.0,Fluvisols / Gleysols / Alluvial,Rainy,Rainfed,93.0,0.324780058651026,,
Yangon,2023,Bocatepe(Cow Pea),1829,1829,575,586702652.6,28.02,2034.25,64800000000.0,Fluvisols / Gleysols / Alluvial,Rainy,Rainfed,91.37,0.314379442318206,,
Shan,2012,Bocatepe(Cow Pea),0,0,0,243967785.0,21.06,671.3,59920000000.0,Acrisols / Ferralsols / Red Earth,Rainy,Rainfed,76.26,0.0,,
Shan,2013,Bocatepe(Cow Pea),0,0,0,199816069.0,21.38,594.52,63260000000.0,Acrisols / Ferralsols / Red Earth,Rainy,Rainfed,75.29,0.0,,
Shan,2014,Bocatepe(Cow Pea),0,0,0,267590796.3,21.82,438.2,67459999999.9999,Acrisols / Ferralsols / Red Earth,Rainy,Rainfed,73.33,0.0,,
Shan,2015,Bocatepe(Cow Pea),0,0,0,238665203.2,21.68,533.62,62720000000.0,Acrisols / Ferralsols / Red Earth,Rainy,Rainfed,74.5,0.0,,
Shan,2016,Bocatepe(Cow Pea),0,0,0,314946615.9,21.69,570.05,60120000000.0,Acrisols / Ferralsols / Red Earth,Rainy,Rainfed,74.94,0.0,,
Shan,2017,Bocatepe(Cow Pea),0,0,0,304701296.0,21.52,759.17,63340000000.0,Acrisols / Ferralsols / Red Earth,Rainy,Rainfed,77.24,0.0,,
Shan,2018,Bocatepe(Cow Pea),0,0,0,380230690.0,21.16,624.01,67150000000.0,Acrisols / Ferralsols / Red Earth,Rainy,Rainfed,75.68,0.0,,
Shan,2019,Bocatepe(Cow Pea),0,0,0,413574673.8,21.87,584.23,68700000000.0,Acrisols / Ferralsols / Red Earth,Rainy,Rainfed,75.07,0.0,,
Shan,2020,Bocatepe(Cow Pea),0,0,0,391351453.3,21.56,626.15,78930000000.0,Acrisols / Ferralsols / Red Earth,Rainy,Rainfed,75.63,0.0,,
Shan,2021,Bocatepe(Cow Pea),0,0,0,388899650.8,21.67,658.43,65120000000.0,Acrisols / Ferralsols / Red Earth,Rainy,Rainfed,76.0,0.0,,
Shan,2022,Bocatepe(Cow Pea),0,0,0,586761617.0,21.33,803.12,62240000000.0,Acrisols / Ferralsols / Red Earth,Rainy,Rainfed,77.8,0.0,,
Shan,2023,Bocatepe(Cow Pea),0,0,0,586702652.6,22.07,653.29,64800000000.0,Acrisols / Ferralsols / Red Earth,Rainy,Rainfed,75.87,0.0,,
Ayeyarwady,2012,Bocatepe(Cow Pea),159907,159907,55842,243967785.0,27.73,892.99,59920000000.0,Fluvisols / Gleysols / Alluvial,Rainy,Rainfed,77.72,0.349215481498621,,
Ayeyarwady,2013,Bocatepe(Cow Pea),162391,162391,57338,199816069.0,27.91,705.85,63260000000.0,Fluvisols / Gleysols / Alluvial,Rainy,Rainfed,75.45,0.353086070040827,,
Ayeyarwady,2014,Bocatepe(Cow Pea),163106,163106,57981,267590796.3,28.21,606.23,67459999999.9999,Fluvisols / Gleysols / Alluvial,Rainy,Rainfed,74.2,0.35548048508332,,
Ayeyarwady,2015,Bocatepe(Cow Pea),168246,168246,60061,238665203.2,28.19,737.44,62720000000.0,Fluvisols / Gleysols / Alluvial,Rainy,Rainfed,75.78,0.356983226941502,,
Ayeyarwady,2016,Bocatepe(Cow Pea),164507,164507,56841,314946615.9,28.14,712.5,60120000000.0,Fluvisols / Gleysols / Alluvial,Rainy,Rainfed,75.48,0.345523290802215,,
Ayeyarwady,2017,Bocatepe(Cow Pea),185968,185968,64096,304701296.0,28.04,819.64,63340000000.0,Fluvisols / Gleysols / Alluvial,Rainy,Rainfed,76.79,0.344661447130689,,
Ayeyarwady,2018,Bocatepe(Cow Pea),174419,174419,59907,380230690.0,27.76,972.0,67150000000.0,Fluvisols / Gleysols / Alluvial,Rainy,Rainfed,78.67,0.343466021477018,,
Ayeyarwady,2019,Bocatepe(Cow Pea),167975,167975,58375,413574673.8,28.38,776.06,68700000000.0,Fluvisols / Gleysols / Alluvial,Rainy,Rainfed,76.2,0.347521952671528,,
Ayeyarwady,2020,Bocatepe(Cow Pea),168613,168613,59021,391351453.3,28.37,575.94,78930000000.0,Fluvisols / Gleysols / Alluvial,Rainy,Rainfed,73.8,0.350038253278216,,
Ayeyarwady,2021,Bocatepe(Cow Pea),168174,168174,59064,388899650.8,27.92,960.87,65120000000.0,Fluvisols / Gleysols / Alluvial,Rainy,Rainfed,78.5,0.351207677762317,,
Ayeyarwady,2022,Bocatepe(Cow Pea),163436,163436,57529,586761617.0,27.91,944.56,62240000000.0,Fluvisols / Gleysols / Alluvial,Rainy,Rainfed,78.31,0.351997112019383,,
Ayeyarwady,2023,Bocatepe(Cow Pea),168790,168790,59659,586702652.6,28.36,837.63,64800000000.0,Fluvisols / Gleysols / Alluvial,Rainy,Rainfed,76.95,0.353451033829018,,
Nay Pyi Taw,2012,Bocatepe(Cow Pea),0,0,0,243967785.0,25.41,942.84,59920000000.0,Cambisols / Fluvisols / Loam,Rainy,Rainfed,78.74,0.0,,
Nay Pyi Taw,2013,Bocatepe(Cow Pea),0,0,0,199816069.0,25.88,775.78,63260000000.0,Cambisols / Fluvisols / Loam,Rainy,Rainfed,76.65,0.0,,
Nay Pyi Taw,2014,Bocatepe(Cow Pea),0,0,0,267590796.3,26.38,617.16,67459999999.9999,Cambisols / Fluvisols / Loam,Rainy,Rainfed,74.66,0.0,,
Nay Pyi Taw,2015,Bocatepe(Cow Pea),0,0,0,238665203.2,26.35,678.38,62720000000.0,Cambisols / Fluvisols / Loam,Rainy,Rainfed,75.4,0.0,,
Nay Pyi Taw,2016,Bocatepe(Cow Pea),0,0,0,314946615.9,26.23,754.74,60120000000.0,Cambisols / Fluvisols / Loam,Rainy,Rainfed,76.34,0.0,,
Nay Pyi Taw,2017,Bocatepe(Cow Pea),0,0,0,304701296.0,26.08,972.17,63340000000.0,Cambisols / Fluvisols / Loam,Rainy,Rainfed,78.97,0.0,,
Nay Pyi Taw,2018,Bocatepe(Cow Pea),0,0,0,380230690.0,25.73,812.09,67150000000.0,Cambisols / Fluvisols / Loam,Rainy,Rainfed,77.11,0.0,,
Nay Pyi Taw,2019,Bocatepe(Cow Pea),0,0,0,413574673.8,26.57,787.91,68700000000.0,Cambisols / Fluvisols / Loam,Rainy,Rainfed,76.67,0.0,,
Nay Pyi Taw,2020,Bocatepe(Cow Pea),0,0,0,391351453.3,26.28,762.33,78930000000.0,Cambisols / Fluvisols / Loam,Rainy,Rainfed,76.42,0.0,,
Nay Pyi Taw,2021,Bocatepe(Cow Pea),0,0,0,388899650.8,26.24,851.96,65120000000.0,Cambisols / Fluvisols / Loam,Rainy,Rainfed,77.5,0.0,,
Nay Pyi Taw,2022,Bocatepe(Cow Pea),0,0,0,586761617.0,25.96,1027.18,62240000000.0,Cambisols / Fluvisols / Loam,Rainy,Rainfed,79.65,0.0,,
Nay Pyi Taw,2023,Bocatepe(Cow Pea),0,0,0,586702652.6,26.62,853.39,64800000000.0,Cambisols / Fluvisols / Loam,Rainy,Rainfed,77.45,0.0,,
Kachin,2012,Peyin(Rice bean),0,0,0,243967785.0,23.38,914.61,59920000000.0,Acrisols / Red-Brown Lateritic,Rainy,Rainfed,78.77,0.0,,
Kachin,2013,Peyin(Rice bean),0,0,0,199816069.0,23.62,939.94,63260000000.0,Acrisols / Red-Brown Lateritic,Rainy,Rainfed,79.03,0.0,,
Kachin,2014,Peyin(Rice bean),0,0,0,267590796.3,24.01,833.48,67459999999.9999,Acrisols / Red-Brown Lateritic,Rainy,Rainfed,77.68,0.0,,
Kachin,2015,Peyin(Rice bean),0,0,0,238665203.2,23.27,1005.47,62720000000.0,Acrisols / Red-Brown Lateritic,Rainy,Rainfed,79.88,0.0,,
Kachin,2016,Peyin(Rice bean),0,0,0,314946615.9,23.17,1224.63,60120000000.0,Acrisols / Red-Brown Lateritic,Rainy,Rainfed,82.52,0.0,,
Kachin,2017,Peyin(Rice bean),0,0,0,304701296.0,23.28,1125.21,63340000000.0,Acrisols / Red-Brown Lateritic,Rainy,Rainfed,81.31,0.0,,
Kachin,2018,Peyin(Rice bean),0,0,0,380230690.0,22.85,1162.0,67150000000.0,Acrisols / Red-Brown Lateritic,Rainy,Rainfed,81.83,0.0,,
Kachin,2019,Peyin(Rice bean),0,0,0,413574673.8,23.49,1042.44,68700000000.0,Acrisols / Red-Brown Lateritic,Rainy,Rainfed,80.28,0.0,,
Kachin,2020,Peyin(Rice bean),0,0,0,391351453.3,22.87,1329.91,78930000000.0,Acrisols / Red-Brown Lateritic,Rainy,Rainfed,83.84,0.0,,
Kachin,2021,Peyin(Rice bean),0,0,0,388899650.8,23.65,1005.31,65120000000.0,Acrisols / Red-Brown Lateritic,Rainy,Rainfed,79.81,0.0,,
Kachin,2022,Peyin(Rice bean),0,0,0,586761617.0,22.99,1256.07,62240000000.0,Acrisols / Red-Brown Lateritic,Rainy,Rainfed,82.93,0.0,,
Kachin,2023,Peyin(Rice bean),0,0,0,586702652.6,23.84,1183.85,64800000000.0,Acrisols / Red-Brown Lateritic,Rainy,Rainfed,81.91,0.0,,
Kayah,2012,Peyin(Rice bean),1254,1254,280,243967785.0,22.51,1604.82,59920000000.0,Luvisols / Red Earth,Rainy,Rainfed,87.21,0.223285486443381,,
Kayah,2013,Peyin(Rice bean),1226,1226,253,199816069.0,22.71,1317.07,63260000000.0,Luvisols / Red Earth,Rainy,Rainfed,83.72,0.206362153344208,,
Kayah,2014,Peyin(Rice bean),1233,1233,268,267590796.3,23.02,1089.18,67459999999.9999,Luvisols / Red Earth,Rainy,Rainfed,80.93,0.21735604217356,,
Kayah,2015,Peyin(Rice bean),1079,1079,237,238665203.2,23.36,1113.03,62720000000.0,Luvisols / Red Earth,Rainy,Rainfed,81.15,0.21964782205746,,
Kayah,2016,Peyin(Rice bean),1027,1027,211,314946615.9,23.41,1222.88,60120000000.0,Luvisols / Red Earth,Rainy,Rainfed,82.46,0.205452775073028,,
Kayah,2017,Peyin(Rice bean),123,123,28,304701296.0,23.16,1567.54,63340000000.0,Luvisols / Red Earth,Rainy,Rainfed,86.64,0.227642276422764,,
Kayah,2018,Peyin(Rice bean),96,96,23,380230690.0,22.69,1316.55,67150000000.0,Luvisols / Red Earth,Rainy,Rainfed,83.71,0.239583333333333,,
Kayah,2019,Peyin(Rice bean),101,101,24,413574673.8,23.24,1282.79,68700000000.0,Luvisols / Red Earth,Rainy,Rainfed,83.21,0.237623762376237,,
Kayah,2020,Peyin(Rice bean),88,88,21,391351453.3,23.16,1222.66,78930000000.0,Luvisols / Red Earth,Rainy,Rainfed,82.5,0.238636363636363,,
Kayah,2021,Peyin(Rice bean),63,63,15,388899650.8,23.01,1440.62,65120000000.0,Luvisols / Red Earth,Rainy,Rainfed,85.15,0.238095238095238,,
Kayah,2022,Peyin(Rice bean),61,61,19,586761617.0,22.94,1814.13,62240000000.0,Luvisols / Red Earth,Rainy,Rainfed,89.64,0.311475409836065,,
Kayah,2023,Peyin(Rice bean),74,74,20,586702652.6,23.4,1417.46,64800000000.0,Luvisols / Red Earth,Rainy,Rainfed,84.8,0.27027027027027,,
Kayin,2012,Peyin(Rice bean),0,0,0,243967785.0,26.77,2467.92,59920000000.0,Fluvisols / Gleysols / Alluvial,Rainy,Rainfed,93.0,0.0,,
Kayin,2013,Peyin(Rice bean),0,0,0,199816069.0,26.67,2022.51,63260000000.0,Fluvisols / Gleysols / Alluvial,Rainy,Rainfed,91.47,0.0,,
Kayin,2014,Peyin(Rice bean),0,0,0,267590796.3,26.61,1604.54,67459999999.9999,Fluvisols / Gleysols / Alluvial,Rainy,Rainfed,86.46,0.0,,
Kayin,2015,Peyin(Rice bean),0,0,0,238665203.2,26.97,1981.43,62720000000.0,Fluvisols / Gleysols / Alluvial,Rainy,Rainfed,90.92,0.0,,
Kayin,2016,Peyin(Rice bean),0,0,0,314946615.9,26.89,1804.66,60120000000.0,Fluvisols / Gleysols / Alluvial,Rainy,Rainfed,88.82,0.0,,
Kayin,2017,Peyin(Rice bean),0,0,0,304701296.0,26.65,2185.47,63340000000.0,Fluvisols / Gleysols / Alluvial,Rainy,Rainfed,93.0,0.0,,
Kayin,2018,Peyin(Rice bean),0,0,0,380230690.0,26.73,2484.66,67150000000.0,Fluvisols / Gleysols / Alluvial,Rainy,Rainfed,93.0,0.0,,
Kayin,2019,Peyin(Rice bean),0,0,0,413574673.8,26.95,2087.25,68700000000.0,Fluvisols / Gleysols / Alluvial,Rainy,Rainfed,92.2,0.0,,
Kayin,2020,Peyin(Rice bean),0,0,0,391351453.3,27.12,1531.95,78930000000.0,Fluvisols / Gleysols / Alluvial,Rainy,Rainfed,85.5,0.0,,
Kayin,2021,Peyin(Rice bean),0,0,0,388899650.8,26.67,2969.17,65120000000.0,Fluvisols / Gleysols / Alluvial,Rainy,Rainfed,93.0,0.0,,
Kayin,2022,Peyin(Rice bean),0,0,0,586761617.0,26.62,2622.64,62240000000.0,Fluvisols / Gleysols / Alluvial,Rainy,Rainfed,93.0,0.0,,
Kayin,2023,Peyin(Rice bean),0,0,0,586702652.6,26.96,2436.25,64800000000.0,Fluvisols / Gleysols / Alluvial,Rainy,Rainfed,93.0,0.0,,
Chin,2012,Peyin(Rice bean),7978,7978,1596,243967785.0,22.62,716.7,59920000000.0,Cambisols / Mountainous Soil,Rainy,Rainfed,76.53,0.200050137879167,,
Chin,2013,Peyin(Rice bean),7189,7189,1451,199816069.0,22.48,814.73,63260000000.0,Cambisols / Mountainous Soil,Rainy,Rainfed,77.73,0.201836138544999,,
Chin,2014,Peyin(Rice bean),6889,6889,1371,267590796.3,22.97,716.65,67459999999.9999,Cambisols / Mountainous Soil,Rainy,Rainfed,76.47,0.199012919146465,,
Chin,2015,Peyin(Rice bean),7416,7416,145,238665203.2,22.61,913.76,62720000000.0,Cambisols / Mountainous Soil,Rainy,Rainfed,78.9,0.0195523193096008,,
Chin,2016,Peyin(Rice bean),6538,6538,1287,314946615.9,22.87,965.57,60120000000.0,Cambisols / Mountainous Soil,Rainy,Rainfed,79.47,0.196849189354542,,
Chin,2017,Peyin(Rice bean),5745,5745,1095,304701296.0,22.26,1578.85,63340000000.0,Cambisols / Mountainous Soil,Rainy,Rainfed,86.94,0.190600522193211,,
Chin,2018,Peyin(Rice bean),5404,5404,1029,380230690.0,21.95,1160.88,67150000000.0,Cambisols / Mountainous Soil,Rainy,Rainfed,81.98,0.19041450777202,,
Chin,2019,Peyin(Rice bean),5219,5219,994,413574673.8,22.53,1254.78,68700000000.0,Cambisols / Mountainous Soil,Rainy,Rainfed,83.0,0.190457942134508,,
Chin,2020,Peyin(Rice bean),4902,4902,933,391351453.3,22.26,1038.88,78930000000.0,Cambisols / Mountainous Soil,Rainy,Rainfed,80.46,0.190330477356181,,
Chin,2021,Peyin(Rice bean),4475,3869,706,388899650.8,22.92,753.21,65120000000.0,Cambisols / Mountainous Soil,Rainy,Rainfed,76.91,0.18247609201344,,
Chin,2022,Peyin(Rice bean),3932,3932,712,586761617.0,22.64,714.38,62240000000.0,Cambisols / Mountainous Soil,Rainy,Rainfed,76.5,0.181078331637843,,
Chin,2023,Peyin(Rice bean),3774,3774,691,586702652.6,23.13,770.15,64800000000.0,Cambisols / Mountainous Soil,Rainy,Rainfed,77.08,0.183094859565447,,
Sagaing,2012,Peyin(Rice bean),33535,33535,9033,243967785.0,28.48,302.6,59920000000.0,Luvisols / Cambisols / Savanna,Rainy,Rainfed,70.5,0.269360369762934,,
Sagaing,2013,Peyin(Rice bean),33208,33208,8972,199816069.0,28.47,362.75,63260000000.0,Luvisols / Cambisols / Savanna,Rainy,Rainfed,71.23,0.270175861238255,,
Sagaing,2014,Peyin(Rice bean),33502,33404,9063,267590796.3,29.02,272.71,67459999999.9999,Luvisols / Cambisols / Savanna,Rainy,Rainfed,70.05,0.271314812597293,,
Sagaing,2015,Peyin(Rice bean),34528,34528,9507,238665203.2,28.54,378.91,62720000000.0,Luvisols / Cambisols / Savanna,Rainy,Rainfed,71.41,0.275341751621872,,
Sagaing,2016,Peyin(Rice bean),34888,34888,9597,314946615.9,28.61,466.45,60120000000.0,Luvisols / Cambisols / Savanna,Rainy,Rainfed,72.45,0.275080256821829,,
Sagaing,2017,Peyin(Rice bean),32632,32632,8807,304701296.0,28.07,637.58,63340000000.0,Luvisols / Cambisols / Savanna,Rainy,Rainfed,74.6,0.269888453052218,,
Sagaing,2018,Peyin(Rice bean),36746,36746,10343,380230690.0,27.88,475.8,67150000000.0,Luvisols / Cambisols / Savanna,Rainy,Rainfed,72.69,0.281472813367441,,
Sagaing,2019,Peyin(Rice bean),36439,36439,9856,413574673.8,28.67,477.22,68700000000.0,Luvisols / Cambisols / Savanna,Rainy,Rainfed,72.57,0.270479431378468,,
Sagaing,2020,Peyin(Rice bean),36356,36247,9805,391351453.3,28.0,552.96,78930000000.0,Luvisols / Cambisols / Savanna,Rainy,Rainfed,73.6,0.2705051452534,,
Sagaing,2021,Peyin(Rice bean),36102,36102,9761,388899650.8,29.14,338.14,65120000000.0,Luvisols / Cambisols / Savanna,Rainy,Rainfed,70.81,0.270372832530053,,
Sagaing,2022,Peyin(Rice bean),36058,36058,9628,586761617.0,28.78,375.7,62240000000.0,Luvisols / Cambisols / Savanna,Rainy,Rainfed,71.33,0.267014254811692,,
Sagaing,2023,Peyin(Rice bean),36154,36154,8107,586702652.6,29.19,387.79,64800000000.0,Luvisols / Cambisols / Savanna,Rainy,Rainfed,71.4,0.224235216020357,,
Tanintharyi,2012,Peyin(Rice bean),0,0,0,243967785.0,26.24,2388.49,59920000000.0,Ferralsols / Plinthosols / Lateritic,Rainy,Rainfed,93.0,0.0,,
Tanintharyi,2013,Peyin(Rice bean),0,0,0,199816069.0,25.94,2304.57,63260000000.0,Ferralsols / Plinthosols / Lateritic,Rainy,Rainfed,93.0,0.0,,
Tanintharyi,2014,Peyin(Rice bean),0,0,0,267590796.3,25.99,1706.05,67459999999.9999,Ferralsols / Plinthosols / Lateritic,Rainy,Rainfed,87.79,0.0,,
Tanintharyi,2015,Peyin(Rice bean),0,0,0,238665203.2,26.43,1914.37,62720000000.0,Ferralsols / Plinthosols / Lateritic,Rainy,Rainfed,90.22,0.0,,
Tanintharyi,2016,Peyin(Rice bean),0,0,0,314946615.9,26.3,1870.73,60120000000.0,Ferralsols / Plinthosols / Lateritic,Rainy,Rainfed,89.71,0.0,,
Tanintharyi,2017,Peyin(Rice bean),0,0,0,304701296.0,26.08,2485.72,63340000000.0,Ferralsols / Plinthosols / Lateritic,Rainy,Rainfed,93.0,0.0,,
Tanintharyi,2018,Peyin(Rice bean),0,0,0,380230690.0,26.23,2273.98,67150000000.0,Ferralsols / Plinthosols / Lateritic,Rainy,Rainfed,93.0,0.0,,
Tanintharyi,2019,Peyin(Rice bean),0,0,0,413574673.8,26.44,1846.93,68700000000.0,Ferralsols / Plinthosols / Lateritic,Rainy,Rainfed,89.4,0.0,,
Tanintharyi,2020,Peyin(Rice bean),0,0,0,391351453.3,26.42,2375.71,78930000000.0,Ferralsols / Plinthosols / Lateritic,Rainy,Rainfed,93.0,0.0,,
Tanintharyi,2021,Peyin(Rice bean),0,0,0,388899650.8,25.97,2896.94,65120000000.0,Ferralsols / Plinthosols / Lateritic,Rainy,Rainfed,93.0,0.0,,
Tanintharyi,2022,Peyin(Rice bean),0,0,0,586761617.0,26.08,2726.62,62240000000.0,Ferralsols / Plinthosols / Lateritic,Rainy,Rainfed,93.0,0.0,,
Tanintharyi,2023,Peyin(Rice bean),0,0,0,586702652.6,26.46,2318.19,64800000000.0,Ferralsols / Plinthosols / Lateritic,Rainy,Rainfed,93.0,0.0,,
Bago,2012,Peyin(Rice bean),0,0,0,243967785.0,27.33,1519.25,59920000000.0,Fluvisols / Gleysols / Alluvial,Rainy,Rainfed,85.31,0.0,,
Bago,2013,Peyin(Rice bean),0,0,0,199816069.0,27.57,1187.91,63260000000.0,Fluvisols / Gleysols / Alluvial,Rainy,Rainfed,81.29,0.0,,
Bago,2014,Peyin(Rice bean),0,0,0,267590796.3,27.57,1054.41,67459999999.9999,Fluvisols / Gleysols / Alluvial,Rainy,Rainfed,79.69,0.0,,
Bago,2015,Peyin(Rice bean),0,0,0,238665203.2,27.77,1256.33,62720000000.0,Fluvisols / Gleysols / Alluvial,Rainy,Rainfed,82.08,0.0,,
Bago,2016,Peyin(Rice bean),0,0,0,314946615.9,27.71,1212.7,60120000000.0,Fluvisols / Gleysols / Alluvial,Rainy,Rainfed,81.56,0.0,,
Bago,2017,Peyin(Rice bean),0,0,0,304701296.0,27.49,1498.81,63340000000.0,Fluvisols / Gleysols / Alluvial,Rainy,Rainfed,85.04,0.0,,
Bago,2018,Peyin(Rice bean),0,0,0,380230690.0,27.43,1690.27,67150000000.0,Fluvisols / Gleysols / Alluvial,Rainy,Rainfed,87.35,0.0,,
Bago,2019,Peyin(Rice bean),86,86,39,413574673.8,28.09,1236.72,68700000000.0,Fluvisols / Gleysols / Alluvial,Rainy,Rainfed,81.78,0.453488372093023,,
Bago,2020,Peyin(Rice bean),1265,1265,596,391351453.3,28.01,1004.02,78930000000.0,Fluvisols / Gleysols / Alluvial,Rainy,Rainfed,79.01,0.471146245059288,,
Bago,2021,Peyin(Rice bean),1856,1856,879,388899650.8,27.31,1749.84,65120000000.0,Fluvisols / Gleysols / Alluvial,Rainy,Rainfed,88.08,0.473599137931034,,
Bago,2022,Peyin(Rice bean),3933,3933,1752,586761617.0,27.34,1789.55,62240000000.0,Fluvisols / Gleysols / Alluvial,Rainy,Rainfed,88.55,0.445461479786422,,
Bago,2023,Peyin(Rice bean),10331,10331,4698,586702652.6,28.01,1574.66,64800000000.0,Fluvisols / Gleysols / Alluvial,Rainy,Rainfed,85.85,0.454747846287871,,
Magway,2012,Peyin(Rice bean),39149,39149,13819,243967785.0,26.79,898.02,59920000000.0,Regosols / Luvisols / Sandy Savanna,Rainy,Rainfed,77.95,0.352984750568341,,
Magway,2013,Peyin(Rice bean),39166,39166,14310,199816069.0,26.96,878.15,63260000000.0,Regosols / Luvisols / Sandy Savanna,Rainy,Rainfed,77.68,0.365367921156104,,
Magway,2014,Peyin(Rice bean),39095,39095,14614,267590796.3,27.42,770.86,67459999999.9999,Regosols / Luvisols / Sandy Savanna,Rainy,Rainfed,76.31,0.373807392249648,,
Magway,2015,Peyin(Rice bean),39110,39110,14874,238665203.2,27.31,734.05,62720000000.0,Regosols / Luvisols / Sandy Savanna,Rainy,Rainfed,75.89,0.380311940680132,,
Magway,2016,Peyin(Rice bean),39281,39281,14778,314946615.9,27.18,941.74,60120000000.0,Regosols / Luvisols / Sandy Savanna,Rainy,Rainfed,78.41,0.376212418217458,,
Magway,2017,Peyin(Rice bean),26330,26330,8833,304701296.0,27.02,1107.58,63340000000.0,Regosols / Luvisols / Sandy Savanna,Rainy,Rainfed,80.43,0.335472844663881,,
Magway,2018,Peyin(Rice bean),14864,14834,4283,380230690.0,26.75,839.14,67150000000.0,Regosols / Luvisols / Sandy Savanna,Rainy,Rainfed,77.25,0.288728596467574,,
Magway,2019,Peyin(Rice bean),15190,15190,4694,413574673.8,27.7,769.91,68700000000.0,Regosols / Luvisols / Sandy Savanna,Rainy,Rainfed,76.25,0.30901909150757,,
Magway,2020,Peyin(Rice bean),17627,17554,5221,391351453.3,27.15,822.19,78930000000.0,Regosols / Luvisols / Sandy Savanna,Rainy,Rainfed,76.98,0.297425088298963,,
Magway,2021,Peyin(Rice bean),20658,20658,6205,388899650.8,27.77,689.55,65120000000.0,Regosols / Luvisols / Sandy Savanna,Rainy,Rainfed,75.28,0.300367896214541,,
Magway,2022,Peyin(Rice bean),25357,25357,7492,586761617.0,27.6,729.42,62240000000.0,Regosols / Luvisols / Sandy Savanna,Rainy,Rainfed,75.79,0.295460819497574,,
Magway,2023,Peyin(Rice bean),26479,26479,7906,586702652.6,28.03,696.9,64800000000.0,Regosols / Luvisols / Sandy Savanna,Rainy,Rainfed,75.32,0.298576230220174,,
Mandalay,2012,Peyin(Rice bean),31051,31051,10960,243967785.0,27.22,338.39,59920000000.0,Luvisols / Cambisols / Savanna,Rainy,Rainfed,71.16,0.352967698302792,,
Mandalay,2013,Peyin(Rice bean),30674,30674,10833,199816069.0,27.39,350.66,63260000000.0,Luvisols / Cambisols / Savanna,Rainy,Rainfed,71.28,0.353165547369107,,
Mandalay,2014,Peyin(Rice bean),30447,30447,10649,267590796.3,27.89,270.44,67459999999.9999,Luvisols / Cambisols / Savanna,Rainy,Rainfed,70.23,0.349755312510263,,
Mandalay,2015,Peyin(Rice bean),30069,30069,10556,238665203.2,27.41,376.48,62720000000.0,Luvisols / Cambisols / Savanna,Rainy,Rainfed,71.58,0.351059230436662,,
Mandalay,2016,Peyin(Rice bean),27889,27849,9867,314946615.9,27.59,376.98,60120000000.0,Luvisols / Cambisols / Savanna,Rainy,Rainfed,71.56,0.354303565657653,,
Mandalay,2017,Peyin(Rice bean),27031,27031,9425,304701296.0,27.37,461.76,63340000000.0,Luvisols / Cambisols / Savanna,Rainy,Rainfed,72.61,0.34867374495949,,
Mandalay,2018,Peyin(Rice bean),29184,29184,10468,380230690.0,27.03,394.62,67150000000.0,Luvisols / Cambisols / Savanna,Rainy,Rainfed,71.87,0.358689692982456,,
Mandalay,2019,Peyin(Rice bean),29279,29279,10520,413574673.8,27.69,414.37,68700000000.0,Luvisols / Cambisols / Savanna,Rainy,Rainfed,71.99,0.359301888725707,,
Mandalay,2020,Peyin(Rice bean),34980,34854,13275,391351453.3,27.18,470.39,78930000000.0,Luvisols / Cambisols / Savanna,Rainy,Rainfed,72.75,0.380874505078326,,
Mandalay,2021,Peyin(Rice bean),35938,35938,13770,388899650.8,27.8,383.44,65120000000.0,Luvisols / Cambisols / Savanna,Rainy,Rainfed,71.6,0.383159886471144,,
Mandalay,2022,Peyin(Rice bean),33627,33627,12867,586761617.0,27.53,425.89,62240000000.0,Luvisols / Cambisols / Savanna,Rainy,Rainfed,72.16,0.382638950843072,,
Mandalay,2023,Peyin(Rice bean),36861,36861,14045,586702652.6,28.02,431.5,64800000000.0,Luvisols / Cambisols / Savanna,Rainy,Rainfed,72.13,0.381026016657171,,
Mon,2012,Peyin(Rice bean),0,0,0,243967785.0,27.89,2936.46,59920000000.0,Ferralsols / Gleysols / Lateritic,Rainy,Rainfed,93.0,0.0,,
Mon,2013,Peyin(Rice bean),0,0,0,199816069.0,27.75,2472.26,63260000000.0,Ferralsols / Gleysols / Lateritic,Rainy,Rainfed,93.0,0.0,,
Mon,2014,Peyin(Rice bean),0,0,0,267590796.3,27.71,1805.43,67459999999.9999,Ferralsols / Gleysols / Lateritic,Rainy,Rainfed,88.68,0.0,,
Mon,2015,Peyin(Rice bean),0,0,0,238665203.2,27.96,2500.08,62720000000.0,Ferralsols / Gleysols / Lateritic,Rainy,Rainfed,93.0,0.0,,
Mon,2016,Peyin(Rice bean),0,0,0,314946615.9,27.84,2247.31,60120000000.0,Ferralsols / Gleysols / Lateritic,Rainy,Rainfed,93.0,0.0,,
Mon,2017,Peyin(Rice bean),0,0,0,304701296.0,27.68,2729.02,63340000000.0,Ferralsols / Gleysols / Lateritic,Rainy,Rainfed,93.0,0.0,,
Mon,2018,Peyin(Rice bean),0,0,0,380230690.0,27.86,3263.34,67150000000.0,Ferralsols / Gleysols / Lateritic,Rainy,Rainfed,93.0,0.0,,
Mon,2019,Peyin(Rice bean),0,0,0,413574673.8,28.11,2717.71,68700000000.0,Ferralsols / Gleysols / Lateritic,Rainy,Rainfed,93.0,0.0,,
Mon,2020,Peyin(Rice bean),0,0,0,391351453.3,28.13,1897.4,78930000000.0,Ferralsols / Gleysols / Lateritic,Rainy,Rainfed,89.71,0.0,,
Mon,2021,Peyin(Rice bean),0,0,0,388899650.8,27.71,3711.2,65120000000.0,Ferralsols / Gleysols / Lateritic,Rainy,Rainfed,93.0,0.0,,
Mon,2022,Peyin(Rice bean),0,0,0,586761617.0,27.71,3270.72,62240000000.0,Ferralsols / Gleysols / Lateritic,Rainy,Rainfed,93.0,0.0,,
Mon,2023,Peyin(Rice bean),0,0,0,586702652.6,28.09,3075.98,64800000000.0,Ferralsols / Gleysols / Lateritic,Rainy,Rainfed,93.0,0.0,,
Rakhine,2012,Peyin(Rice bean),0,0,0,243967785.0,26.54,2984.69,59920000000.0,Gleysols / Alluvial / Mountainous,Rainy,Rainfed,93.0,0.0,,
Rakhine,2013,Peyin(Rice bean),0,0,0,199816069.0,26.5,3116.99,63260000000.0,Gleysols / Alluvial / Mountainous,Rainy,Rainfed,93.0,0.0,,
Rakhine,2014,Peyin(Rice bean),0,0,0,267590796.3,26.74,2952.75,67459999999.9999,Gleysols / Alluvial / Mountainous,Rainy,Rainfed,93.0,0.0,,
Rakhine,2015,Peyin(Rice bean),0,0,0,238665203.2,26.5,8475.24,62720000000.0,Gleysols / Alluvial / Mountainous,Rainy,Rainfed,93.0,0.0,,
Rakhine,2016,Peyin(Rice bean),0,0,0,314946615.9,26.76,10036.74,60120000000.0,Gleysols / Alluvial / Mountainous,Rainy,Rainfed,93.0,0.0,,
Rakhine,2017,Peyin(Rice bean),0,0,0,304701296.0,26.66,7844.64,63340000000.0,Gleysols / Alluvial / Mountainous,Rainy,Rainfed,93.0,0.0,,
Rakhine,2018,Peyin(Rice bean),0,0,0,380230690.0,26.17,7927.61,67150000000.0,Gleysols / Alluvial / Mountainous,Rainy,Rainfed,93.0,0.0,,
Rakhine,2019,Peyin(Rice bean),0,0,0,413574673.8,26.66,8062.73,68700000000.0,Gleysols / Alluvial / Mountainous,Rainy,Rainfed,93.0,0.0,,
Rakhine,2020,Peyin(Rice bean),0,0,0,391351453.3,26.49,7855.92,78930000000.0,Gleysols / Alluvial / Mountainous,Rainy,Rainfed,93.0,0.0,,
Rakhine,2021,Peyin(Rice bean),0,0,0,388899650.8,26.93,5291.74,65120000000.0,Gleysols / Alluvial / Mountainous,Rainy,Rainfed,93.0,0.0,,
Rakhine,2022,Peyin(Rice bean),0,0,0,586761617.0,26.66,5117.41,62240000000.0,Gleysols / Alluvial / Mountainous,Rainy,Rainfed,93.0,0.0,,
Rakhine,2023,Peyin(Rice bean),0,0,0,586702652.6,26.9,5823.68,64800000000.0,Gleysols / Alluvial / Mountainous,Rainy,Rainfed,93.0,0.0,,
Yangon,2012,Peyin(Rice bean),0,0,0,243967785.0,27.5,1871.61,59920000000.0,Fluvisols / Gleysols / Alluvial,Rainy,Rainfed,89.51,0.0,,
Yangon,2013,Peyin(Rice bean),0,0,0,199816069.0,27.61,1492.96,63260000000.0,Fluvisols / Gleysols / Alluvial,Rainy,Rainfed,84.95,0.0,,
Yangon,2014,Peyin(Rice bean),0,0,0,267590796.3,27.67,1241.48,67459999999.9999,Fluvisols / Gleysols / Alluvial,Rainy,Rainfed,81.92,0.0,,
Yangon,2015,Peyin(Rice bean),0,0,0,238665203.2,27.86,1676.99,62720000000.0,Fluvisols / Gleysols / Alluvial,Rainy,Rainfed,87.11,0.0,,
Yangon,2016,Peyin(Rice bean),0,0,0,314946615.9,27.8,1521.79,60120000000.0,Fluvisols / Gleysols / Alluvial,Rainy,Rainfed,85.26,0.0,,
Yangon,2017,Peyin(Rice bean),0,0,0,304701296.0,27.54,1863.36,63340000000.0,Fluvisols / Gleysols / Alluvial,Rainy,Rainfed,89.4,0.0,,
Yangon,2018,Peyin(Rice bean),0,0,0,380230690.0,27.53,2226.31,67150000000.0,Fluvisols / Gleysols / Alluvial,Rainy,Rainfed,93.0,0.0,,
Yangon,2019,Peyin(Rice bean),0,0,0,413574673.8,28.09,1694.52,68700000000.0,Fluvisols / Gleysols / Alluvial,Rainy,Rainfed,87.28,0.0,,
Yangon,2020,Peyin(Rice bean),0,0,0,391351453.3,28.05,1262.54,78930000000.0,Fluvisols / Gleysols / Alluvial,Rainy,Rainfed,82.1,0.0,,
Yangon,2021,Peyin(Rice bean),0,0,0,388899650.8,27.4,2360.45,65120000000.0,Fluvisols / Gleysols / Alluvial,Rainy,Rainfed,93.0,0.0,,
Yangon,2022,Peyin(Rice bean),0,0,0,586761617.0,27.36,2242.28,62240000000.0,Fluvisols / Gleysols / Alluvial,Rainy,Rainfed,93.0,0.0,,
Yangon,2023,Peyin(Rice bean),0,0,0,586702652.6,28.02,2034.25,64800000000.0,Fluvisols / Gleysols / Alluvial,Rainy,Rainfed,91.37,0.0,,
Shan,2012,Peyin(Rice bean),13907,13589,2948,243967785.0,21.06,671.3,59920000000.0,Acrisols / Ferralsols / Red Earth,Rainy,Rainfed,76.26,0.216940172198101,,
Shan,2013,Peyin(Rice bean),13370,13370,2846,199816069.0,21.38,594.52,63260000000.0,Acrisols / Ferralsols / Red Earth,Rainy,Rainfed,75.29,0.212864622288706,,
Shan,2014,Peyin(Rice bean),13701,12392,2670,267590796.3,21.82,438.2,67459999999.9999,Acrisols / Ferralsols / Red Earth,Rainy,Rainfed,73.33,0.215461588121368,,
Shan,2015,Peyin(Rice bean),13831,13831,3053,238665203.2,21.68,533.62,62720000000.0,Acrisols / Ferralsols / Red Earth,Rainy,Rainfed,74.5,0.220736027763719,,
Shan,2016,Peyin(Rice bean),14840,14840,3361,314946615.9,21.69,570.05,60120000000.0,Acrisols / Ferralsols / Red Earth,Rainy,Rainfed,74.94,0.226482479784366,,
Shan,2017,Peyin(Rice bean),15264,15264,3434,304701296.0,21.52,759.17,63340000000.0,Acrisols / Ferralsols / Red Earth,Rainy,Rainfed,77.24,0.224973794549266,,
Shan,2018,Peyin(Rice bean),15908,15908,3553,380230690.0,21.16,624.01,67150000000.0,Acrisols / Ferralsols / Red Earth,Rainy,Rainfed,75.68,0.223346743776716,,
Shan,2019,Peyin(Rice bean),15725,15725,3613,413574673.8,21.87,584.23,68700000000.0,Acrisols / Ferralsols / Red Earth,Rainy,Rainfed,75.07,0.229761526232114,,
Shan,2020,Peyin(Rice bean),17275,17275,3952,391351453.3,21.56,626.15,78930000000.0,Acrisols / Ferralsols / Red Earth,Rainy,Rainfed,75.63,0.228769898697539,,
Shan,2021,Peyin(Rice bean),18353,18353,4221,388899650.8,21.67,658.43,65120000000.0,Acrisols / Ferralsols / Red Earth,Rainy,Rainfed,76.0,0.229989647469078,,
Shan,2022,Peyin(Rice bean),14494,14494,3425,586761617.0,21.33,803.12,62240000000.0,Acrisols / Ferralsols / Red Earth,Rainy,Rainfed,77.8,0.236304677797709,,
Shan,2023,Peyin(Rice bean),12933,12933,3022,586702652.6,22.07,653.29,64800000000.0,Acrisols / Ferralsols / Red Earth,Rainy,Rainfed,75.87,0.233665816129281,,
Ayeyarwady,2012,Peyin(Rice bean),2106,2106,644,243967785.0,27.73,892.99,59920000000.0,Fluvisols / Gleysols / Alluvial,Rainy,Rainfed,77.72,0.305792972459639,,
Ayeyarwady,2013,Peyin(Rice bean),2120,2120,673,199816069.0,27.91,705.85,63260000000.0,Fluvisols / Gleysols / Alluvial,Rainy,Rainfed,75.45,0.317452830188679,,
Ayeyarwady,2014,Peyin(Rice bean),2133,2133,704,267590796.3,28.21,606.23,67459999999.9999,Fluvisols / Gleysols / Alluvial,Rainy,Rainfed,74.2,0.330051570557899,,
Ayeyarwady,2015,Peyin(Rice bean),2135,2135,710,238665203.2,28.19,737.44,62720000000.0,Fluvisols / Gleysols / Alluvial,Rainy,Rainfed,75.78,0.33255269320843,,
Ayeyarwady,2016,Peyin(Rice bean),2035,2035,676,314946615.9,28.14,712.5,60120000000.0,Fluvisols / Gleysols / Alluvial,Rainy,Rainfed,75.48,0.332186732186732,,
Ayeyarwady,2017,Peyin(Rice bean),2062,2062,699,304701296.0,28.04,819.64,63340000000.0,Fluvisols / Gleysols / Alluvial,Rainy,Rainfed,76.79,0.338991270611057,,
Ayeyarwady,2018,Peyin(Rice bean),2059,2059,704,380230690.0,27.76,972.0,67150000000.0,Fluvisols / Gleysols / Alluvial,Rainy,Rainfed,78.67,0.341913550267119,,
Ayeyarwady,2019,Peyin(Rice bean),2115,2115,726,413574673.8,28.38,776.06,68700000000.0,Fluvisols / Gleysols / Alluvial,Rainy,Rainfed,76.2,0.343262411347517,,
Ayeyarwady,2020,Peyin(Rice bean),5059,5059,2276,391351453.3,28.37,575.94,78930000000.0,Fluvisols / Gleysols / Alluvial,Rainy,Rainfed,73.8,0.449891282862225,,
Ayeyarwady,2021,Peyin(Rice bean),7898,7898,4170,388899650.8,27.92,960.87,65120000000.0,Fluvisols / Gleysols / Alluvial,Rainy,Rainfed,78.5,0.527981767536085,,
Ayeyarwady,2022,Peyin(Rice bean),17248,17248,9770,586761617.0,27.91,944.56,62240000000.0,Fluvisols / Gleysols / Alluvial,Rainy,Rainfed,78.31,0.566442486085343,,
Ayeyarwady,2023,Peyin(Rice bean),18386,18386,10084,586702652.6,28.36,837.63,64800000000.0,Fluvisols / Gleysols / Alluvial,Rainy,Rainfed,76.95,0.54846078538018,,
Nay Pyi Taw,2012,Peyin(Rice bean),0,0,0,243967785.0,25.41,942.84,59920000000.0,Cambisols / Fluvisols / Loam,Rainy,Rainfed,78.74,0.0,,
Nay Pyi Taw,2013,Peyin(Rice bean),0,0,0,199816069.0,25.88,775.78,63260000000.0,Cambisols / Fluvisols / Loam,Rainy,Rainfed,76.65,0.0,,
Nay Pyi Taw,2014,Peyin(Rice bean),0,0,0,267590796.3,26.38,617.16,67459999999.9999,Cambisols / Fluvisols / Loam,Rainy,Rainfed,74.66,0.0,,
Nay Pyi Taw,2015,Peyin(Rice bean),0,0,0,238665203.2,26.35,678.38,62720000000.0,Cambisols / Fluvisols / Loam,Rainy,Rainfed,75.4,0.0,,
Nay Pyi Taw,2016,Peyin(Rice bean),0,0,0,314946615.9,26.23,754.74,60120000000.0,Cambisols / Fluvisols / Loam,Rainy,Rainfed,76.34,0.0,,
Nay Pyi Taw,2017,Peyin(Rice bean),0,0,0,304701296.0,26.08,972.17,63340000000.0,Cambisols / Fluvisols / Loam,Rainy,Rainfed,78.97,0.0,,
Nay Pyi Taw,2018,Peyin(Rice bean),0,0,0,380230690.0,25.73,812.09,67150000000.0,Cambisols / Fluvisols / Loam,Rainy,Rainfed,77.11,0.0,,
Nay Pyi Taw,2019,Peyin(Rice bean),0,0,0,413574673.8,26.57,787.91,68700000000.0,Cambisols / Fluvisols / Loam,Rainy,Rainfed,76.67,0.0,,
Nay Pyi Taw,2020,Peyin(Rice bean),0,0,0,391351453.3,26.28,762.33,78930000000.0,Cambisols / Fluvisols / Loam,Rainy,Rainfed,76.42,0.0,,
Nay Pyi Taw,2021,Peyin(Rice bean),0,0,0,388899650.8,26.24,851.96,65120000000.0,Cambisols / Fluvisols / Loam,Rainy,Rainfed,77.5,0.0,,
Nay Pyi Taw,2022,Peyin(Rice bean),2,2,0,586761617.0,25.96,1027.18,62240000000.0,Cambisols / Fluvisols / Loam,Rainy,Rainfed,79.65,0.0,,
Nay Pyi Taw,2023,Peyin(Rice bean),0,0,0,586702652.6,26.62,853.39,64800000000.0,Cambisols / Fluvisols / Loam,Rainy,Rainfed,77.45,0.0,,
Kachin,2012,Pebyugale(Duffin bean),0,0,0,243967785.0,23.38,914.61,59920000000.0,Acrisols / Red-Brown Lateritic,Rainy,Rainfed,78.77,0.0,,
Kachin,2013,Pebyugale(Duffin bean),0,0,0,199816069.0,23.62,939.94,63260000000.0,Acrisols / Red-Brown Lateritic,Rainy,Rainfed,79.03,0.0,,
Kachin,2014,Pebyugale(Duffin bean),0,0,0,267590796.3,24.01,833.48,67459999999.9999,Acrisols / Red-Brown Lateritic,Rainy,Rainfed,77.68,0.0,,
Kachin,2015,Pebyugale(Duffin bean),0,0,0,238665203.2,23.27,1005.47,62720000000.0,Acrisols / Red-Brown Lateritic,Rainy,Rainfed,79.88,0.0,,
Kachin,2016,Pebyugale(Duffin bean),0,0,0,314946615.9,23.17,1224.63,60120000000.0,Acrisols / Red-Brown Lateritic,Rainy,Rainfed,82.52,0.0,,
Kachin,2017,Pebyugale(Duffin bean),0,0,0,304701296.0,23.28,1125.21,63340000000.0,Acrisols / Red-Brown Lateritic,Rainy,Rainfed,81.31,0.0,,
Kachin,2018,Pebyugale(Duffin bean),0,0,0,380230690.0,22.85,1162.0,67150000000.0,Acrisols / Red-Brown Lateritic,Rainy,Rainfed,81.83,0.0,,
Kachin,2019,Pebyugale(Duffin bean),0,0,0,413574673.8,23.49,1042.44,68700000000.0,Acrisols / Red-Brown Lateritic,Rainy,Rainfed,80.28,0.0,,
Kachin,2020,Pebyugale(Duffin bean),0,0,0,391351453.3,22.87,1329.91,78930000000.0,Acrisols / Red-Brown Lateritic,Rainy,Rainfed,83.84,0.0,,
Kachin,2021,Pebyugale(Duffin bean),0,0,0,388899650.8,23.65,1005.31,65120000000.0,Acrisols / Red-Brown Lateritic,Rainy,Rainfed,79.81,0.0,,
Kachin,2022,Pebyugale(Duffin bean),0,0,0,586761617.0,22.99,1256.07,62240000000.0,Acrisols / Red-Brown Lateritic,Rainy,Rainfed,82.93,0.0,,
Kachin,2023,Pebyugale(Duffin bean),0,0,0,586702652.6,23.84,1183.85,64800000000.0,Acrisols / Red-Brown Lateritic,Rainy,Rainfed,81.91,0.0,,
Kayah,2012,Pebyugale(Duffin bean),0,0,0,243967785.0,22.51,1604.82,59920000000.0,Luvisols / Red Earth,Rainy,Rainfed,87.21,0.0,,
Kayah,2013,Pebyugale(Duffin bean),0,0,0,199816069.0,22.71,1317.07,63260000000.0,Luvisols / Red Earth,Rainy,Rainfed,83.72,0.0,,
Kayah,2014,Pebyugale(Duffin bean),0,0,0,267590796.3,23.02,1089.18,67459999999.9999,Luvisols / Red Earth,Rainy,Rainfed,80.93,0.0,,
Kayah,2015,Pebyugale(Duffin bean),0,0,0,238665203.2,23.36,1113.03,62720000000.0,Luvisols / Red Earth,Rainy,Rainfed,81.15,0.0,,
Kayah,2016,Pebyugale(Duffin bean),0,0,0,314946615.9,23.41,1222.88,60120000000.0,Luvisols / Red Earth,Rainy,Rainfed,82.46,0.0,,
Kayah,2017,Pebyugale(Duffin bean),0,0,0,304701296.0,23.16,1567.54,63340000000.0,Luvisols / Red Earth,Rainy,Rainfed,86.64,0.0,,
Kayah,2018,Pebyugale(Duffin bean),0,0,0,380230690.0,22.69,1316.55,67150000000.0,Luvisols / Red Earth,Rainy,Rainfed,83.71,0.0,,
Kayah,2019,Pebyugale(Duffin bean),0,0,0,413574673.8,23.24,1282.79,68700000000.0,Luvisols / Red Earth,Rainy,Rainfed,83.21,0.0,,
Kayah,2020,Pebyugale(Duffin bean),0,0,0,391351453.3,23.16,1222.66,78930000000.0,Luvisols / Red Earth,Rainy,Rainfed,82.5,0.0,,
Kayah,2021,Pebyugale(Duffin bean),0,0,0,388899650.8,23.01,1440.62,65120000000.0,Luvisols / Red Earth,Rainy,Rainfed,85.15,0.0,,
Kayah,2022,Pebyugale(Duffin bean),0,0,0,586761617.0,22.94,1814.13,62240000000.0,Luvisols / Red Earth,Rainy,Rainfed,89.64,0.0,,
Kayah,2023,Pebyugale(Duffin bean),0,0,0,586702652.6,23.4,1417.46,64800000000.0,Luvisols / Red Earth,Rainy,Rainfed,84.8,0.0,,
Kayin,2012,Pebyugale(Duffin bean),7688,7688,2944,243967785.0,26.77,2467.92,59920000000.0,Fluvisols / Gleysols / Alluvial,Rainy,Rainfed,93.0,0.382934443288241,,
Kayin,2013,Pebyugale(Duffin bean),7698,7698,2727,199816069.0,26.67,2022.51,63260000000.0,Fluvisols / Gleysols / Alluvial,Rainy,Rainfed,91.47,0.354247856586126,,
Kayin,2014,Pebyugale(Duffin bean),7708,7708,2755,267590796.3,26.61,1604.54,67459999999.9999,Fluvisols / Gleysols / Alluvial,Rainy,Rainfed,86.46,0.357420861442657,,
Kayin,2015,Pebyugale(Duffin bean),7802,7802,2875,238665203.2,26.97,1981.43,62720000000.0,Fluvisols / Gleysols / Alluvial,Rainy,Rainfed,90.92,0.368495257626249,,
Kayin,2016,Pebyugale(Duffin bean),7806,7806,2861,314946615.9,26.89,1804.66,60120000000.0,Fluvisols / Gleysols / Alluvial,Rainy,Rainfed,88.82,0.366512938765052,,
Kayin,2017,Pebyugale(Duffin bean),7806,7806,2909,304701296.0,26.65,2185.47,63340000000.0,Fluvisols / Gleysols / Alluvial,Rainy,Rainfed,93.0,0.372662054829618,,
Kayin,2018,Pebyugale(Duffin bean),7820,7820,2949,380230690.0,26.73,2484.66,67150000000.0,Fluvisols / Gleysols / Alluvial,Rainy,Rainfed,93.0,0.377109974424552,,
Kayin,2019,Pebyugale(Duffin bean),7822,7822,2964,413574673.8,26.95,2087.25,68700000000.0,Fluvisols / Gleysols / Alluvial,Rainy,Rainfed,92.2,0.378931219636921,,
Kayin,2020,Pebyugale(Duffin bean),7815,7815,2966,391351453.3,27.12,1531.95,78930000000.0,Fluvisols / Gleysols / Alluvial,Rainy,Rainfed,85.5,0.379526551503518,,
Kayin,2021,Pebyugale(Duffin bean),7818,7818,2972,388899650.8,26.67,2969.17,65120000000.0,Fluvisols / Gleysols / Alluvial,Rainy,Rainfed,93.0,0.380148375543617,,
Kayin,2022,Pebyugale(Duffin bean),7793,7793,2964,586761617.0,26.62,2622.64,62240000000.0,Fluvisols / Gleysols / Alluvial,Rainy,Rainfed,93.0,0.380341331964583,,
Kayin,2023,Pebyugale(Duffin bean),7796,7796,2965,586702652.6,26.96,2436.25,64800000000.0,Fluvisols / Gleysols / Alluvial,Rainy,Rainfed,93.0,0.380323242688558,,
Chin,2012,Pebyugale(Duffin bean),0,0,0,243967785.0,22.62,716.7,59920000000.0,Cambisols / Mountainous Soil,Rainy,Rainfed,76.53,0.0,,
Chin,2013,Pebyugale(Duffin bean),0,0,0,199816069.0,22.48,814.73,63260000000.0,Cambisols / Mountainous Soil,Rainy,Rainfed,77.73,0.0,,
Chin,2014,Pebyugale(Duffin bean),0,0,0,267590796.3,22.97,716.65,67459999999.9999,Cambisols / Mountainous Soil,Rainy,Rainfed,76.47,0.0,,
Chin,2015,Pebyugale(Duffin bean),0,0,0,238665203.2,22.61,913.76,62720000000.0,Cambisols / Mountainous Soil,Rainy,Rainfed,78.9,0.0,,
Chin,2016,Pebyugale(Duffin bean),0,0,0,314946615.9,22.87,965.57,60120000000.0,Cambisols / Mountainous Soil,Rainy,Rainfed,79.47,0.0,,
Chin,2017,Pebyugale(Duffin bean),0,0,0,304701296.0,22.26,1578.85,63340000000.0,Cambisols / Mountainous Soil,Rainy,Rainfed,86.94,0.0,,
Chin,2018,Pebyugale(Duffin bean),0,0,0,380230690.0,21.95,1160.88,67150000000.0,Cambisols / Mountainous Soil,Rainy,Rainfed,81.98,0.0,,
Chin,2019,Pebyugale(Duffin bean),0,0,0,413574673.8,22.53,1254.78,68700000000.0,Cambisols / Mountainous Soil,Rainy,Rainfed,83.0,0.0,,
Chin,2020,Pebyugale(Duffin bean),0,0,0,391351453.3,22.26,1038.88,78930000000.0,Cambisols / Mountainous Soil,Rainy,Rainfed,80.46,0.0,,
Chin,2021,Pebyugale(Duffin bean),0,0,0,388899650.8,22.92,753.21,65120000000.0,Cambisols / Mountainous Soil,Rainy,Rainfed,76.91,0.0,,
Chin,2022,Pebyugale(Duffin bean),0,0,0,586761617.0,22.64,714.38,62240000000.0,Cambisols / Mountainous Soil,Rainy,Rainfed,76.5,0.0,,
Chin,2023,Pebyugale(Duffin bean),0,0,0,586702652.6,23.13,770.15,64800000000.0,Cambisols / Mountainous Soil,Rainy,Rainfed,77.08,0.0,,
Sagaing,2012,Pebyugale(Duffin bean),3602,3602,1758,243967785.0,28.48,302.6,59920000000.0,Luvisols / Cambisols / Savanna,Rainy,Rainfed,70.5,0.488062187673514,,
Sagaing,2013,Pebyugale(Duffin bean),3800,3800,1879,199816069.0,28.47,362.75,63260000000.0,Luvisols / Cambisols / Savanna,Rainy,Rainfed,71.23,0.494473684210526,,
Sagaing,2014,Pebyugale(Duffin bean),3828,3828,1919,267590796.3,29.02,272.71,67459999999.9999,Luvisols / Cambisols / Savanna,Rainy,Rainfed,70.05,0.501306165099268,,
Sagaing,2015,Pebyugale(Duffin bean),3861,3861,1953,238665203.2,28.54,378.91,62720000000.0,Luvisols / Cambisols / Savanna,Rainy,Rainfed,71.41,0.505827505827505,,
Sagaing,2016,Pebyugale(Duffin bean),4074,4074,2128,314946615.9,28.61,466.45,60120000000.0,Luvisols / Cambisols / Savanna,Rainy,Rainfed,72.45,0.52233676975945,,
Sagaing,2017,Pebyugale(Duffin bean),3832,3832,1926,304701296.0,28.07,637.58,63340000000.0,Luvisols / Cambisols / Savanna,Rainy,Rainfed,74.6,0.502609603340292,,
Sagaing,2018,Pebyugale(Duffin bean),4025,4025,2050,380230690.0,27.88,475.8,67150000000.0,Luvisols / Cambisols / Savanna,Rainy,Rainfed,72.69,0.509316770186335,,
Sagaing,2019,Pebyugale(Duffin bean),4037,4037,2029,413574673.8,28.67,477.22,68700000000.0,Luvisols / Cambisols / Savanna,Rainy,Rainfed,72.57,0.502600941293039,,
Sagaing,2020,Pebyugale(Duffin bean),3963,3963,1996,391351453.3,28.0,552.96,78930000000.0,Luvisols / Cambisols / Savanna,Rainy,Rainfed,73.6,0.503658844309866,,
Sagaing,2021,Pebyugale(Duffin bean),3975,3975,2003,388899650.8,29.14,338.14,65120000000.0,Luvisols / Cambisols / Savanna,Rainy,Rainfed,70.81,0.503899371069182,,
Sagaing,2022,Pebyugale(Duffin bean),4024,4024,1929,586761617.0,28.78,375.7,62240000000.0,Luvisols / Cambisols / Savanna,Rainy,Rainfed,71.33,0.479373757455268,,
Sagaing,2023,Pebyugale(Duffin bean),4031,4031,2012,586702652.6,29.19,387.79,64800000000.0,Luvisols / Cambisols / Savanna,Rainy,Rainfed,71.4,0.499131729099479,,
Tanintharyi,2012,Pebyugale(Duffin bean),0,0,0,243967785.0,26.24,2388.49,59920000000.0,Ferralsols / Plinthosols / Lateritic,Rainy,Rainfed,93.0,0.0,,
Tanintharyi,2013,Pebyugale(Duffin bean),0,0,0,199816069.0,25.94,2304.57,63260000000.0,Ferralsols / Plinthosols / Lateritic,Rainy,Rainfed,93.0,0.0,,
Tanintharyi,2014,Pebyugale(Duffin bean),0,0,0,267590796.3,25.99,1706.05,67459999999.9999,Ferralsols / Plinthosols / Lateritic,Rainy,Rainfed,87.79,0.0,,
Tanintharyi,2015,Pebyugale(Duffin bean),0,0,0,238665203.2,26.43,1914.37,62720000000.0,Ferralsols / Plinthosols / Lateritic,Rainy,Rainfed,90.22,0.0,,
Tanintharyi,2016,Pebyugale(Duffin bean),0,0,0,314946615.9,26.3,1870.73,60120000000.0,Ferralsols / Plinthosols / Lateritic,Rainy,Rainfed,89.71,0.0,,
Tanintharyi,2017,Pebyugale(Duffin bean),0,0,0,304701296.0,26.08,2485.72,63340000000.0,Ferralsols / Plinthosols / Lateritic,Rainy,Rainfed,93.0,0.0,,
Tanintharyi,2018,Pebyugale(Duffin bean),0,0,0,380230690.0,26.23,2273.98,67150000000.0,Ferralsols / Plinthosols / Lateritic,Rainy,Rainfed,93.0,0.0,,
Tanintharyi,2019,Pebyugale(Duffin bean),0,0,0,413574673.8,26.44,1846.93,68700000000.0,Ferralsols / Plinthosols / Lateritic,Rainy,Rainfed,89.4,0.0,,
Tanintharyi,2020,Pebyugale(Duffin bean),0,0,0,391351453.3,26.42,2375.71,78930000000.0,Ferralsols / Plinthosols / Lateritic,Rainy,Rainfed,93.0,0.0,,
Tanintharyi,2021,Pebyugale(Duffin bean),0,0,0,388899650.8,25.97,2896.94,65120000000.0,Ferralsols / Plinthosols / Lateritic,Rainy,Rainfed,93.0,0.0,,
Tanintharyi,2022,Pebyugale(Duffin bean),0,0,0,586761617.0,26.08,2726.62,62240000000.0,Ferralsols / Plinthosols / Lateritic,Rainy,Rainfed,93.0,0.0,,
Tanintharyi,2023,Pebyugale(Duffin bean),0,0,0,586702652.6,26.46,2318.19,64800000000.0,Ferralsols / Plinthosols / Lateritic,Rainy,Rainfed,93.0,0.0,,
Bago,2012,Pebyugale(Duffin bean),11955,11955,5494,243967785.0,27.33,1519.25,59920000000.0,Fluvisols / Gleysols / Alluvial,Rainy,Rainfed,85.31,0.459556670849017,,
Bago,2013,Pebyugale(Duffin bean),13113,13113,6204,199816069.0,27.57,1187.91,63260000000.0,Fluvisols / Gleysols / Alluvial,Rainy,Rainfed,81.29,0.473118279569892,,
Bago,2014,Pebyugale(Duffin bean),12631,12631,6019,267590796.3,27.57,1054.41,67459999999.9999,Fluvisols / Gleysols / Alluvial,Rainy,Rainfed,79.69,0.476526007442007,,
Bago,2015,Pebyugale(Duffin bean),13591,13591,6569,238665203.2,27.77,1256.33,62720000000.0,Fluvisols / Gleysols / Alluvial,Rainy,Rainfed,82.08,0.483334559635052,,
Bago,2016,Pebyugale(Duffin bean),12847,12847,6233,314946615.9,27.71,1212.7,60120000000.0,Fluvisols / Gleysols / Alluvial,Rainy,Rainfed,81.56,0.485171635401261,,
Bago,2017,Pebyugale(Duffin bean),13420,13420,6386,304701296.0,27.49,1498.81,63340000000.0,Fluvisols / Gleysols / Alluvial,Rainy,Rainfed,85.04,0.47585692995529,,
Bago,2018,Pebyugale(Duffin bean),13040,13040,6262,380230690.0,27.43,1690.27,67150000000.0,Fluvisols / Gleysols / Alluvial,Rainy,Rainfed,87.35,0.48021472392638,,
Bago,2019,Pebyugale(Duffin bean),11809,11809,5702,413574673.8,28.09,1236.72,68700000000.0,Fluvisols / Gleysols / Alluvial,Rainy,Rainfed,81.78,0.48285206198662,,
Bago,2020,Pebyugale(Duffin bean),12465,12465,6037,391351453.3,28.01,1004.02,78930000000.0,Fluvisols / Gleysols / Alluvial,Rainy,Rainfed,79.01,0.484316085038106,,
Bago,2021,Pebyugale(Duffin bean),10641,10641,5260,388899650.8,27.31,1749.84,65120000000.0,Fluvisols / Gleysols / Alluvial,Rainy,Rainfed,88.08,0.49431444413119,,
Bago,2022,Pebyugale(Duffin bean),9993,9993,4979,586761617.0,27.34,1789.55,62240000000.0,Fluvisols / Gleysols / Alluvial,Rainy,Rainfed,88.55,0.498248774141899,,
Bago,2023,Pebyugale(Duffin bean),11121,11121,5519,586702652.6,28.01,1574.66,64800000000.0,Fluvisols / Gleysols / Alluvial,Rainy,Rainfed,85.85,0.496268321194137,,
Magway,2012,Pebyugale(Duffin bean),0,0,0,243967785.0,26.79,898.02,59920000000.0,Regosols / Luvisols / Sandy Savanna,Rainy,Rainfed,77.95,0.0,,
Magway,2013,Pebyugale(Duffin bean),0,0,0,199816069.0,26.96,878.15,63260000000.0,Regosols / Luvisols / Sandy Savanna,Rainy,Rainfed,77.68,0.0,,
Magway,2014,Pebyugale(Duffin bean),0,0,0,267590796.3,27.42,770.86,67459999999.9999,Regosols / Luvisols / Sandy Savanna,Rainy,Rainfed,76.31,0.0,,
Magway,2015,Pebyugale(Duffin bean),0,0,0,238665203.2,27.31,734.05,62720000000.0,Regosols / Luvisols / Sandy Savanna,Rainy,Rainfed,75.89,0.0,,
Magway,2016,Pebyugale(Duffin bean),0,0,0,314946615.9,27.18,941.74,60120000000.0,Regosols / Luvisols / Sandy Savanna,Rainy,Rainfed,78.41,0.0,,
Magway,2017,Pebyugale(Duffin bean),68,68,22,304701296.0,27.02,1107.58,63340000000.0,Regosols / Luvisols / Sandy Savanna,Rainy,Rainfed,80.43,0.323529411764705,,
Magway,2018,Pebyugale(Duffin bean),163,163,71,380230690.0,26.75,839.14,67150000000.0,Regosols / Luvisols / Sandy Savanna,Rainy,Rainfed,77.25,0.435582822085889,,
Magway,2019,Pebyugale(Duffin bean),447,447,194,413574673.8,27.7,769.91,68700000000.0,Regosols / Luvisols / Sandy Savanna,Rainy,Rainfed,76.25,0.43400447427293,,
Magway,2020,Pebyugale(Duffin bean),259,259,104,391351453.3,27.15,822.19,78930000000.0,Regosols / Luvisols / Sandy Savanna,Rainy,Rainfed,76.98,0.401544401544401,,
Magway,2021,Pebyugale(Duffin bean),258,258,105,388899650.8,27.77,689.55,65120000000.0,Regosols / Luvisols / Sandy Savanna,Rainy,Rainfed,75.28,0.406976744186046,,
Magway,2022,Pebyugale(Duffin bean),259,259,107,586761617.0,27.6,729.42,62240000000.0,Regosols / Luvisols / Sandy Savanna,Rainy,Rainfed,75.79,0.413127413127413,,
Magway,2023,Pebyugale(Duffin bean),262,262,109,586702652.6,28.03,696.9,64800000000.0,Regosols / Luvisols / Sandy Savanna,Rainy,Rainfed,75.32,0.416030534351145,,
Mandalay,2012,Pebyugale(Duffin bean),3002,3002,1275,243967785.0,27.22,338.39,59920000000.0,Luvisols / Cambisols / Savanna,Rainy,Rainfed,71.16,0.424716855429713,,
Mandalay,2013,Pebyugale(Duffin bean),3011,3011,1281,199816069.0,27.39,350.66,63260000000.0,Luvisols / Cambisols / Savanna,Rainy,Rainfed,71.28,0.425440053138492,,
Mandalay,2014,Pebyugale(Duffin bean),3084,3084,1319,267590796.3,27.89,270.44,67459999999.9999,Luvisols / Cambisols / Savanna,Rainy,Rainfed,70.23,0.427691309987029,,
Mandalay,2015,Pebyugale(Duffin bean),3100,3100,1327,238665203.2,27.41,376.48,62720000000.0,Luvisols / Cambisols / Savanna,Rainy,Rainfed,71.58,0.428064516129032,,
Mandalay,2016,Pebyugale(Duffin bean),3063,3063,1369,314946615.9,27.59,376.98,60120000000.0,Luvisols / Cambisols / Savanna,Rainy,Rainfed,71.56,0.446947437153117,,
Mandalay,2017,Pebyugale(Duffin bean),3140,3140,1361,304701296.0,27.37,461.76,63340000000.0,Luvisols / Cambisols / Savanna,Rainy,Rainfed,72.61,0.433439490445859,,
Mandalay,2018,Pebyugale(Duffin bean),3141,3141,1367,380230690.0,27.03,394.62,67150000000.0,Luvisols / Cambisols / Savanna,Rainy,Rainfed,71.87,0.435211716014008,,
Mandalay,2019,Pebyugale(Duffin bean),3156,3156,1373,413574673.8,27.69,414.37,68700000000.0,Luvisols / Cambisols / Savanna,Rainy,Rainfed,71.99,0.435044359949302,,
Mandalay,2020,Pebyugale(Duffin bean),3158,3158,1339,391351453.3,27.18,470.39,78930000000.0,Luvisols / Cambisols / Savanna,Rainy,Rainfed,72.75,0.424002533248891,,
Mandalay,2021,Pebyugale(Duffin bean),3174,3174,1356,388899650.8,27.8,383.44,65120000000.0,Luvisols / Cambisols / Savanna,Rainy,Rainfed,71.6,0.427221172022684,,
Mandalay,2022,Pebyugale(Duffin bean),4921,4921,2047,586761617.0,27.53,425.89,62240000000.0,Luvisols / Cambisols / Savanna,Rainy,Rainfed,72.16,0.415972363340784,,
Mandalay,2023,Pebyugale(Duffin bean),4682,4682,1924,586702652.6,28.02,431.5,64800000000.0,Luvisols / Cambisols / Savanna,Rainy,Rainfed,72.13,0.410935497650576,,
Mon,2012,Pebyugale(Duffin bean),0,0,0,243967785.0,27.89,2936.46,59920000000.0,Ferralsols / Gleysols / Lateritic,Rainy,Rainfed,93.0,0.0,,
Mon,2013,Pebyugale(Duffin bean),0,0,0,199816069.0,27.75,2472.26,63260000000.0,Ferralsols / Gleysols / Lateritic,Rainy,Rainfed,93.0,0.0,,
Mon,2014,Pebyugale(Duffin bean),0,0,0,267590796.3,27.71,1805.43,67459999999.9999,Ferralsols / Gleysols / Lateritic,Rainy,Rainfed,88.68,0.0,,
Mon,2015,Pebyugale(Duffin bean),0,0,0,238665203.2,27.96,2500.08,62720000000.0,Ferralsols / Gleysols / Lateritic,Rainy,Rainfed,93.0,0.0,,
Mon,2016,Pebyugale(Duffin bean),0,0,0,314946615.9,27.84,2247.31,60120000000.0,Ferralsols / Gleysols / Lateritic,Rainy,Rainfed,93.0,0.0,,
Mon,2017,Pebyugale(Duffin bean),0,0,0,304701296.0,27.68,2729.02,63340000000.0,Ferralsols / Gleysols / Lateritic,Rainy,Rainfed,93.0,0.0,,
Mon,2018,Pebyugale(Duffin bean),0,0,0,380230690.0,27.86,3263.34,67150000000.0,Ferralsols / Gleysols / Lateritic,Rainy,Rainfed,93.0,0.0,,
Mon,2019,Pebyugale(Duffin bean),0,0,0,413574673.8,28.11,2717.71,68700000000.0,Ferralsols / Gleysols / Lateritic,Rainy,Rainfed,93.0,0.0,,
Mon,2020,Pebyugale(Duffin bean),0,0,0,391351453.3,28.13,1897.4,78930000000.0,Ferralsols / Gleysols / Lateritic,Rainy,Rainfed,89.71,0.0,,
Mon,2021,Pebyugale(Duffin bean),0,0,0,388899650.8,27.71,3711.2,65120000000.0,Ferralsols / Gleysols / Lateritic,Rainy,Rainfed,93.0,0.0,,
Mon,2022,Pebyugale(Duffin bean),0,0,0,586761617.0,27.71,3270.72,62240000000.0,Ferralsols / Gleysols / Lateritic,Rainy,Rainfed,93.0,0.0,,
Mon,2023,Pebyugale(Duffin bean),0,0,0,586702652.6,28.09,3075.98,64800000000.0,Ferralsols / Gleysols / Lateritic,Rainy,Rainfed,93.0,0.0,,
Rakhine,2012,Pebyugale(Duffin bean),0,0,0,243967785.0,26.54,2984.69,59920000000.0,Gleysols / Alluvial / Mountainous,Rainy,Rainfed,93.0,0.0,,
Rakhine,2013,Pebyugale(Duffin bean),0,0,0,199816069.0,26.5,3116.99,63260000000.0,Gleysols / Alluvial / Mountainous,Rainy,Rainfed,93.0,0.0,,
Rakhine,2014,Pebyugale(Duffin bean),0,0,0,267590796.3,26.74,2952.75,67459999999.9999,Gleysols / Alluvial / Mountainous,Rainy,Rainfed,93.0,0.0,,
Rakhine,2015,Pebyugale(Duffin bean),0,0,0,238665203.2,26.5,8475.24,62720000000.0,Gleysols / Alluvial / Mountainous,Rainy,Rainfed,93.0,0.0,,
Rakhine,2016,Pebyugale(Duffin bean),0,0,0,314946615.9,26.76,10036.74,60120000000.0,Gleysols / Alluvial / Mountainous,Rainy,Rainfed,93.0,0.0,,
Rakhine,2017,Pebyugale(Duffin bean),0,0,0,304701296.0,26.66,7844.64,63340000000.0,Gleysols / Alluvial / Mountainous,Rainy,Rainfed,93.0,0.0,,
Rakhine,2018,Pebyugale(Duffin bean),0,0,0,380230690.0,26.17,7927.61,67150000000.0,Gleysols / Alluvial / Mountainous,Rainy,Rainfed,93.0,0.0,,
Rakhine,2019,Pebyugale(Duffin bean),0,0,0,413574673.8,26.66,8062.73,68700000000.0,Gleysols / Alluvial / Mountainous,Rainy,Rainfed,93.0,0.0,,
Rakhine,2020,Pebyugale(Duffin bean),0,0,0,391351453.3,26.49,7855.92,78930000000.0,Gleysols / Alluvial / Mountainous,Rainy,Rainfed,93.0,0.0,,
Rakhine,2021,Pebyugale(Duffin bean),0,0,0,388899650.8,26.93,5291.74,65120000000.0,Gleysols / Alluvial / Mountainous,Rainy,Rainfed,93.0,0.0,,
Rakhine,2022,Pebyugale(Duffin bean),0,0,0,586761617.0,26.66,5117.41,62240000000.0,Gleysols / Alluvial / Mountainous,Rainy,Rainfed,93.0,0.0,,
Rakhine,2023,Pebyugale(Duffin bean),0,0,0,586702652.6,26.9,5823.68,64800000000.0,Gleysols / Alluvial / Mountainous,Rainy,Rainfed,93.0,0.0,,
Yangon,2012,Pebyugale(Duffin bean),2642,2642,863,243967785.0,27.5,1871.61,59920000000.0,Fluvisols / Gleysols / Alluvial,Rainy,Rainfed,89.51,0.326646479939439,,
Yangon,2013,Pebyugale(Duffin bean),2583,2583,954,199816069.0,27.61,1492.96,63260000000.0,Fluvisols / Gleysols / Alluvial,Rainy,Rainfed,84.95,0.369337979094076,,
Yangon,2014,Pebyugale(Duffin bean),2860,2860,963,267590796.3,27.67,1241.48,67459999999.9999,Fluvisols / Gleysols / Alluvial,Rainy,Rainfed,81.92,0.336713286713286,,
Yangon,2015,Pebyugale(Duffin bean),2962,2962,997,238665203.2,27.86,1676.99,62720000000.0,Fluvisols / Gleysols / Alluvial,Rainy,Rainfed,87.11,0.336596893990546,,
Yangon,2016,Pebyugale(Duffin bean),2213,2213,693,314946615.9,27.8,1521.79,60120000000.0,Fluvisols / Gleysols / Alluvial,Rainy,Rainfed,85.26,0.313149570718481,,
Yangon,2017,Pebyugale(Duffin bean),3039,3039,961,304701296.0,27.54,1863.36,63340000000.0,Fluvisols / Gleysols / Alluvial,Rainy,Rainfed,89.4,0.316222441592629,,
Yangon,2018,Pebyugale(Duffin bean),2911,2911,930,380230690.0,27.53,2226.31,67150000000.0,Fluvisols / Gleysols / Alluvial,Rainy,Rainfed,93.0,0.31947784266575,,
Yangon,2019,Pebyugale(Duffin bean),2790,2790,890,413574673.8,28.09,1694.52,68700000000.0,Fluvisols / Gleysols / Alluvial,Rainy,Rainfed,87.28,0.318996415770609,,
Yangon,2020,Pebyugale(Duffin bean),2763,2763,882,391351453.3,28.05,1262.54,78930000000.0,Fluvisols / Gleysols / Alluvial,Rainy,Rainfed,82.1,0.319218241042345,,
Yangon,2021,Pebyugale(Duffin bean),3886,3886,1233,388899650.8,27.4,2360.45,65120000000.0,Fluvisols / Gleysols / Alluvial,Rainy,Rainfed,93.0,0.317292846114256,,
Yangon,2022,Pebyugale(Duffin bean),1836,1836,585,586761617.0,27.36,2242.28,62240000000.0,Fluvisols / Gleysols / Alluvial,Rainy,Rainfed,93.0,0.318627450980392,,
Yangon,2023,Pebyugale(Duffin bean),2438,2438,803,586702652.6,28.02,2034.25,64800000000.0,Fluvisols / Gleysols / Alluvial,Rainy,Rainfed,91.37,0.329368334700574,,
Shan,2012,Pebyugale(Duffin bean),810,810,242,243967785.0,21.06,671.3,59920000000.0,Acrisols / Ferralsols / Red Earth,Rainy,Rainfed,76.26,0.298765432098765,,
Shan,2013,Pebyugale(Duffin bean),822,822,246,199816069.0,21.38,594.52,63260000000.0,Acrisols / Ferralsols / Red Earth,Rainy,Rainfed,75.29,0.2992700729927,,
Shan,2014,Pebyugale(Duffin bean),820,820,245,267590796.3,21.82,438.2,67459999999.9999,Acrisols / Ferralsols / Red Earth,Rainy,Rainfed,73.33,0.298780487804878,,
Shan,2015,Pebyugale(Duffin bean),822,822,246,238665203.2,21.68,533.62,62720000000.0,Acrisols / Ferralsols / Red Earth,Rainy,Rainfed,74.5,0.2992700729927,,
Shan,2016,Pebyugale(Duffin bean),833,833,249,314946615.9,21.69,570.05,60120000000.0,Acrisols / Ferralsols / Red Earth,Rainy,Rainfed,74.94,0.29891956782713,,
Shan,2017,Pebyugale(Duffin bean),830,830,249,304701296.0,21.52,759.17,63340000000.0,Acrisols / Ferralsols / Red Earth,Rainy,Rainfed,77.24,0.3,,
Shan,2018,Pebyugale(Duffin bean),487,487,128,380230690.0,21.16,624.01,67150000000.0,Acrisols / Ferralsols / Red Earth,Rainy,Rainfed,75.68,0.262833675564681,,
Shan,2019,Pebyugale(Duffin bean),470,470,123,413574673.8,21.87,584.23,68700000000.0,Acrisols / Ferralsols / Red Earth,Rainy,Rainfed,75.07,0.261702127659574,,
Shan,2020,Pebyugale(Duffin bean),566,566,145,391351453.3,21.56,626.15,78930000000.0,Acrisols / Ferralsols / Red Earth,Rainy,Rainfed,75.63,0.256183745583038,,
Shan,2021,Pebyugale(Duffin bean),432,432,115,388899650.8,21.67,658.43,65120000000.0,Acrisols / Ferralsols / Red Earth,Rainy,Rainfed,76.0,0.266203703703703,,
Shan,2022,Pebyugale(Duffin bean),418,418,111,586761617.0,21.33,803.12,62240000000.0,Acrisols / Ferralsols / Red Earth,Rainy,Rainfed,77.8,0.265550239234449,,
Shan,2023,Pebyugale(Duffin bean),420,420,112,586702652.6,22.07,653.29,64800000000.0,Acrisols / Ferralsols / Red Earth,Rainy,Rainfed,75.87,0.266666666666666,,
Ayeyarwady,2012,Pebyugale(Duffin bean),0,0,0,243967785.0,27.73,892.99,59920000000.0,Fluvisols / Gleysols / Alluvial,Rainy,Rainfed,77.72,0.0,,
Ayeyarwady,2013,Pebyugale(Duffin bean),0,0,0,199816069.0,27.91,705.85,63260000000.0,Fluvisols / Gleysols / Alluvial,Rainy,Rainfed,75.45,0.0,,
Ayeyarwady,2014,Pebyugale(Duffin bean),0,0,0,267590796.3,28.21,606.23,67459999999.9999,Fluvisols / Gleysols / Alluvial,Rainy,Rainfed,74.2,0.0,,
Ayeyarwady,2015,Pebyugale(Duffin bean),0,0,0,238665203.2,28.19,737.44,62720000000.0,Fluvisols / Gleysols / Alluvial,Rainy,Rainfed,75.78,0.0,,
Ayeyarwady,2016,Pebyugale(Duffin bean),0,0,0,314946615.9,28.14,712.5,60120000000.0,Fluvisols / Gleysols / Alluvial,Rainy,Rainfed,75.48,0.0,,
Ayeyarwady,2017,Pebyugale(Duffin bean),0,0,0,304701296.0,28.04,819.64,63340000000.0,Fluvisols / Gleysols / Alluvial,Rainy,Rainfed,76.79,0.0,,
Ayeyarwady,2018,Pebyugale(Duffin bean),0,0,0,380230690.0,27.76,972.0,67150000000.0,Fluvisols / Gleysols / Alluvial,Rainy,Rainfed,78.67,0.0,,
Ayeyarwady,2019,Pebyugale(Duffin bean),0,0,0,413574673.8,28.38,776.06,68700000000.0,Fluvisols / Gleysols / Alluvial,Rainy,Rainfed,76.2,0.0,,
Ayeyarwady,2020,Pebyugale(Duffin bean),0,0,0,391351453.3,28.37,575.94,78930000000.0,Fluvisols / Gleysols / Alluvial,Rainy,Rainfed,73.8,0.0,,
Ayeyarwady,2021,Pebyugale(Duffin bean),0,0,0,388899650.8,27.92,960.87,65120000000.0,Fluvisols / Gleysols / Alluvial,Rainy,Rainfed,78.5,0.0,,
Ayeyarwady,2022,Pebyugale(Duffin bean),0,0,0,586761617.0,27.91,944.56,62240000000.0,Fluvisols / Gleysols / Alluvial,Rainy,Rainfed,78.31,0.0,,
Ayeyarwady,2023,Pebyugale(Duffin bean),0,0,0,586702652.6,28.36,837.63,64800000000.0,Fluvisols / Gleysols / Alluvial,Rainy,Rainfed,76.95,0.0,,
Nay Pyi Taw,2012,Pebyugale(Duffin bean),0,0,0,243967785.0,25.41,942.84,59920000000.0,Cambisols / Fluvisols / Loam,Rainy,Rainfed,78.74,0.0,,
Nay Pyi Taw,2013,Pebyugale(Duffin bean),0,0,0,199816069.0,25.88,775.78,63260000000.0,Cambisols / Fluvisols / Loam,Rainy,Rainfed,76.65,0.0,,
Nay Pyi Taw,2014,Pebyugale(Duffin bean),0,0,0,267590796.3,26.38,617.16,67459999999.9999,Cambisols / Fluvisols / Loam,Rainy,Rainfed,74.66,0.0,,
Nay Pyi Taw,2015,Pebyugale(Duffin bean),0,0,0,238665203.2,26.35,678.38,62720000000.0,Cambisols / Fluvisols / Loam,Rainy,Rainfed,75.4,0.0,,
Nay Pyi Taw,2016,Pebyugale(Duffin bean),0,0,0,314946615.9,26.23,754.74,60120000000.0,Cambisols / Fluvisols / Loam,Rainy,Rainfed,76.34,0.0,,
Nay Pyi Taw,2017,Pebyugale(Duffin bean),0,0,0,304701296.0,26.08,972.17,63340000000.0,Cambisols / Fluvisols / Loam,Rainy,Rainfed,78.97,0.0,,
Nay Pyi Taw,2018,Pebyugale(Duffin bean),0,0,0,380230690.0,25.73,812.09,67150000000.0,Cambisols / Fluvisols / Loam,Rainy,Rainfed,77.11,0.0,,
Nay Pyi Taw,2019,Pebyugale(Duffin bean),0,0,0,413574673.8,26.57,787.91,68700000000.0,Cambisols / Fluvisols / Loam,Rainy,Rainfed,76.67,0.0,,
Nay Pyi Taw,2020,Pebyugale(Duffin bean),0,0,0,391351453.3,26.28,762.33,78930000000.0,Cambisols / Fluvisols / Loam,Rainy,Rainfed,76.42,0.0,,
Nay Pyi Taw,2021,Pebyugale(Duffin bean),0,0,0,388899650.8,26.24,851.96,65120000000.0,Cambisols / Fluvisols / Loam,Rainy,Rainfed,77.5,0.0,,
Nay Pyi Taw,2022,Pebyugale(Duffin bean),0,0,0,586761617.0,25.96,1027.18,62240000000.0,Cambisols / Fluvisols / Loam,Rainy,Rainfed,79.65,0.0,,
Nay Pyi Taw,2023,Pebyugale(Duffin bean),0,0,0,586702652.6,26.62,853.39,64800000000.0,Cambisols / Fluvisols / Loam,Rainy,Rainfed,77.45,0.0,,
Kachin,2012,Pegyi(Lablab bean),0,0,0,243967785.0,23.38,914.61,59920000000.0,Acrisols / Red-Brown Lateritic,Rainy,Rainfed,78.77,0.0,,
Kachin,2013,Pegyi(Lablab bean),0,0,0,199816069.0,23.62,939.94,63260000000.0,Acrisols / Red-Brown Lateritic,Rainy,Rainfed,79.03,0.0,,
Kachin,2014,Pegyi(Lablab bean),0,0,0,267590796.3,24.01,833.48,67459999999.9999,Acrisols / Red-Brown Lateritic,Rainy,Rainfed,77.68,0.0,,
Kachin,2015,Pegyi(Lablab bean),0,0,0,238665203.2,23.27,1005.47,62720000000.0,Acrisols / Red-Brown Lateritic,Rainy,Rainfed,79.88,0.0,,
Kachin,2016,Pegyi(Lablab bean),0,0,0,314946615.9,23.17,1224.63,60120000000.0,Acrisols / Red-Brown Lateritic,Rainy,Rainfed,82.52,0.0,,
Kachin,2017,Pegyi(Lablab bean),0,0,0,304701296.0,23.28,1125.21,63340000000.0,Acrisols / Red-Brown Lateritic,Rainy,Rainfed,81.31,0.0,,
Kachin,2018,Pegyi(Lablab bean),0,0,0,380230690.0,22.85,1162.0,67150000000.0,Acrisols / Red-Brown Lateritic,Rainy,Rainfed,81.83,0.0,,
Kachin,2019,Pegyi(Lablab bean),0,0,0,413574673.8,23.49,1042.44,68700000000.0,Acrisols / Red-Brown Lateritic,Rainy,Rainfed,80.28,0.0,,
Kachin,2020,Pegyi(Lablab bean),0,0,0,391351453.3,22.87,1329.91,78930000000.0,Acrisols / Red-Brown Lateritic,Rainy,Rainfed,83.84,0.0,,
Kachin,2021,Pegyi(Lablab bean),0,0,0,388899650.8,23.65,1005.31,65120000000.0,Acrisols / Red-Brown Lateritic,Rainy,Rainfed,79.81,0.0,,
Kachin,2022,Pegyi(Lablab bean),0,0,0,586761617.0,22.99,1256.07,62240000000.0,Acrisols / Red-Brown Lateritic,Rainy,Rainfed,82.93,0.0,,
Kachin,2023,Pegyi(Lablab bean),0,0,0,586702652.6,23.84,1183.85,64800000000.0,Acrisols / Red-Brown Lateritic,Rainy,Rainfed,81.91,0.0,,
Kayah,2012,Pegyi(Lablab bean),300,300,112,243967785.0,22.51,1604.82,59920000000.0,Luvisols / Red Earth,Rainy,Rainfed,87.21,0.373333333333333,,
Kayah,2013,Pegyi(Lablab bean),300,300,112,199816069.0,22.71,1317.07,63260000000.0,Luvisols / Red Earth,Rainy,Rainfed,83.72,0.373333333333333,,
Kayah,2014,Pegyi(Lablab bean),300,300,113,267590796.3,23.02,1089.18,67459999999.9999,Luvisols / Red Earth,Rainy,Rainfed,80.93,0.376666666666666,,
Kayah,2015,Pegyi(Lablab bean),300,300,113,238665203.2,23.36,1113.03,62720000000.0,Luvisols / Red Earth,Rainy,Rainfed,81.15,0.376666666666666,,
Kayah,2016,Pegyi(Lablab bean),300,300,113,314946615.9,23.41,1222.88,60120000000.0,Luvisols / Red Earth,Rainy,Rainfed,82.46,0.376666666666666,,
Kayah,2017,Pegyi(Lablab bean),300,300,114,304701296.0,23.16,1567.54,63340000000.0,Luvisols / Red Earth,Rainy,Rainfed,86.64,0.38,,
Kayah,2018,Pegyi(Lablab bean),300,300,113,380230690.0,22.69,1316.55,67150000000.0,Luvisols / Red Earth,Rainy,Rainfed,83.71,0.376666666666666,,
Kayah,2019,Pegyi(Lablab bean),274,274,104,413574673.8,23.24,1282.79,68700000000.0,Luvisols / Red Earth,Rainy,Rainfed,83.21,0.37956204379562,,
Kayah,2020,Pegyi(Lablab bean),208,208,79,391351453.3,23.16,1222.66,78930000000.0,Luvisols / Red Earth,Rainy,Rainfed,82.5,0.379807692307692,,
Kayah,2021,Pegyi(Lablab bean),208,208,78,388899650.8,23.01,1440.62,65120000000.0,Luvisols / Red Earth,Rainy,Rainfed,85.15,0.375,,
Kayah,2022,Pegyi(Lablab bean),208,208,106,586761617.0,22.94,1814.13,62240000000.0,Luvisols / Red Earth,Rainy,Rainfed,89.64,0.509615384615384,,
Kayah,2023,Pegyi(Lablab bean),72,72,36,586702652.6,23.4,1417.46,64800000000.0,Luvisols / Red Earth,Rainy,Rainfed,84.8,0.5,,
Kayin,2012,Pegyi(Lablab bean),5203,5203,2295,243967785.0,26.77,2467.92,59920000000.0,Fluvisols / Gleysols / Alluvial,Rainy,Rainfed,93.0,0.441091677878147,,
Kayin,2013,Pegyi(Lablab bean),5307,5307,2349,199816069.0,26.67,2022.51,63260000000.0,Fluvisols / Gleysols / Alluvial,Rainy,Rainfed,91.47,0.442622950819672,,
Kayin,2014,Pegyi(Lablab bean),5307,5307,2381,267590796.3,26.61,1604.54,67459999999.9999,Fluvisols / Gleysols / Alluvial,Rainy,Rainfed,86.46,0.448652722818918,,
Kayin,2015,Pegyi(Lablab bean),5356,5356,2411,238665203.2,26.97,1981.43,62720000000.0,Fluvisols / Gleysols / Alluvial,Rainy,Rainfed,90.92,0.450149365197908,,
Kayin,2016,Pegyi(Lablab bean),5360,5360,2426,314946615.9,26.89,1804.66,60120000000.0,Fluvisols / Gleysols / Alluvial,Rainy,Rainfed,88.82,0.452611940298507,,
Kayin,2017,Pegyi(Lablab bean),5360,5360,2459,304701296.0,26.65,2185.47,63340000000.0,Fluvisols / Gleysols / Alluvial,Rainy,Rainfed,93.0,0.458768656716417,,
Kayin,2018,Pegyi(Lablab bean),5369,5369,2480,380230690.0,26.73,2484.66,67150000000.0,Fluvisols / Gleysols / Alluvial,Rainy,Rainfed,93.0,0.461910970385546,,
Kayin,2019,Pegyi(Lablab bean),5372,5372,2485,413574673.8,26.95,2087.25,68700000000.0,Fluvisols / Gleysols / Alluvial,Rainy,Rainfed,92.2,0.462583767684288,,
Kayin,2020,Pegyi(Lablab bean),5333,5333,2471,391351453.3,27.12,1531.95,78930000000.0,Fluvisols / Gleysols / Alluvial,Rainy,Rainfed,85.5,0.463341458841177,,
Kayin,2021,Pegyi(Lablab bean),5333,5333,2473,388899650.8,26.67,2969.17,65120000000.0,Fluvisols / Gleysols / Alluvial,Rainy,Rainfed,93.0,0.463716482280142,,
Kayin,2022,Pegyi(Lablab bean),5330,5330,2474,586761617.0,26.62,2622.64,62240000000.0,Fluvisols / Gleysols / Alluvial,Rainy,Rainfed,93.0,0.464165103189493,,
Kayin,2023,Pegyi(Lablab bean),5336,5336,2477,586702652.6,26.96,2436.25,64800000000.0,Fluvisols / Gleysols / Alluvial,Rainy,Rainfed,93.0,0.464205397301349,,
Chin,2012,Pegyi(Lablab bean),539,539,143,243967785.0,22.62,716.7,59920000000.0,Cambisols / Mountainous Soil,Rainy,Rainfed,76.53,0.265306122448979,,
Chin,2013,Pegyi(Lablab bean),633,633,168,199816069.0,22.48,814.73,63260000000.0,Cambisols / Mountainous Soil,Rainy,Rainfed,77.73,0.265402843601895,,
Chin,2014,Pegyi(Lablab bean),646,646,173,267590796.3,22.97,716.65,67459999999.9999,Cambisols / Mountainous Soil,Rainy,Rainfed,76.47,0.267801857585139,,
Chin,2015,Pegyi(Lablab bean),604,604,162,238665203.2,22.61,913.76,62720000000.0,Cambisols / Mountainous Soil,Rainy,Rainfed,78.9,0.268211920529801,,
Chin,2016,Pegyi(Lablab bean),593,593,159,314946615.9,22.87,965.57,60120000000.0,Cambisols / Mountainous Soil,Rainy,Rainfed,79.47,0.268128161888701,,
Chin,2017,Pegyi(Lablab bean),593,593,159,304701296.0,22.26,1578.85,63340000000.0,Cambisols / Mountainous Soil,Rainy,Rainfed,86.94,0.268128161888701,,
Chin,2018,Pegyi(Lablab bean),593,593,159,380230690.0,21.95,1160.88,67150000000.0,Cambisols / Mountainous Soil,Rainy,Rainfed,81.98,0.268128161888701,,
Chin,2019,Pegyi(Lablab bean),593,593,160,413574673.8,22.53,1254.78,68700000000.0,Cambisols / Mountainous Soil,Rainy,Rainfed,83.0,0.26981450252951,,
Chin,2020,Pegyi(Lablab bean),582,582,157,391351453.3,22.26,1038.88,78930000000.0,Cambisols / Mountainous Soil,Rainy,Rainfed,80.46,0.269759450171821,,
Chin,2021,Pegyi(Lablab bean),578,578,156,388899650.8,22.92,753.21,65120000000.0,Cambisols / Mountainous Soil,Rainy,Rainfed,76.91,0.269896193771626,,
Chin,2022,Pegyi(Lablab bean),607,607,143,586761617.0,22.64,714.38,62240000000.0,Cambisols / Mountainous Soil,Rainy,Rainfed,76.5,0.235584843492586,,
Chin,2023,Pegyi(Lablab bean),644,644,161,586702652.6,23.13,770.15,64800000000.0,Cambisols / Mountainous Soil,Rainy,Rainfed,77.08,0.25,,
Sagaing,2012,Pegyi(Lablab bean),56571,56571,27720,243967785.0,28.48,302.6,59920000000.0,Luvisols / Cambisols / Savanna,Rainy,Rainfed,70.5,0.490003712149334,,
Sagaing,2013,Pegyi(Lablab bean),60062,60062,29938,199816069.0,28.47,362.75,63260000000.0,Luvisols / Cambisols / Savanna,Rainy,Rainfed,71.23,0.498451600013319,,
Sagaing,2014,Pegyi(Lablab bean),61913,61913,30993,267590796.3,29.02,272.71,67459999999.9999,Luvisols / Cambisols / Savanna,Rainy,Rainfed,70.05,0.500589536930854,,
Sagaing,2015,Pegyi(Lablab bean),62270,62270,31331,238665203.2,28.54,378.91,62720000000.0,Luvisols / Cambisols / Savanna,Rainy,Rainfed,71.41,0.503147583105829,,
Sagaing,2016,Pegyi(Lablab bean),63434,63433,33414,314946615.9,28.61,466.45,60120000000.0,Luvisols / Cambisols / Savanna,Rainy,Rainfed,72.45,0.526760518972774,,
Sagaing,2017,Pegyi(Lablab bean),62928,62928,32281,304701296.0,28.07,637.58,63340000000.0,Luvisols / Cambisols / Savanna,Rainy,Rainfed,74.6,0.512983091787439,,
Sagaing,2018,Pegyi(Lablab bean),67278,67278,34750,380230690.0,27.88,475.8,67150000000.0,Luvisols / Cambisols / Savanna,Rainy,Rainfed,72.69,0.516513570557983,,
Sagaing,2019,Pegyi(Lablab bean),66552,66547,34147,413574673.8,28.67,477.22,68700000000.0,Luvisols / Cambisols / Savanna,Rainy,Rainfed,72.57,0.513126061279997,,
Sagaing,2020,Pegyi(Lablab bean),64700,64653,32919,391351453.3,28.0,552.96,78930000000.0,Luvisols / Cambisols / Savanna,Rainy,Rainfed,73.6,0.509164307920746,,
Sagaing,2021,Pegyi(Lablab bean),65371,65371,33990,388899650.8,29.14,338.14,65120000000.0,Luvisols / Cambisols / Savanna,Rainy,Rainfed,70.81,0.51995533187499,,
Sagaing,2022,Pegyi(Lablab bean),65404,65404,36754,586761617.0,28.78,375.7,62240000000.0,Luvisols / Cambisols / Savanna,Rainy,Rainfed,71.33,0.561953397345728,,
Sagaing,2023,Pegyi(Lablab bean),65684,65684,37228,586702652.6,29.19,387.79,64800000000.0,Luvisols / Cambisols / Savanna,Rainy,Rainfed,71.4,0.566774252481578,,
Tanintharyi,2012,Pegyi(Lablab bean),0,0,0,243967785.0,26.24,2388.49,59920000000.0,Ferralsols / Plinthosols / Lateritic,Rainy,Rainfed,93.0,0.0,,
Tanintharyi,2013,Pegyi(Lablab bean),0,0,0,199816069.0,25.94,2304.57,63260000000.0,Ferralsols / Plinthosols / Lateritic,Rainy,Rainfed,93.0,0.0,,
Tanintharyi,2014,Pegyi(Lablab bean),0,0,0,267590796.3,25.99,1706.05,67459999999.9999,Ferralsols / Plinthosols / Lateritic,Rainy,Rainfed,87.79,0.0,,
Tanintharyi,2015,Pegyi(Lablab bean),0,0,0,238665203.2,26.43,1914.37,62720000000.0,Ferralsols / Plinthosols / Lateritic,Rainy,Rainfed,90.22,0.0,,
Tanintharyi,2016,Pegyi(Lablab bean),0,0,0,314946615.9,26.3,1870.73,60120000000.0,Ferralsols / Plinthosols / Lateritic,Rainy,Rainfed,89.71,0.0,,
Tanintharyi,2017,Pegyi(Lablab bean),0,0,0,304701296.0,26.08,2485.72,63340000000.0,Ferralsols / Plinthosols / Lateritic,Rainy,Rainfed,93.0,0.0,,
Tanintharyi,2018,Pegyi(Lablab bean),0,0,0,380230690.0,26.23,2273.98,67150000000.0,Ferralsols / Plinthosols / Lateritic,Rainy,Rainfed,93.0,0.0,,
Tanintharyi,2019,Pegyi(Lablab bean),0,0,0,413574673.8,26.44,1846.93,68700000000.0,Ferralsols / Plinthosols / Lateritic,Rainy,Rainfed,89.4,0.0,,
Tanintharyi,2020,Pegyi(Lablab bean),0,0,0,391351453.3,26.42,2375.71,78930000000.0,Ferralsols / Plinthosols / Lateritic,Rainy,Rainfed,93.0,0.0,,
Tanintharyi,2021,Pegyi(Lablab bean),0,0,0,388899650.8,25.97,2896.94,65120000000.0,Ferralsols / Plinthosols / Lateritic,Rainy,Rainfed,93.0,0.0,,
Tanintharyi,2022,Pegyi(Lablab bean),0,0,0,586761617.0,26.08,2726.62,62240000000.0,Ferralsols / Plinthosols / Lateritic,Rainy,Rainfed,93.0,0.0,,
Tanintharyi,2023,Pegyi(Lablab bean),0,0,0,586702652.6,26.46,2318.19,64800000000.0,Ferralsols / Plinthosols / Lateritic,Rainy,Rainfed,93.0,0.0,,
Bago,2012,Pegyi(Lablab bean),20938,20938,10854,243967785.0,27.33,1519.25,59920000000.0,Fluvisols / Gleysols / Alluvial,Rainy,Rainfed,85.31,0.518387620594135,,
Bago,2013,Pegyi(Lablab bean),19926,19926,10701,199816069.0,27.57,1187.91,63260000000.0,Fluvisols / Gleysols / Alluvial,Rainy,Rainfed,81.29,0.537037037037037,,
Bago,2014,Pegyi(Lablab bean),18348,18348,9813,267590796.3,27.57,1054.41,67459999999.9999,Fluvisols / Gleysols / Alluvial,Rainy,Rainfed,79.69,0.534826684107259,,
Bago,2015,Pegyi(Lablab bean),20010,20010,10755,238665203.2,27.77,1256.33,62720000000.0,Fluvisols / Gleysols / Alluvial,Rainy,Rainfed,82.08,0.537481259370314,,
Bago,2016,Pegyi(Lablab bean),15698,15698,8387,314946615.9,27.71,1212.7,60120000000.0,Fluvisols / Gleysols / Alluvial,Rainy,Rainfed,81.56,0.534271881768378,,
Bago,2017,Pegyi(Lablab bean),17677,17677,9548,304701296.0,27.49,1498.81,63340000000.0,Fluvisols / Gleysols / Alluvial,Rainy,Rainfed,85.04,0.540136901057871,,
Bago,2018,Pegyi(Lablab bean),18925,18925,10567,380230690.0,27.43,1690.27,67150000000.0,Fluvisols / Gleysols / Alluvial,Rainy,Rainfed,87.35,0.558361955085865,,
Bago,2019,Pegyi(Lablab bean),17479,17479,9741,413574673.8,28.09,1236.72,68700000000.0,Fluvisols / Gleysols / Alluvial,Rainy,Rainfed,81.78,0.557297328222438,,
Bago,2020,Pegyi(Lablab bean),15761,15761,8770,391351453.3,28.01,1004.02,78930000000.0,Fluvisols / Gleysols / Alluvial,Rainy,Rainfed,79.01,0.55643677431635,,
Bago,2021,Pegyi(Lablab bean),13982,13982,7713,388899650.8,27.31,1749.84,65120000000.0,Fluvisols / Gleysols / Alluvial,Rainy,Rainfed,88.08,0.551637820054355,,
Bago,2022,Pegyi(Lablab bean),14794,14794,8153,586761617.0,27.34,1789.55,62240000000.0,Fluvisols / Gleysols / Alluvial,Rainy,Rainfed,88.55,0.551101798026226,,
Bago,2023,Pegyi(Lablab bean),37794,37794,20523,586702652.6,28.01,1574.66,64800000000.0,Fluvisols / Gleysols / Alluvial,Rainy,Rainfed,85.85,0.543022702016193,,
Magway,2012,Pegyi(Lablab bean),154051,154051,83161,243967785.0,26.79,898.02,59920000000.0,Regosols / Luvisols / Sandy Savanna,Rainy,Rainfed,77.95,0.53982771939163,,
Magway,2013,Pegyi(Lablab bean),154389,154389,83340,199816069.0,26.96,878.15,63260000000.0,Regosols / Luvisols / Sandy Savanna,Rainy,Rainfed,77.68,0.539805297009502,,
Magway,2014,Pegyi(Lablab bean),156529,156529,84262,267590796.3,27.42,770.86,67459999999.9999,Regosols / Luvisols / Sandy Savanna,Rainy,Rainfed,76.31,0.538315583693756,,
Magway,2015,Pegyi(Lablab bean),157818,157818,86818,238665203.2,27.31,734.05,62720000000.0,Regosols / Luvisols / Sandy Savanna,Rainy,Rainfed,75.89,0.550114689072222,,
Magway,2016,Pegyi(Lablab bean),149215,149213,81877,314946615.9,27.18,941.74,60120000000.0,Regosols / Luvisols / Sandy Savanna,Rainy,Rainfed,78.41,0.548725647229128,,
Magway,2017,Pegyi(Lablab bean),126444,126414,57538,304701296.0,27.02,1107.58,63340000000.0,Regosols / Luvisols / Sandy Savanna,Rainy,Rainfed,80.43,0.455155283433796,,
Magway,2018,Pegyi(Lablab bean),93369,93366,42492,380230690.0,26.75,839.14,67150000000.0,Regosols / Luvisols / Sandy Savanna,Rainy,Rainfed,77.25,0.455112139322665,,
Magway,2019,Pegyi(Lablab bean),102271,102251,44441,413574673.8,27.7,769.91,68700000000.0,Regosols / Luvisols / Sandy Savanna,Rainy,Rainfed,76.25,0.434626556219499,,
Magway,2020,Pegyi(Lablab bean),102211,101971,43302,391351453.3,27.15,822.19,78930000000.0,Regosols / Luvisols / Sandy Savanna,Rainy,Rainfed,76.98,0.424650145629639,,
Magway,2021,Pegyi(Lablab bean),99070,99060,42100,388899650.8,27.77,689.55,65120000000.0,Regosols / Luvisols / Sandy Savanna,Rainy,Rainfed,75.28,0.424994952554007,,
Magway,2022,Pegyi(Lablab bean),102865,102865,43786,586761617.0,27.6,729.42,62240000000.0,Regosols / Luvisols / Sandy Savanna,Rainy,Rainfed,75.79,0.425664706168278,,
Magway,2023,Pegyi(Lablab bean),109378,109378,50750,586702652.6,28.03,696.9,64800000000.0,Regosols / Luvisols / Sandy Savanna,Rainy,Rainfed,75.32,0.463987273491927,,
Mandalay,2012,Pegyi(Lablab bean),23372,23347,8263,243967785.0,27.22,338.39,59920000000.0,Luvisols / Cambisols / Savanna,Rainy,Rainfed,71.16,0.353921274681972,,
Mandalay,2013,Pegyi(Lablab bean),26407,26407,9845,199816069.0,27.39,350.66,63260000000.0,Luvisols / Cambisols / Savanna,Rainy,Rainfed,71.28,0.372817813458552,,
Mandalay,2014,Pegyi(Lablab bean),26960,26960,10225,267590796.3,27.89,270.44,67459999999.9999,Luvisols / Cambisols / Savanna,Rainy,Rainfed,70.23,0.379265578635014,,
Mandalay,2015,Pegyi(Lablab bean),27386,27386,10622,238665203.2,27.41,376.48,62720000000.0,Luvisols / Cambisols / Savanna,Rainy,Rainfed,71.58,0.387862411451106,,
Mandalay,2016,Pegyi(Lablab bean),24174,24174,9304,314946615.9,27.59,376.98,60120000000.0,Luvisols / Cambisols / Savanna,Rainy,Rainfed,71.56,0.384876313394556,,
Mandalay,2017,Pegyi(Lablab bean),23129,23129,9014,304701296.0,27.37,461.76,63340000000.0,Luvisols / Cambisols / Savanna,Rainy,Rainfed,72.61,0.389727182325219,,
Mandalay,2018,Pegyi(Lablab bean),28235,28235,11145,380230690.0,27.03,394.62,67150000000.0,Luvisols / Cambisols / Savanna,Rainy,Rainfed,71.87,0.394722861696476,,
Mandalay,2019,Pegyi(Lablab bean),29137,29137,10872,413574673.8,27.69,414.37,68700000000.0,Luvisols / Cambisols / Savanna,Rainy,Rainfed,71.99,0.3731338161101,,
Mandalay,2020,Pegyi(Lablab bean),26516,26336,9863,391351453.3,27.18,470.39,78930000000.0,Luvisols / Cambisols / Savanna,Rainy,Rainfed,72.75,0.37450637910085,,
Mandalay,2021,Pegyi(Lablab bean),30739,30062,11741,388899650.8,27.8,383.44,65120000000.0,Luvisols / Cambisols / Savanna,Rainy,Rainfed,71.6,0.390559510345286,,
Mandalay,2022,Pegyi(Lablab bean),32135,32135,12153,586761617.0,27.53,425.89,62240000000.0,Luvisols / Cambisols / Savanna,Rainy,Rainfed,72.16,0.378185778745915,,
Mandalay,2023,Pegyi(Lablab bean),32602,32602,12326,586702652.6,28.02,431.5,64800000000.0,Luvisols / Cambisols / Savanna,Rainy,Rainfed,72.13,0.37807496472609,,
Mon,2012,Pegyi(Lablab bean),0,0,0,243967785.0,27.89,2936.46,59920000000.0,Ferralsols / Gleysols / Lateritic,Rainy,Rainfed,93.0,0.0,,
Mon,2013,Pegyi(Lablab bean),0,0,0,199816069.0,27.75,2472.26,63260000000.0,Ferralsols / Gleysols / Lateritic,Rainy,Rainfed,93.0,0.0,,
Mon,2014,Pegyi(Lablab bean),0,0,0,267590796.3,27.71,1805.43,67459999999.9999,Ferralsols / Gleysols / Lateritic,Rainy,Rainfed,88.68,0.0,,
Mon,2015,Pegyi(Lablab bean),0,0,0,238665203.2,27.96,2500.08,62720000000.0,Ferralsols / Gleysols / Lateritic,Rainy,Rainfed,93.0,0.0,,
Mon,2016,Pegyi(Lablab bean),0,0,0,314946615.9,27.84,2247.31,60120000000.0,Ferralsols / Gleysols / Lateritic,Rainy,Rainfed,93.0,0.0,,
Mon,2017,Pegyi(Lablab bean),0,0,0,304701296.0,27.68,2729.02,63340000000.0,Ferralsols / Gleysols / Lateritic,Rainy,Rainfed,93.0,0.0,,
Mon,2018,Pegyi(Lablab bean),0,0,0,380230690.0,27.86,3263.34,67150000000.0,Ferralsols / Gleysols / Lateritic,Rainy,Rainfed,93.0,0.0,,
Mon,2019,Pegyi(Lablab bean),0,0,0,413574673.8,28.11,2717.71,68700000000.0,Ferralsols / Gleysols / Lateritic,Rainy,Rainfed,93.0,0.0,,
Mon,2020,Pegyi(Lablab bean),0,0,0,391351453.3,28.13,1897.4,78930000000.0,Ferralsols / Gleysols / Lateritic,Rainy,Rainfed,89.71,0.0,,
Mon,2021,Pegyi(Lablab bean),0,0,0,388899650.8,27.71,3711.2,65120000000.0,Ferralsols / Gleysols / Lateritic,Rainy,Rainfed,93.0,0.0,,
Mon,2022,Pegyi(Lablab bean),0,0,0,586761617.0,27.71,3270.72,62240000000.0,Ferralsols / Gleysols / Lateritic,Rainy,Rainfed,93.0,0.0,,
Mon,2023,Pegyi(Lablab bean),0,0,0,586702652.6,28.09,3075.98,64800000000.0,Ferralsols / Gleysols / Lateritic,Rainy,Rainfed,93.0,0.0,,
Rakhine,2012,Pegyi(Lablab bean),20,20,8,243967785.0,26.54,2984.69,59920000000.0,Gleysols / Alluvial / Mountainous,Rainy,Rainfed,93.0,0.4,,
Rakhine,2013,Pegyi(Lablab bean),26,26,11,199816069.0,26.5,3116.99,63260000000.0,Gleysols / Alluvial / Mountainous,Rainy,Rainfed,93.0,0.423076923076923,,
Rakhine,2014,Pegyi(Lablab bean),26,26,11,267590796.3,26.74,2952.75,67459999999.9999,Gleysols / Alluvial / Mountainous,Rainy,Rainfed,93.0,0.423076923076923,,
Rakhine,2015,Pegyi(Lablab bean),29,29,13,238665203.2,26.5,8475.24,62720000000.0,Gleysols / Alluvial / Mountainous,Rainy,Rainfed,93.0,0.448275862068965,,
Rakhine,2016,Pegyi(Lablab bean),29,29,13,314946615.9,26.76,10036.74,60120000000.0,Gleysols / Alluvial / Mountainous,Rainy,Rainfed,93.0,0.448275862068965,,
Rakhine,2017,Pegyi(Lablab bean),27,27,12,304701296.0,26.66,7844.64,63340000000.0,Gleysols / Alluvial / Mountainous,Rainy,Rainfed,93.0,0.444444444444444,,
Rakhine,2018,Pegyi(Lablab bean),23,23,11,380230690.0,26.17,7927.61,67150000000.0,Gleysols / Alluvial / Mountainous,Rainy,Rainfed,93.0,0.478260869565217,,
Rakhine,2019,Pegyi(Lablab bean),28,28,13,413574673.8,26.66,8062.73,68700000000.0,Gleysols / Alluvial / Mountainous,Rainy,Rainfed,93.0,0.464285714285714,,
Rakhine,2020,Pegyi(Lablab bean),25,25,12,391351453.3,26.49,7855.92,78930000000.0,Gleysols / Alluvial / Mountainous,Rainy,Rainfed,93.0,0.48,,
Rakhine,2021,Pegyi(Lablab bean),28,28,12,388899650.8,26.93,5291.74,65120000000.0,Gleysols / Alluvial / Mountainous,Rainy,Rainfed,93.0,0.428571428571428,,
Rakhine,2022,Pegyi(Lablab bean),23,23,11,586761617.0,26.66,5117.41,62240000000.0,Gleysols / Alluvial / Mountainous,Rainy,Rainfed,93.0,0.478260869565217,,
Rakhine,2023,Pegyi(Lablab bean),23,23,11,586702652.6,26.9,5823.68,64800000000.0,Gleysols / Alluvial / Mountainous,Rainy,Rainfed,93.0,0.478260869565217,,
Yangon,2012,Pegyi(Lablab bean),0,0,0,243967785.0,27.5,1871.61,59920000000.0,Fluvisols / Gleysols / Alluvial,Rainy,Rainfed,89.51,0.0,,
Yangon,2013,Pegyi(Lablab bean),0,0,0,199816069.0,27.61,1492.96,63260000000.0,Fluvisols / Gleysols / Alluvial,Rainy,Rainfed,84.95,0.0,,
Yangon,2014,Pegyi(Lablab bean),0,0,0,267590796.3,27.67,1241.48,67459999999.9999,Fluvisols / Gleysols / Alluvial,Rainy,Rainfed,81.92,0.0,,
Yangon,2015,Pegyi(Lablab bean),0,0,0,238665203.2,27.86,1676.99,62720000000.0,Fluvisols / Gleysols / Alluvial,Rainy,Rainfed,87.11,0.0,,
Yangon,2016,Pegyi(Lablab bean),0,0,0,314946615.9,27.8,1521.79,60120000000.0,Fluvisols / Gleysols / Alluvial,Rainy,Rainfed,85.26,0.0,,
Yangon,2017,Pegyi(Lablab bean),0,0,0,304701296.0,27.54,1863.36,63340000000.0,Fluvisols / Gleysols / Alluvial,Rainy,Rainfed,89.4,0.0,,
Yangon,2018,Pegyi(Lablab bean),0,0,0,380230690.0,27.53,2226.31,67150000000.0,Fluvisols / Gleysols / Alluvial,Rainy,Rainfed,93.0,0.0,,
Yangon,2019,Pegyi(Lablab bean),0,0,0,413574673.8,28.09,1694.52,68700000000.0,Fluvisols / Gleysols / Alluvial,Rainy,Rainfed,87.28,0.0,,
Yangon,2020,Pegyi(Lablab bean),0,0,0,391351453.3,28.05,1262.54,78930000000.0,Fluvisols / Gleysols / Alluvial,Rainy,Rainfed,82.1,0.0,,
Yangon,2021,Pegyi(Lablab bean),0,0,0,388899650.8,27.4,2360.45,65120000000.0,Fluvisols / Gleysols / Alluvial,Rainy,Rainfed,93.0,0.0,,
Yangon,2022,Pegyi(Lablab bean),0,0,0,586761617.0,27.36,2242.28,62240000000.0,Fluvisols / Gleysols / Alluvial,Rainy,Rainfed,93.0,0.0,,
Yangon,2023,Pegyi(Lablab bean),0,0,0,586702652.6,28.02,2034.25,64800000000.0,Fluvisols / Gleysols / Alluvial,Rainy,Rainfed,91.37,0.0,,
Shan,2012,Pegyi(Lablab bean),4678,4678,1917,243967785.0,21.06,671.3,59920000000.0,Acrisols / Ferralsols / Red Earth,Rainy,Rainfed,76.26,0.409790508764429,,
Shan,2013,Pegyi(Lablab bean),4659,4659,1922,199816069.0,21.38,594.52,63260000000.0,Acrisols / Ferralsols / Red Earth,Rainy,Rainfed,75.29,0.412534878729341,,
Shan,2014,Pegyi(Lablab bean),4345,4345,1811,267590796.3,21.82,438.2,67459999999.9999,Acrisols / Ferralsols / Red Earth,Rainy,Rainfed,73.33,0.416800920598388,,
Shan,2015,Pegyi(Lablab bean),4404,4404,1855,238665203.2,21.68,533.62,62720000000.0,Acrisols / Ferralsols / Red Earth,Rainy,Rainfed,74.5,0.421207992733878,,
Shan,2016,Pegyi(Lablab bean),4592,4592,1924,314946615.9,21.69,570.05,60120000000.0,Acrisols / Ferralsols / Red Earth,Rainy,Rainfed,74.94,0.418989547038327,,
Shan,2017,Pegyi(Lablab bean),4538,4538,1916,304701296.0,21.52,759.17,63340000000.0,Acrisols / Ferralsols / Red Earth,Rainy,Rainfed,77.24,0.422212428382547,,
Shan,2018,Pegyi(Lablab bean),4765,4765,1999,380230690.0,21.16,624.01,67150000000.0,Acrisols / Ferralsols / Red Earth,Rainy,Rainfed,75.68,0.419517313746065,,
Shan,2019,Pegyi(Lablab bean),4803,4803,2072,413574673.8,21.87,584.23,68700000000.0,Acrisols / Ferralsols / Red Earth,Rainy,Rainfed,75.07,0.43139704351447,,
Shan,2020,Pegyi(Lablab bean),5123,5123,2239,391351453.3,21.56,626.15,78930000000.0,Acrisols / Ferralsols / Red Earth,Rainy,Rainfed,75.63,0.437048604333398,,
Shan,2021,Pegyi(Lablab bean),5208,5208,2292,388899650.8,21.67,658.43,65120000000.0,Acrisols / Ferralsols / Red Earth,Rainy,Rainfed,76.0,0.440092165898617,,
Shan,2022,Pegyi(Lablab bean),4827,4827,2149,586761617.0,21.33,803.12,62240000000.0,Acrisols / Ferralsols / Red Earth,Rainy,Rainfed,77.8,0.445204060493059,,
Shan,2023,Pegyi(Lablab bean),4878,4878,2186,586702652.6,22.07,653.29,64800000000.0,Acrisols / Ferralsols / Red Earth,Rainy,Rainfed,75.87,0.448134481344813,,
Ayeyarwady,2012,Pegyi(Lablab bean),11504,11504,5036,243967785.0,27.73,892.99,59920000000.0,Fluvisols / Gleysols / Alluvial,Rainy,Rainfed,77.72,0.437760778859527,,
Ayeyarwady,2013,Pegyi(Lablab bean),11425,11425,5115,199816069.0,27.91,705.85,63260000000.0,Fluvisols / Gleysols / Alluvial,Rainy,Rainfed,75.45,0.447702407002188,,
Ayeyarwady,2014,Pegyi(Lablab bean),11516,11516,5258,267590796.3,28.21,606.23,67459999999.9999,Fluvisols / Gleysols / Alluvial,Rainy,Rainfed,74.2,0.456582146578673,,
Ayeyarwady,2015,Pegyi(Lablab bean),11216,11216,5173,238665203.2,28.19,737.44,62720000000.0,Fluvisols / Gleysols / Alluvial,Rainy,Rainfed,75.78,0.461216119828816,,
Ayeyarwady,2016,Pegyi(Lablab bean),10495,10495,4866,314946615.9,28.14,712.5,60120000000.0,Fluvisols / Gleysols / Alluvial,Rainy,Rainfed,75.48,0.463649356836588,,
Ayeyarwady,2017,Pegyi(Lablab bean),10014,10014,4662,304701296.0,28.04,819.64,63340000000.0,Fluvisols / Gleysols / Alluvial,Rainy,Rainfed,76.79,0.465548232474535,,
Ayeyarwady,2018,Pegyi(Lablab bean),9937,9937,4637,380230690.0,27.76,972.0,67150000000.0,Fluvisols / Gleysols / Alluvial,Rainy,Rainfed,78.67,0.466639830934889,,
Ayeyarwady,2019,Pegyi(Lablab bean),9932,9932,4645,413574673.8,28.38,776.06,68700000000.0,Fluvisols / Gleysols / Alluvial,Rainy,Rainfed,76.2,0.467680225533628,,
Ayeyarwady,2020,Pegyi(Lablab bean),10945,10945,5198,391351453.3,28.37,575.94,78930000000.0,Fluvisols / Gleysols / Alluvial,Rainy,Rainfed,73.8,0.474920054819552,,
Ayeyarwady,2021,Pegyi(Lablab bean),10637,10637,5192,388899650.8,27.92,960.87,65120000000.0,Fluvisols / Gleysols / Alluvial,Rainy,Rainfed,78.5,0.488107549120992,,
Ayeyarwady,2022,Pegyi(Lablab bean),10001,10001,4992,586761617.0,27.91,944.56,62240000000.0,Fluvisols / Gleysols / Alluvial,Rainy,Rainfed,78.31,0.4991500849915,,
Ayeyarwady,2023,Pegyi(Lablab bean),10073,10073,5081,586702652.6,28.36,837.63,64800000000.0,Fluvisols / Gleysols / Alluvial,Rainy,Rainfed,76.95,0.504417750421919,,
Nay Pyi Taw,2012,Pegyi(Lablab bean),12364,12364,5596,243967785.0,25.41,942.84,59920000000.0,Cambisols / Fluvisols / Loam,Rainy,Rainfed,78.74,0.452604335166612,,
Nay Pyi Taw,2013,Pegyi(Lablab bean),13613,12615,5836,199816069.0,25.88,775.78,63260000000.0,Cambisols / Fluvisols / Loam,Rainy,Rainfed,76.65,0.462623860483551,,
Nay Pyi Taw,2014,Pegyi(Lablab bean),16338,16338,7608,267590796.3,26.38,617.16,67459999999.9999,Cambisols / Fluvisols / Loam,Rainy,Rainfed,74.66,0.465662871832537,,
Nay Pyi Taw,2015,Pegyi(Lablab bean),16290,16290,7656,238665203.2,26.35,678.38,62720000000.0,Cambisols / Fluvisols / Loam,Rainy,Rainfed,75.4,0.469981583793738,,
Nay Pyi Taw,2016,Pegyi(Lablab bean),15958,15819,7533,314946615.9,26.23,754.74,60120000000.0,Cambisols / Fluvisols / Loam,Rainy,Rainfed,76.34,0.476199506922055,,
Nay Pyi Taw,2017,Pegyi(Lablab bean),15642,15618,7434,304701296.0,26.08,972.17,63340000000.0,Cambisols / Fluvisols / Loam,Rainy,Rainfed,78.97,0.475989243180945,,
Nay Pyi Taw,2018,Pegyi(Lablab bean),15728,15728,7675,380230690.0,25.73,812.09,67150000000.0,Cambisols / Fluvisols / Loam,Rainy,Rainfed,77.11,0.487983214649033,,
Nay Pyi Taw,2019,Pegyi(Lablab bean),15597,15597,7675,413574673.8,26.57,787.91,68700000000.0,Cambisols / Fluvisols / Loam,Rainy,Rainfed,76.67,0.492081810604603,,
Nay Pyi Taw,2020,Pegyi(Lablab bean),20810,20810,10407,391351453.3,26.28,762.33,78930000000.0,Cambisols / Fluvisols / Loam,Rainy,Rainfed,76.42,0.500096107640557,,
Nay Pyi Taw,2021,Pegyi(Lablab bean),15393,15393,7766,388899650.8,26.24,851.96,65120000000.0,Cambisols / Fluvisols / Loam,Rainy,Rainfed,77.5,0.504515039303579,,
Nay Pyi Taw,2022,Pegyi(Lablab bean),15472,15472,6710,586761617.0,25.96,1027.18,62240000000.0,Cambisols / Fluvisols / Loam,Rainy,Rainfed,79.65,0.433686659772492,,
Nay Pyi Taw,2023,Pegyi(Lablab bean),15053,15013,6500,586702652.6,26.62,853.39,64800000000.0,Cambisols / Fluvisols / Loam,Rainy,Rainfed,77.45,0.432958102977419,,
Kachin,2012,Pegya(Lima bean),0,0,0,243967785.0,23.38,914.61,59920000000.0,Acrisols / Red-Brown Lateritic,Rainy,Rainfed,78.77,0.0,,
Kachin,2013,Pegya(Lima bean),0,0,0,199816069.0,23.62,939.94,63260000000.0,Acrisols / Red-Brown Lateritic,Rainy,Rainfed,79.03,0.0,,
Kachin,2014,Pegya(Lima bean),0,0,0,267590796.3,24.01,833.48,67459999999.9999,Acrisols / Red-Brown Lateritic,Rainy,Rainfed,77.68,0.0,,
Kachin,2015,Pegya(Lima bean),0,0,0,238665203.2,23.27,1005.47,62720000000.0,Acrisols / Red-Brown Lateritic,Rainy,Rainfed,79.88,0.0,,
Kachin,2016,Pegya(Lima bean),0,0,0,314946615.9,23.17,1224.63,60120000000.0,Acrisols / Red-Brown Lateritic,Rainy,Rainfed,82.52,0.0,,
Kachin,2017,Pegya(Lima bean),0,0,0,304701296.0,23.28,1125.21,63340000000.0,Acrisols / Red-Brown Lateritic,Rainy,Rainfed,81.31,0.0,,
Kachin,2018,Pegya(Lima bean),0,0,0,380230690.0,22.85,1162.0,67150000000.0,Acrisols / Red-Brown Lateritic,Rainy,Rainfed,81.83,0.0,,
Kachin,2019,Pegya(Lima bean),0,0,0,413574673.8,23.49,1042.44,68700000000.0,Acrisols / Red-Brown Lateritic,Rainy,Rainfed,80.28,0.0,,
Kachin,2020,Pegya(Lima bean),0,0,0,391351453.3,22.87,1329.91,78930000000.0,Acrisols / Red-Brown Lateritic,Rainy,Rainfed,83.84,0.0,,
Kachin,2021,Pegya(Lima bean),0,0,0,388899650.8,23.65,1005.31,65120000000.0,Acrisols / Red-Brown Lateritic,Rainy,Rainfed,79.81,0.0,,
Kachin,2022,Pegya(Lima bean),0,0,0,586761617.0,22.99,1256.07,62240000000.0,Acrisols / Red-Brown Lateritic,Rainy,Rainfed,82.93,0.0,,
Kachin,2023,Pegya(Lima bean),0,0,0,586702652.6,23.84,1183.85,64800000000.0,Acrisols / Red-Brown Lateritic,Rainy,Rainfed,81.91,0.0,,
Kayah,2012,Pegya(Lima bean),3355,3355,1161,243967785.0,22.51,1604.82,59920000000.0,Luvisols / Red Earth,Rainy,Rainfed,87.21,0.346050670640834,,
Kayah,2013,Pegya(Lima bean),3370,3370,1179,199816069.0,22.71,1317.07,63260000000.0,Luvisols / Red Earth,Rainy,Rainfed,83.72,0.349851632047477,,
Kayah,2014,Pegya(Lima bean),3535,3535,1210,267590796.3,23.02,1089.18,67459999999.9999,Luvisols / Red Earth,Rainy,Rainfed,80.93,0.342291371994342,,
Kayah,2015,Pegya(Lima bean),3055,3055,1064,238665203.2,23.36,1113.03,62720000000.0,Luvisols / Red Earth,Rainy,Rainfed,81.15,0.348281505728314,,
Kayah,2016,Pegya(Lima bean),2903,2903,1017,314946615.9,23.41,1222.88,60120000000.0,Luvisols / Red Earth,Rainy,Rainfed,82.46,0.350327247674819,,
Kayah,2017,Pegya(Lima bean),2034,2034,727,304701296.0,23.16,1567.54,63340000000.0,Luvisols / Red Earth,Rainy,Rainfed,86.64,0.357423795476892,,
Kayah,2018,Pegya(Lima bean),2084,2084,749,380230690.0,22.69,1316.55,67150000000.0,Luvisols / Red Earth,Rainy,Rainfed,83.71,0.359404990403071,,
Kayah,2019,Pegya(Lima bean),2712,2712,936,413574673.8,23.24,1282.79,68700000000.0,Luvisols / Red Earth,Rainy,Rainfed,83.21,0.345132743362831,,
Kayah,2020,Pegya(Lima bean),2301,2301,815,391351453.3,23.16,1222.66,78930000000.0,Luvisols / Red Earth,Rainy,Rainfed,82.5,0.354193828770099,,
Kayah,2021,Pegya(Lima bean),2283,2283,809,388899650.8,23.01,1440.62,65120000000.0,Luvisols / Red Earth,Rainy,Rainfed,85.15,0.354358300481822,,
Kayah,2022,Pegya(Lima bean),189,189,65,586761617.0,22.94,1814.13,62240000000.0,Luvisols / Red Earth,Rainy,Rainfed,89.64,0.343915343915343,,
Kayah,2023,Pegya(Lima bean),2100,2100,758,586702652.6,23.4,1417.46,64800000000.0,Luvisols / Red Earth,Rainy,Rainfed,84.8,0.36095238095238,,
Kayin,2012,Pegya(Lima bean),526,526,210,243967785.0,26.77,2467.92,59920000000.0,Fluvisols / Gleysols / Alluvial,Rainy,Rainfed,93.0,0.399239543726235,,
Kayin,2013,Pegya(Lima bean),530,530,214,199816069.0,26.67,2022.51,63260000000.0,Fluvisols / Gleysols / Alluvial,Rainy,Rainfed,91.47,0.40377358490566,,
Kayin,2014,Pegya(Lima bean),530,530,217,267590796.3,26.61,1604.54,67459999999.9999,Fluvisols / Gleysols / Alluvial,Rainy,Rainfed,86.46,0.40943396226415,,
Kayin,2015,Pegya(Lima bean),514,514,211,238665203.2,26.97,1981.43,62720000000.0,Fluvisols / Gleysols / Alluvial,Rainy,Rainfed,90.92,0.410505836575875,,
Kayin,2016,Pegya(Lima bean),534,534,223,314946615.9,26.89,1804.66,60120000000.0,Fluvisols / Gleysols / Alluvial,Rainy,Rainfed,88.82,0.417602996254681,,
Kayin,2017,Pegya(Lima bean),532,532,226,304701296.0,26.65,2185.47,63340000000.0,Fluvisols / Gleysols / Alluvial,Rainy,Rainfed,93.0,0.424812030075188,,
Kayin,2018,Pegya(Lima bean),528,528,225,380230690.0,26.73,2484.66,67150000000.0,Fluvisols / Gleysols / Alluvial,Rainy,Rainfed,93.0,0.426136363636363,,
Kayin,2019,Pegya(Lima bean),544,544,236,413574673.8,26.95,2087.25,68700000000.0,Fluvisols / Gleysols / Alluvial,Rainy,Rainfed,92.2,0.433823529411764,,
Kayin,2020,Pegya(Lima bean),386,386,168,391351453.3,27.12,1531.95,78930000000.0,Fluvisols / Gleysols / Alluvial,Rainy,Rainfed,85.5,0.435233160621761,,
Kayin,2021,Pegya(Lima bean),364,364,158,388899650.8,26.67,2969.17,65120000000.0,Fluvisols / Gleysols / Alluvial,Rainy,Rainfed,93.0,0.434065934065934,,
Kayin,2022,Pegya(Lima bean),364,364,158,586761617.0,26.62,2622.64,62240000000.0,Fluvisols / Gleysols / Alluvial,Rainy,Rainfed,93.0,0.434065934065934,,
Kayin,2023,Pegya(Lima bean),364,364,158,586702652.6,26.96,2436.25,64800000000.0,Fluvisols / Gleysols / Alluvial,Rainy,Rainfed,93.0,0.434065934065934,,
Chin,2012,Pegya(Lima bean),0,0,0,243967785.0,22.62,716.7,59920000000.0,Cambisols / Mountainous Soil,Rainy,Rainfed,76.53,0.0,,
Chin,2013,Pegya(Lima bean),0,0,0,199816069.0,22.48,814.73,63260000000.0,Cambisols / Mountainous Soil,Rainy,Rainfed,77.73,0.0,,
Chin,2014,Pegya(Lima bean),0,0,0,267590796.3,22.97,716.65,67459999999.9999,Cambisols / Mountainous Soil,Rainy,Rainfed,76.47,0.0,,
Chin,2015,Pegya(Lima bean),0,0,0,238665203.2,22.61,913.76,62720000000.0,Cambisols / Mountainous Soil,Rainy,Rainfed,78.9,0.0,,
Chin,2016,Pegya(Lima bean),0,0,0,314946615.9,22.87,965.57,60120000000.0,Cambisols / Mountainous Soil,Rainy,Rainfed,79.47,0.0,,
Chin,2017,Pegya(Lima bean),0,0,0,304701296.0,22.26,1578.85,63340000000.0,Cambisols / Mountainous Soil,Rainy,Rainfed,86.94,0.0,,
Chin,2018,Pegya(Lima bean),0,0,0,380230690.0,21.95,1160.88,67150000000.0,Cambisols / Mountainous Soil,Rainy,Rainfed,81.98,0.0,,
Chin,2019,Pegya(Lima bean),0,0,0,413574673.8,22.53,1254.78,68700000000.0,Cambisols / Mountainous Soil,Rainy,Rainfed,83.0,0.0,,
Chin,2020,Pegya(Lima bean),0,0,0,391351453.3,22.26,1038.88,78930000000.0,Cambisols / Mountainous Soil,Rainy,Rainfed,80.46,0.0,,
Chin,2021,Pegya(Lima bean),0,0,0,388899650.8,22.92,753.21,65120000000.0,Cambisols / Mountainous Soil,Rainy,Rainfed,76.91,0.0,,
Chin,2022,Pegya(Lima bean),0,0,0,586761617.0,22.64,714.38,62240000000.0,Cambisols / Mountainous Soil,Rainy,Rainfed,76.5,0.0,,
Chin,2023,Pegya(Lima bean),0,0,0,586702652.6,23.13,770.15,64800000000.0,Cambisols / Mountainous Soil,Rainy,Rainfed,77.08,0.0,,
Sagaing,2012,Pegya(Lima bean),8139,8139,4562,243967785.0,28.48,302.6,59920000000.0,Luvisols / Cambisols / Savanna,Rainy,Rainfed,70.5,0.560511119302125,,
Sagaing,2013,Pegya(Lima bean),7940,7940,4443,199816069.0,28.47,362.75,63260000000.0,Luvisols / Cambisols / Savanna,Rainy,Rainfed,71.23,0.559571788413098,,
Sagaing,2014,Pegya(Lima bean),8061,8061,4527,267590796.3,29.02,272.71,67459999999.9999,Luvisols / Cambisols / Savanna,Rainy,Rainfed,70.05,0.561592854484555,,
Sagaing,2015,Pegya(Lima bean),8246,8246,4693,238665203.2,28.54,378.91,62720000000.0,Luvisols / Cambisols / Savanna,Rainy,Rainfed,71.41,0.569124423963133,,
Sagaing,2016,Pegya(Lima bean),8371,8371,4782,314946615.9,28.61,466.45,60120000000.0,Luvisols / Cambisols / Savanna,Rainy,Rainfed,72.45,0.57125791422769,,
Sagaing,2017,Pegya(Lima bean),8482,8482,4880,304701296.0,28.07,637.58,63340000000.0,Luvisols / Cambisols / Savanna,Rainy,Rainfed,74.6,0.575336005659042,,
Sagaing,2018,Pegya(Lima bean),8574,8574,4982,380230690.0,27.88,475.8,67150000000.0,Luvisols / Cambisols / Savanna,Rainy,Rainfed,72.69,0.581059015628644,,
Sagaing,2019,Pegya(Lima bean),8648,8646,5025,413574673.8,28.67,477.22,68700000000.0,Luvisols / Cambisols / Savanna,Rainy,Rainfed,72.57,0.58119361554476,,
Sagaing,2020,Pegya(Lima bean),8616,8615,5075,391351453.3,28.0,552.96,78930000000.0,Luvisols / Cambisols / Savanna,Rainy,Rainfed,73.6,0.58908879860708,,
Sagaing,2021,Pegya(Lima bean),8858,8858,5219,388899650.8,29.14,338.14,65120000000.0,Luvisols / Cambisols / Savanna,Rainy,Rainfed,70.81,0.58918491758862,,
Sagaing,2022,Pegya(Lima bean),8635,8635,5090,586761617.0,28.78,375.7,62240000000.0,Luvisols / Cambisols / Savanna,Rainy,Rainfed,71.33,0.589461493920092,,
Sagaing,2023,Pegya(Lima bean),8605,8605,5074,586702652.6,29.19,387.79,64800000000.0,Luvisols / Cambisols / Savanna,Rainy,Rainfed,71.4,0.58965717606043,,
Tanintharyi,2012,Pegya(Lima bean),0,0,0,243967785.0,26.24,2388.49,59920000000.0,Ferralsols / Plinthosols / Lateritic,Rainy,Rainfed,93.0,0.0,,
Tanintharyi,2013,Pegya(Lima bean),0,0,0,199816069.0,25.94,2304.57,63260000000.0,Ferralsols / Plinthosols / Lateritic,Rainy,Rainfed,93.0,0.0,,
Tanintharyi,2014,Pegya(Lima bean),0,0,0,267590796.3,25.99,1706.05,67459999999.9999,Ferralsols / Plinthosols / Lateritic,Rainy,Rainfed,87.79,0.0,,
Tanintharyi,2015,Pegya(Lima bean),0,0,0,238665203.2,26.43,1914.37,62720000000.0,Ferralsols / Plinthosols / Lateritic,Rainy,Rainfed,90.22,0.0,,
Tanintharyi,2016,Pegya(Lima bean),0,0,0,314946615.9,26.3,1870.73,60120000000.0,Ferralsols / Plinthosols / Lateritic,Rainy,Rainfed,89.71,0.0,,
Tanintharyi,2017,Pegya(Lima bean),0,0,0,304701296.0,26.08,2485.72,63340000000.0,Ferralsols / Plinthosols / Lateritic,Rainy,Rainfed,93.0,0.0,,
Tanintharyi,2018,Pegya(Lima bean),0,0,0,380230690.0,26.23,2273.98,67150000000.0,Ferralsols / Plinthosols / Lateritic,Rainy,Rainfed,93.0,0.0,,
Tanintharyi,2019,Pegya(Lima bean),0,0,0,413574673.8,26.44,1846.93,68700000000.0,Ferralsols / Plinthosols / Lateritic,Rainy,Rainfed,89.4,0.0,,
Tanintharyi,2020,Pegya(Lima bean),0,0,0,391351453.3,26.42,2375.71,78930000000.0,Ferralsols / Plinthosols / Lateritic,Rainy,Rainfed,93.0,0.0,,
Tanintharyi,2021,Pegya(Lima bean),0,0,0,388899650.8,25.97,2896.94,65120000000.0,Ferralsols / Plinthosols / Lateritic,Rainy,Rainfed,93.0,0.0,,
Tanintharyi,2022,Pegya(Lima bean),0,0,0,586761617.0,26.08,2726.62,62240000000.0,Ferralsols / Plinthosols / Lateritic,Rainy,Rainfed,93.0,0.0,,
Tanintharyi,2023,Pegya(Lima bean),0,0,0,586702652.6,26.46,2318.19,64800000000.0,Ferralsols / Plinthosols / Lateritic,Rainy,Rainfed,93.0,0.0,,
Bago,2012,Pegya(Lima bean),0,0,0,243967785.0,27.33,1519.25,59920000000.0,Fluvisols / Gleysols / Alluvial,Rainy,Rainfed,85.31,0.0,,
Bago,2013,Pegya(Lima bean),0,0,0,199816069.0,27.57,1187.91,63260000000.0,Fluvisols / Gleysols / Alluvial,Rainy,Rainfed,81.29,0.0,,
Bago,2014,Pegya(Lima bean),0,0,0,267590796.3,27.57,1054.41,67459999999.9999,Fluvisols / Gleysols / Alluvial,Rainy,Rainfed,79.69,0.0,,
Bago,2015,Pegya(Lima bean),0,0,0,238665203.2,27.77,1256.33,62720000000.0,Fluvisols / Gleysols / Alluvial,Rainy,Rainfed,82.08,0.0,,
Bago,2016,Pegya(Lima bean),0,0,0,314946615.9,27.71,1212.7,60120000000.0,Fluvisols / Gleysols / Alluvial,Rainy,Rainfed,81.56,0.0,,
Bago,2017,Pegya(Lima bean),0,0,0,304701296.0,27.49,1498.81,63340000000.0,Fluvisols / Gleysols / Alluvial,Rainy,Rainfed,85.04,0.0,,
Bago,2018,Pegya(Lima bean),0,0,0,380230690.0,27.43,1690.27,67150000000.0,Fluvisols / Gleysols / Alluvial,Rainy,Rainfed,87.35,0.0,,
Bago,2019,Pegya(Lima bean),0,0,0,413574673.8,28.09,1236.72,68700000000.0,Fluvisols / Gleysols / Alluvial,Rainy,Rainfed,81.78,0.0,,
Bago,2020,Pegya(Lima bean),0,0,0,391351453.3,28.01,1004.02,78930000000.0,Fluvisols / Gleysols / Alluvial,Rainy,Rainfed,79.01,0.0,,
Bago,2021,Pegya(Lima bean),0,0,0,388899650.8,27.31,1749.84,65120000000.0,Fluvisols / Gleysols / Alluvial,Rainy,Rainfed,88.08,0.0,,
Bago,2022,Pegya(Lima bean),0,0,0,586761617.0,27.34,1789.55,62240000000.0,Fluvisols / Gleysols / Alluvial,Rainy,Rainfed,88.55,0.0,,
Bago,2023,Pegya(Lima bean),0,0,0,586702652.6,28.01,1574.66,64800000000.0,Fluvisols / Gleysols / Alluvial,Rainy,Rainfed,85.85,0.0,,
Magway,2012,Pegya(Lima bean),3827,3827,2236,243967785.0,26.79,898.02,59920000000.0,Regosols / Luvisols / Sandy Savanna,Rainy,Rainfed,77.95,0.584269662921348,,
Magway,2013,Pegya(Lima bean),3830,3830,2272,199816069.0,26.96,878.15,63260000000.0,Regosols / Luvisols / Sandy Savanna,Rainy,Rainfed,77.68,0.593211488250652,,
Magway,2014,Pegya(Lima bean),3810,3810,2268,267590796.3,27.42,770.86,67459999999.9999,Regosols / Luvisols / Sandy Savanna,Rainy,Rainfed,76.31,0.595275590551181,,
Magway,2015,Pegya(Lima bean),3816,3816,2281,238665203.2,27.31,734.05,62720000000.0,Regosols / Luvisols / Sandy Savanna,Rainy,Rainfed,75.89,0.597746331236897,,
Magway,2016,Pegya(Lima bean),2631,2631,1590,314946615.9,27.18,941.74,60120000000.0,Regosols / Luvisols / Sandy Savanna,Rainy,Rainfed,78.41,0.604332953249714,,
Magway,2017,Pegya(Lima bean),1509,1509,763,304701296.0,27.02,1107.58,63340000000.0,Regosols / Luvisols / Sandy Savanna,Rainy,Rainfed,80.43,0.505632869449966,,
Magway,2018,Pegya(Lima bean),928,928,451,380230690.0,26.75,839.14,67150000000.0,Regosols / Luvisols / Sandy Savanna,Rainy,Rainfed,77.25,0.485991379310344,,
Magway,2019,Pegya(Lima bean),1049,1049,535,413574673.8,27.7,769.91,68700000000.0,Regosols / Luvisols / Sandy Savanna,Rainy,Rainfed,76.25,0.510009532888465,,
Magway,2020,Pegya(Lima bean),928,870,422,391351453.3,27.15,822.19,78930000000.0,Regosols / Luvisols / Sandy Savanna,Rainy,Rainfed,76.98,0.485057471264367,,
Magway,2021,Pegya(Lima bean),819,819,388,388899650.8,27.77,689.55,65120000000.0,Regosols / Luvisols / Sandy Savanna,Rainy,Rainfed,75.28,0.473748473748473,,
Magway,2022,Pegya(Lima bean),499,499,231,586761617.0,27.6,729.42,62240000000.0,Regosols / Luvisols / Sandy Savanna,Rainy,Rainfed,75.79,0.462925851703406,,
Magway,2023,Pegya(Lima bean),947,947,457,586702652.6,28.03,696.9,64800000000.0,Regosols / Luvisols / Sandy Savanna,Rainy,Rainfed,75.32,0.482576557550158,,
Mandalay,2012,Pegya(Lima bean),19843,19843,6588,243967785.0,27.22,338.39,59920000000.0,Luvisols / Cambisols / Savanna,Rainy,Rainfed,71.16,0.332006249055082,,
Mandalay,2013,Pegya(Lima bean),21221,21221,7596,199816069.0,27.39,350.66,63260000000.0,Luvisols / Cambisols / Savanna,Rainy,Rainfed,71.28,0.35794731633759,,
Mandalay,2014,Pegya(Lima bean),20080,20080,6696,267590796.3,27.89,270.44,67459999999.9999,Luvisols / Cambisols / Savanna,Rainy,Rainfed,70.23,0.333466135458167,,
Mandalay,2015,Pegya(Lima bean),16794,16794,4802,238665203.2,27.41,376.48,62720000000.0,Luvisols / Cambisols / Savanna,Rainy,Rainfed,71.58,0.285935453138025,,
Mandalay,2016,Pegya(Lima bean),16971,16971,5739,314946615.9,27.59,376.98,60120000000.0,Luvisols / Cambisols / Savanna,Rainy,Rainfed,71.56,0.338165105179423,,
Mandalay,2017,Pegya(Lima bean),14553,14553,5080,304701296.0,27.37,461.76,63340000000.0,Luvisols / Cambisols / Savanna,Rainy,Rainfed,72.61,0.349068920497491,,
Mandalay,2018,Pegya(Lima bean),14645,14645,5015,380230690.0,27.03,394.62,67150000000.0,Luvisols / Cambisols / Savanna,Rainy,Rainfed,71.87,0.342437692045066,,
Mandalay,2019,Pegya(Lima bean),15314,15314,5475,413574673.8,27.69,414.37,68700000000.0,Luvisols / Cambisols / Savanna,Rainy,Rainfed,71.99,0.357515998432806,,
Mandalay,2020,Pegya(Lima bean),14754,14754,4924,391351453.3,27.18,470.39,78930000000.0,Luvisols / Cambisols / Savanna,Rainy,Rainfed,72.75,0.333740002711129,,
Mandalay,2021,Pegya(Lima bean),15240,15240,5051,388899650.8,27.8,383.44,65120000000.0,Luvisols / Cambisols / Savanna,Rainy,Rainfed,71.6,0.331430446194225,,
Mandalay,2022,Pegya(Lima bean),22098,22098,7459,586761617.0,27.53,425.89,62240000000.0,Luvisols / Cambisols / Savanna,Rainy,Rainfed,72.16,0.337541858991764,,
Mandalay,2023,Pegya(Lima bean),20601,20601,7020,586702652.6,28.02,431.5,64800000000.0,Luvisols / Cambisols / Savanna,Rainy,Rainfed,72.13,0.340760157273918,,
Mon,2012,Pegya(Lima bean),0,0,0,243967785.0,27.89,2936.46,59920000000.0,Ferralsols / Gleysols / Lateritic,Rainy,Rainfed,93.0,0.0,,
Mon,2013,Pegya(Lima bean),0,0,0,199816069.0,27.75,2472.26,63260000000.0,Ferralsols / Gleysols / Lateritic,Rainy,Rainfed,93.0,0.0,,
Mon,2014,Pegya(Lima bean),0,0,0,267590796.3,27.71,1805.43,67459999999.9999,Ferralsols / Gleysols / Lateritic,Rainy,Rainfed,88.68,0.0,,
Mon,2015,Pegya(Lima bean),0,0,0,238665203.2,27.96,2500.08,62720000000.0,Ferralsols / Gleysols / Lateritic,Rainy,Rainfed,93.0,0.0,,
Mon,2016,Pegya(Lima bean),0,0,0,314946615.9,27.84,2247.31,60120000000.0,Ferralsols / Gleysols / Lateritic,Rainy,Rainfed,93.0,0.0,,
Mon,2017,Pegya(Lima bean),0,0,0,304701296.0,27.68,2729.02,63340000000.0,Ferralsols / Gleysols / Lateritic,Rainy,Rainfed,93.0,0.0,,
Mon,2018,Pegya(Lima bean),0,0,0,380230690.0,27.86,3263.34,67150000000.0,Ferralsols / Gleysols / Lateritic,Rainy,Rainfed,93.0,0.0,,
Mon,2019,Pegya(Lima bean),0,0,0,413574673.8,28.11,2717.71,68700000000.0,Ferralsols / Gleysols / Lateritic,Rainy,Rainfed,93.0,0.0,,
Mon,2020,Pegya(Lima bean),0,0,0,391351453.3,28.13,1897.4,78930000000.0,Ferralsols / Gleysols / Lateritic,Rainy,Rainfed,89.71,0.0,,
Mon,2021,Pegya(Lima bean),0,0,0,388899650.8,27.71,3711.2,65120000000.0,Ferralsols / Gleysols / Lateritic,Rainy,Rainfed,93.0,0.0,,
Mon,2022,Pegya(Lima bean),0,0,0,586761617.0,27.71,3270.72,62240000000.0,Ferralsols / Gleysols / Lateritic,Rainy,Rainfed,93.0,0.0,,
Mon,2023,Pegya(Lima bean),0,0,0,586702652.6,28.09,3075.98,64800000000.0,Ferralsols / Gleysols / Lateritic,Rainy,Rainfed,93.0,0.0,,
Rakhine,2012,Pegya(Lima bean),0,0,0,243967785.0,26.54,2984.69,59920000000.0,Gleysols / Alluvial / Mountainous,Rainy,Rainfed,93.0,0.0,,
Rakhine,2013,Pegya(Lima bean),0,0,0,199816069.0,26.5,3116.99,63260000000.0,Gleysols / Alluvial / Mountainous,Rainy,Rainfed,93.0,0.0,,
Rakhine,2014,Pegya(Lima bean),0,0,0,267590796.3,26.74,2952.75,67459999999.9999,Gleysols / Alluvial / Mountainous,Rainy,Rainfed,93.0,0.0,,
Rakhine,2015,Pegya(Lima bean),0,0,0,238665203.2,26.5,8475.24,62720000000.0,Gleysols / Alluvial / Mountainous,Rainy,Rainfed,93.0,0.0,,
Rakhine,2016,Pegya(Lima bean),0,0,0,314946615.9,26.76,10036.74,60120000000.0,Gleysols / Alluvial / Mountainous,Rainy,Rainfed,93.0,0.0,,
Rakhine,2017,Pegya(Lima bean),0,0,0,304701296.0,26.66,7844.64,63340000000.0,Gleysols / Alluvial / Mountainous,Rainy,Rainfed,93.0,0.0,,
Rakhine,2018,Pegya(Lima bean),0,0,0,380230690.0,26.17,7927.61,67150000000.0,Gleysols / Alluvial / Mountainous,Rainy,Rainfed,93.0,0.0,,
Rakhine,2019,Pegya(Lima bean),0,0,0,413574673.8,26.66,8062.73,68700000000.0,Gleysols / Alluvial / Mountainous,Rainy,Rainfed,93.0,0.0,,
Rakhine,2020,Pegya(Lima bean),0,0,0,391351453.3,26.49,7855.92,78930000000.0,Gleysols / Alluvial / Mountainous,Rainy,Rainfed,93.0,0.0,,
Rakhine,2021,Pegya(Lima bean),0,0,0,388899650.8,26.93,5291.74,65120000000.0,Gleysols / Alluvial / Mountainous,Rainy,Rainfed,93.0,0.0,,
Rakhine,2022,Pegya(Lima bean),0,0,0,586761617.0,26.66,5117.41,62240000000.0,Gleysols / Alluvial / Mountainous,Rainy,Rainfed,93.0,0.0,,
Rakhine,2023,Pegya(Lima bean),0,0,0,586702652.6,26.9,5823.68,64800000000.0,Gleysols / Alluvial / Mountainous,Rainy,Rainfed,93.0,0.0,,
Yangon,2012,Pegya(Lima bean),0,0,0,243967785.0,27.5,1871.61,59920000000.0,Fluvisols / Gleysols / Alluvial,Rainy,Rainfed,89.51,0.0,,
Yangon,2013,Pegya(Lima bean),0,0,0,199816069.0,27.61,1492.96,63260000000.0,Fluvisols / Gleysols / Alluvial,Rainy,Rainfed,84.95,0.0,,
Yangon,2014,Pegya(Lima bean),0,0,0,267590796.3,27.67,1241.48,67459999999.9999,Fluvisols / Gleysols / Alluvial,Rainy,Rainfed,81.92,0.0,,
Yangon,2015,Pegya(Lima bean),0,0,0,238665203.2,27.86,1676.99,62720000000.0,Fluvisols / Gleysols / Alluvial,Rainy,Rainfed,87.11,0.0,,
Yangon,2016,Pegya(Lima bean),0,0,0,314946615.9,27.8,1521.79,60120000000.0,Fluvisols / Gleysols / Alluvial,Rainy,Rainfed,85.26,0.0,,
Yangon,2017,Pegya(Lima bean),0,0,0,304701296.0,27.54,1863.36,63340000000.0,Fluvisols / Gleysols / Alluvial,Rainy,Rainfed,89.4,0.0,,
Yangon,2018,Pegya(Lima bean),0,0,0,380230690.0,27.53,2226.31,67150000000.0,Fluvisols / Gleysols / Alluvial,Rainy,Rainfed,93.0,0.0,,
Yangon,2019,Pegya(Lima bean),0,0,0,413574673.8,28.09,1694.52,68700000000.0,Fluvisols / Gleysols / Alluvial,Rainy,Rainfed,87.28,0.0,,
Yangon,2020,Pegya(Lima bean),0,0,0,391351453.3,28.05,1262.54,78930000000.0,Fluvisols / Gleysols / Alluvial,Rainy,Rainfed,82.1,0.0,,
Yangon,2021,Pegya(Lima bean),0,0,0,388899650.8,27.4,2360.45,65120000000.0,Fluvisols / Gleysols / Alluvial,Rainy,Rainfed,93.0,0.0,,
Yangon,2022,Pegya(Lima bean),0,0,0,586761617.0,27.36,2242.28,62240000000.0,Fluvisols / Gleysols / Alluvial,Rainy,Rainfed,93.0,0.0,,
Yangon,2023,Pegya(Lima bean),0,0,0,586702652.6,28.02,2034.25,64800000000.0,Fluvisols / Gleysols / Alluvial,Rainy,Rainfed,91.37,0.0,,
Shan,2012,Pegya(Lima bean),0,0,0,243967785.0,21.06,671.3,59920000000.0,Acrisols / Ferralsols / Red Earth,Rainy,Rainfed,76.26,0.0,,
Shan,2013,Pegya(Lima bean),0,0,0,199816069.0,21.38,594.52,63260000000.0,Acrisols / Ferralsols / Red Earth,Rainy,Rainfed,75.29,0.0,,
Shan,2014,Pegya(Lima bean),0,0,0,267590796.3,21.82,438.2,67459999999.9999,Acrisols / Ferralsols / Red Earth,Rainy,Rainfed,73.33,0.0,,
Shan,2015,Pegya(Lima bean),0,0,0,238665203.2,21.68,533.62,62720000000.0,Acrisols / Ferralsols / Red Earth,Rainy,Rainfed,74.5,0.0,,
Shan,2016,Pegya(Lima bean),0,0,0,314946615.9,21.69,570.05,60120000000.0,Acrisols / Ferralsols / Red Earth,Rainy,Rainfed,74.94,0.0,,
Shan,2017,Pegya(Lima bean),0,0,0,304701296.0,21.52,759.17,63340000000.0,Acrisols / Ferralsols / Red Earth,Rainy,Rainfed,77.24,0.0,,
Shan,2018,Pegya(Lima bean),0,0,0,380230690.0,21.16,624.01,67150000000.0,Acrisols / Ferralsols / Red Earth,Rainy,Rainfed,75.68,0.0,,
Shan,2019,Pegya(Lima bean),0,0,0,413574673.8,21.87,584.23,68700000000.0,Acrisols / Ferralsols / Red Earth,Rainy,Rainfed,75.07,0.0,,
Shan,2020,Pegya(Lima bean),0,0,0,391351453.3,21.56,626.15,78930000000.0,Acrisols / Ferralsols / Red Earth,Rainy,Rainfed,75.63,0.0,,
Shan,2021,Pegya(Lima bean),0,0,0,388899650.8,21.67,658.43,65120000000.0,Acrisols / Ferralsols / Red Earth,Rainy,Rainfed,76.0,0.0,,
Shan,2022,Pegya(Lima bean),0,0,0,586761617.0,21.33,803.12,62240000000.0,Acrisols / Ferralsols / Red Earth,Rainy,Rainfed,77.8,0.0,,
Shan,2023,Pegya(Lima bean),0,0,0,586702652.6,22.07,653.29,64800000000.0,Acrisols / Ferralsols / Red Earth,Rainy,Rainfed,75.87,0.0,,
Ayeyarwady,2012,Pegya(Lima bean),0,0,0,243967785.0,27.73,892.99,59920000000.0,Fluvisols / Gleysols / Alluvial,Rainy,Rainfed,77.72,0.0,,
Ayeyarwady,2013,Pegya(Lima bean),0,0,0,199816069.0,27.91,705.85,63260000000.0,Fluvisols / Gleysols / Alluvial,Rainy,Rainfed,75.45,0.0,,
Ayeyarwady,2014,Pegya(Lima bean),0,0,0,267590796.3,28.21,606.23,67459999999.9999,Fluvisols / Gleysols / Alluvial,Rainy,Rainfed,74.2,0.0,,
Ayeyarwady,2015,Pegya(Lima bean),0,0,0,238665203.2,28.19,737.44,62720000000.0,Fluvisols / Gleysols / Alluvial,Rainy,Rainfed,75.78,0.0,,
Ayeyarwady,2016,Pegya(Lima bean),0,0,0,314946615.9,28.14,712.5,60120000000.0,Fluvisols / Gleysols / Alluvial,Rainy,Rainfed,75.48,0.0,,
Ayeyarwady,2017,Pegya(Lima bean),0,0,0,304701296.0,28.04,819.64,63340000000.0,Fluvisols / Gleysols / Alluvial,Rainy,Rainfed,76.79,0.0,,
Ayeyarwady,2018,Pegya(Lima bean),0,0,0,380230690.0,27.76,972.0,67150000000.0,Fluvisols / Gleysols / Alluvial,Rainy,Rainfed,78.67,0.0,,
Ayeyarwady,2019,Pegya(Lima bean),0,0,0,413574673.8,28.38,776.06,68700000000.0,Fluvisols / Gleysols / Alluvial,Rainy,Rainfed,76.2,0.0,,
Ayeyarwady,2020,Pegya(Lima bean),0,0,0,391351453.3,28.37,575.94,78930000000.0,Fluvisols / Gleysols / Alluvial,Rainy,Rainfed,73.8,0.0,,
Ayeyarwady,2021,Pegya(Lima bean),0,0,0,388899650.8,27.92,960.87,65120000000.0,Fluvisols / Gleysols / Alluvial,Rainy,Rainfed,78.5,0.0,,
Ayeyarwady,2022,Pegya(Lima bean),0,0,0,586761617.0,27.91,944.56,62240000000.0,Fluvisols / Gleysols / Alluvial,Rainy,Rainfed,78.31,0.0,,
Ayeyarwady,2023,Pegya(Lima bean),0,0,0,586702652.6,28.36,837.63,64800000000.0,Fluvisols / Gleysols / Alluvial,Rainy,Rainfed,76.95,0.0,,
Nay Pyi Taw,2012,Pegya(Lima bean),0,0,0,243967785.0,25.41,942.84,59920000000.0,Cambisols / Fluvisols / Loam,Rainy,Rainfed,78.74,0.0,,
Nay Pyi Taw,2013,Pegya(Lima bean),0,0,0,199816069.0,25.88,775.78,63260000000.0,Cambisols / Fluvisols / Loam,Rainy,Rainfed,76.65,0.0,,
Nay Pyi Taw,2014,Pegya(Lima bean),0,0,0,267590796.3,26.38,617.16,67459999999.9999,Cambisols / Fluvisols / Loam,Rainy,Rainfed,74.66,0.0,,
Nay Pyi Taw,2015,Pegya(Lima bean),0,0,0,238665203.2,26.35,678.38,62720000000.0,Cambisols / Fluvisols / Loam,Rainy,Rainfed,75.4,0.0,,
Nay Pyi Taw,2016,Pegya(Lima bean),0,0,0,314946615.9,26.23,754.74,60120000000.0,Cambisols / Fluvisols / Loam,Rainy,Rainfed,76.34,0.0,,
Nay Pyi Taw,2017,Pegya(Lima bean),0,0,0,304701296.0,26.08,972.17,63340000000.0,Cambisols / Fluvisols / Loam,Rainy,Rainfed,78.97,0.0,,
Nay Pyi Taw,2018,Pegya(Lima bean),0,0,0,380230690.0,25.73,812.09,67150000000.0,Cambisols / Fluvisols / Loam,Rainy,Rainfed,77.11,0.0,,
Nay Pyi Taw,2019,Pegya(Lima bean),0,0,0,413574673.8,26.57,787.91,68700000000.0,Cambisols / Fluvisols / Loam,Rainy,Rainfed,76.67,0.0,,
Nay Pyi Taw,2020,Pegya(Lima bean),0,0,0,391351453.3,26.28,762.33,78930000000.0,Cambisols / Fluvisols / Loam,Rainy,Rainfed,76.42,0.0,,
Nay Pyi Taw,2021,Pegya(Lima bean),0,0,0,388899650.8,26.24,851.96,65120000000.0,Cambisols / Fluvisols / Loam,Rainy,Rainfed,77.5,0.0,,
Nay Pyi Taw,2022,Pegya(Lima bean),0,0,0,586761617.0,25.96,1027.18,62240000000.0,Cambisols / Fluvisols / Loam,Rainy,Rainfed,79.65,0.0,,
Nay Pyi Taw,2023,Pegya(Lima bean),0,0,0,586702652.6,26.62,853.39,64800000000.0,Cambisols / Fluvisols / Loam,Rainy,Rainfed,77.45,0.0,,
Kachin,2012,Panauk(Krishna mung),181,181,48,243967785.0,23.38,914.61,59920000000.0,Acrisols / Red-Brown Lateritic,Rainy,Rainfed,78.77,0.265193370165745,,
Kachin,2013,Panauk(Krishna mung),180,180,50,199816069.0,23.62,939.94,63260000000.0,Acrisols / Red-Brown Lateritic,Rainy,Rainfed,79.03,0.277777777777777,,
Kachin,2014,Panauk(Krishna mung),114,114,32,267590796.3,24.01,833.48,67459999999.9999,Acrisols / Red-Brown Lateritic,Rainy,Rainfed,77.68,0.280701754385964,,
Kachin,2015,Panauk(Krishna mung),133,133,38,238665203.2,23.27,1005.47,62720000000.0,Acrisols / Red-Brown Lateritic,Rainy,Rainfed,79.88,0.285714285714285,,
Kachin,2016,Panauk(Krishna mung),100,100,28,314946615.9,23.17,1224.63,60120000000.0,Acrisols / Red-Brown Lateritic,Rainy,Rainfed,82.52,0.28,,
Kachin,2017,Panauk(Krishna mung),130,130,37,304701296.0,23.28,1125.21,63340000000.0,Acrisols / Red-Brown Lateritic,Rainy,Rainfed,81.31,0.284615384615384,,
Kachin,2018,Panauk(Krishna mung),58,58,16,380230690.0,22.85,1162.0,67150000000.0,Acrisols / Red-Brown Lateritic,Rainy,Rainfed,81.83,0.275862068965517,,
Kachin,2019,Panauk(Krishna mung),60,60,16,413574673.8,23.49,1042.44,68700000000.0,Acrisols / Red-Brown Lateritic,Rainy,Rainfed,80.28,0.266666666666666,,
Kachin,2020,Panauk(Krishna mung),60,60,16,391351453.3,22.87,1329.91,78930000000.0,Acrisols / Red-Brown Lateritic,Rainy,Rainfed,83.84,0.266666666666666,,
Kachin,2021,Panauk(Krishna mung),75,75,20,388899650.8,23.65,1005.31,65120000000.0,Acrisols / Red-Brown Lateritic,Rainy,Rainfed,79.81,0.266666666666666,,
Kachin,2022,Panauk(Krishna mung),67,67,18,586761617.0,22.99,1256.07,62240000000.0,Acrisols / Red-Brown Lateritic,Rainy,Rainfed,82.93,0.26865671641791,,
Kachin,2023,Panauk(Krishna mung),49,49,12,586702652.6,23.84,1183.85,64800000000.0,Acrisols / Red-Brown Lateritic,Rainy,Rainfed,81.91,0.244897959183673,,
Kayah,2012,Panauk(Krishna mung),0,0,0,243967785.0,22.51,1604.82,59920000000.0,Luvisols / Red Earth,Rainy,Rainfed,87.21,0.0,,
Kayah,2013,Panauk(Krishna mung),0,0,0,199816069.0,22.71,1317.07,63260000000.0,Luvisols / Red Earth,Rainy,Rainfed,83.72,0.0,,
Kayah,2014,Panauk(Krishna mung),0,0,0,267590796.3,23.02,1089.18,67459999999.9999,Luvisols / Red Earth,Rainy,Rainfed,80.93,0.0,,
Kayah,2015,Panauk(Krishna mung),0,0,0,238665203.2,23.36,1113.03,62720000000.0,Luvisols / Red Earth,Rainy,Rainfed,81.15,0.0,,
Kayah,2016,Panauk(Krishna mung),0,0,0,314946615.9,23.41,1222.88,60120000000.0,Luvisols / Red Earth,Rainy,Rainfed,82.46,0.0,,
Kayah,2017,Panauk(Krishna mung),0,0,0,304701296.0,23.16,1567.54,63340000000.0,Luvisols / Red Earth,Rainy,Rainfed,86.64,0.0,,
Kayah,2018,Panauk(Krishna mung),0,0,0,380230690.0,22.69,1316.55,67150000000.0,Luvisols / Red Earth,Rainy,Rainfed,83.71,0.0,,
Kayah,2019,Panauk(Krishna mung),0,0,0,413574673.8,23.24,1282.79,68700000000.0,Luvisols / Red Earth,Rainy,Rainfed,83.21,0.0,,
Kayah,2020,Panauk(Krishna mung),0,0,0,391351453.3,23.16,1222.66,78930000000.0,Luvisols / Red Earth,Rainy,Rainfed,82.5,0.0,,
Kayah,2021,Panauk(Krishna mung),0,0,0,388899650.8,23.01,1440.62,65120000000.0,Luvisols / Red Earth,Rainy,Rainfed,85.15,0.0,,
Kayah,2022,Panauk(Krishna mung),0,0,0,586761617.0,22.94,1814.13,62240000000.0,Luvisols / Red Earth,Rainy,Rainfed,89.64,0.0,,
Kayah,2023,Panauk(Krishna mung),0,0,0,586702652.6,23.4,1417.46,64800000000.0,Luvisols / Red Earth,Rainy,Rainfed,84.8,0.0,,
Kayin,2012,Panauk(Krishna mung),0,0,0,243967785.0,26.77,2467.92,59920000000.0,Fluvisols / Gleysols / Alluvial,Rainy,Rainfed,93.0,0.0,,
Kayin,2013,Panauk(Krishna mung),0,0,0,199816069.0,26.67,2022.51,63260000000.0,Fluvisols / Gleysols / Alluvial,Rainy,Rainfed,91.47,0.0,,
Kayin,2014,Panauk(Krishna mung),0,0,0,267590796.3,26.61,1604.54,67459999999.9999,Fluvisols / Gleysols / Alluvial,Rainy,Rainfed,86.46,0.0,,
Kayin,2015,Panauk(Krishna mung),0,0,0,238665203.2,26.97,1981.43,62720000000.0,Fluvisols / Gleysols / Alluvial,Rainy,Rainfed,90.92,0.0,,
Kayin,2016,Panauk(Krishna mung),0,0,0,314946615.9,26.89,1804.66,60120000000.0,Fluvisols / Gleysols / Alluvial,Rainy,Rainfed,88.82,0.0,,
Kayin,2017,Panauk(Krishna mung),0,0,0,304701296.0,26.65,2185.47,63340000000.0,Fluvisols / Gleysols / Alluvial,Rainy,Rainfed,93.0,0.0,,
Kayin,2018,Panauk(Krishna mung),0,0,0,380230690.0,26.73,2484.66,67150000000.0,Fluvisols / Gleysols / Alluvial,Rainy,Rainfed,93.0,0.0,,
Kayin,2019,Panauk(Krishna mung),0,0,0,413574673.8,26.95,2087.25,68700000000.0,Fluvisols / Gleysols / Alluvial,Rainy,Rainfed,92.2,0.0,,
Kayin,2020,Panauk(Krishna mung),0,0,0,391351453.3,27.12,1531.95,78930000000.0,Fluvisols / Gleysols / Alluvial,Rainy,Rainfed,85.5,0.0,,
Kayin,2021,Panauk(Krishna mung),0,0,0,388899650.8,26.67,2969.17,65120000000.0,Fluvisols / Gleysols / Alluvial,Rainy,Rainfed,93.0,0.0,,
Kayin,2022,Panauk(Krishna mung),0,0,0,586761617.0,26.62,2622.64,62240000000.0,Fluvisols / Gleysols / Alluvial,Rainy,Rainfed,93.0,0.0,,
Kayin,2023,Panauk(Krishna mung),0,0,0,586702652.6,26.96,2436.25,64800000000.0,Fluvisols / Gleysols / Alluvial,Rainy,Rainfed,93.0,0.0,,
Chin,2012,Panauk(Krishna mung),0,0,0,243967785.0,22.62,716.7,59920000000.0,Cambisols / Mountainous Soil,Rainy,Rainfed,76.53,0.0,,
Chin,2013,Panauk(Krishna mung),0,0,0,199816069.0,22.48,814.73,63260000000.0,Cambisols / Mountainous Soil,Rainy,Rainfed,77.73,0.0,,
Chin,2014,Panauk(Krishna mung),0,0,0,267590796.3,22.97,716.65,67459999999.9999,Cambisols / Mountainous Soil,Rainy,Rainfed,76.47,0.0,,
Chin,2015,Panauk(Krishna mung),0,0,0,238665203.2,22.61,913.76,62720000000.0,Cambisols / Mountainous Soil,Rainy,Rainfed,78.9,0.0,,
Chin,2016,Panauk(Krishna mung),0,0,0,314946615.9,22.87,965.57,60120000000.0,Cambisols / Mountainous Soil,Rainy,Rainfed,79.47,0.0,,
Chin,2017,Panauk(Krishna mung),0,0,0,304701296.0,22.26,1578.85,63340000000.0,Cambisols / Mountainous Soil,Rainy,Rainfed,86.94,0.0,,
Chin,2018,Panauk(Krishna mung),0,0,0,380230690.0,21.95,1160.88,67150000000.0,Cambisols / Mountainous Soil,Rainy,Rainfed,81.98,0.0,,
Chin,2019,Panauk(Krishna mung),0,0,0,413574673.8,22.53,1254.78,68700000000.0,Cambisols / Mountainous Soil,Rainy,Rainfed,83.0,0.0,,
Chin,2020,Panauk(Krishna mung),0,0,0,391351453.3,22.26,1038.88,78930000000.0,Cambisols / Mountainous Soil,Rainy,Rainfed,80.46,0.0,,
Chin,2021,Panauk(Krishna mung),0,0,0,388899650.8,22.92,753.21,65120000000.0,Cambisols / Mountainous Soil,Rainy,Rainfed,76.91,0.0,,
Chin,2022,Panauk(Krishna mung),0,0,0,586761617.0,22.64,714.38,62240000000.0,Cambisols / Mountainous Soil,Rainy,Rainfed,76.5,0.0,,
Chin,2023,Panauk(Krishna mung),0,0,0,586702652.6,23.13,770.15,64800000000.0,Cambisols / Mountainous Soil,Rainy,Rainfed,77.08,0.0,,
Sagaing,2012,Panauk(Krishna mung),16743,16743,3664,243967785.0,28.48,302.6,59920000000.0,Luvisols / Cambisols / Savanna,Rainy,Rainfed,70.5,0.218837723227617,,
Sagaing,2013,Panauk(Krishna mung),16796,16796,4586,199816069.0,28.47,362.75,63260000000.0,Luvisols / Cambisols / Savanna,Rainy,Rainfed,71.23,0.273041200285782,,
Sagaing,2014,Panauk(Krishna mung),16737,16737,4563,267590796.3,29.02,272.71,67459999999.9999,Luvisols / Cambisols / Savanna,Rainy,Rainfed,70.05,0.27262950349525,,
Sagaing,2015,Panauk(Krishna mung),16816,16816,4599,238665203.2,28.54,378.91,62720000000.0,Luvisols / Cambisols / Savanna,Rainy,Rainfed,71.41,0.273489533777354,,
Sagaing,2016,Panauk(Krishna mung),16847,16847,4636,314946615.9,28.61,466.45,60120000000.0,Luvisols / Cambisols / Savanna,Rainy,Rainfed,72.45,0.275182525078649,,
Sagaing,2017,Panauk(Krishna mung),16454,16454,4422,304701296.0,28.07,637.58,63340000000.0,Luvisols / Cambisols / Savanna,Rainy,Rainfed,74.6,0.268749240306308,,
Sagaing,2018,Panauk(Krishna mung),16771,16771,4498,380230690.0,27.88,475.8,67150000000.0,Luvisols / Cambisols / Savanna,Rainy,Rainfed,72.69,0.268201061355912,,
Sagaing,2019,Panauk(Krishna mung),16842,16842,4746,413574673.8,28.67,477.22,68700000000.0,Luvisols / Cambisols / Savanna,Rainy,Rainfed,72.57,0.281795511221945,,
Sagaing,2020,Panauk(Krishna mung),18584,18584,5101,391351453.3,28.0,552.96,78930000000.0,Luvisols / Cambisols / Savanna,Rainy,Rainfed,73.6,0.274483426603529,,
Sagaing,2021,Panauk(Krishna mung),18646,18646,5127,388899650.8,29.14,338.14,65120000000.0,Luvisols / Cambisols / Savanna,Rainy,Rainfed,70.81,0.274965139976402,,
Sagaing,2022,Panauk(Krishna mung),19501,19501,5241,586761617.0,28.78,375.7,62240000000.0,Luvisols / Cambisols / Savanna,Rainy,Rainfed,71.33,0.268755448438541,,
Sagaing,2023,Panauk(Krishna mung),19610,19610,5218,586702652.6,29.19,387.79,64800000000.0,Luvisols / Cambisols / Savanna,Rainy,Rainfed,71.4,0.266088730239673,,
Tanintharyi,2012,Panauk(Krishna mung),0,0,0,243967785.0,26.24,2388.49,59920000000.0,Ferralsols / Plinthosols / Lateritic,Rainy,Rainfed,93.0,0.0,,
Tanintharyi,2013,Panauk(Krishna mung),0,0,0,199816069.0,25.94,2304.57,63260000000.0,Ferralsols / Plinthosols / Lateritic,Rainy,Rainfed,93.0,0.0,,
Tanintharyi,2014,Panauk(Krishna mung),0,0,0,267590796.3,25.99,1706.05,67459999999.9999,Ferralsols / Plinthosols / Lateritic,Rainy,Rainfed,87.79,0.0,,
Tanintharyi,2015,Panauk(Krishna mung),0,0,0,238665203.2,26.43,1914.37,62720000000.0,Ferralsols / Plinthosols / Lateritic,Rainy,Rainfed,90.22,0.0,,
Tanintharyi,2016,Panauk(Krishna mung),0,0,0,314946615.9,26.3,1870.73,60120000000.0,Ferralsols / Plinthosols / Lateritic,Rainy,Rainfed,89.71,0.0,,
Tanintharyi,2017,Panauk(Krishna mung),0,0,0,304701296.0,26.08,2485.72,63340000000.0,Ferralsols / Plinthosols / Lateritic,Rainy,Rainfed,93.0,0.0,,
Tanintharyi,2018,Panauk(Krishna mung),0,0,0,380230690.0,26.23,2273.98,67150000000.0,Ferralsols / Plinthosols / Lateritic,Rainy,Rainfed,93.0,0.0,,
Tanintharyi,2019,Panauk(Krishna mung),0,0,0,413574673.8,26.44,1846.93,68700000000.0,Ferralsols / Plinthosols / Lateritic,Rainy,Rainfed,89.4,0.0,,
Tanintharyi,2020,Panauk(Krishna mung),0,0,0,391351453.3,26.42,2375.71,78930000000.0,Ferralsols / Plinthosols / Lateritic,Rainy,Rainfed,93.0,0.0,,
Tanintharyi,2021,Panauk(Krishna mung),0,0,0,388899650.8,25.97,2896.94,65120000000.0,Ferralsols / Plinthosols / Lateritic,Rainy,Rainfed,93.0,0.0,,
Tanintharyi,2022,Panauk(Krishna mung),0,0,0,586761617.0,26.08,2726.62,62240000000.0,Ferralsols / Plinthosols / Lateritic,Rainy,Rainfed,93.0,0.0,,
Tanintharyi,2023,Panauk(Krishna mung),0,0,0,586702652.6,26.46,2318.19,64800000000.0,Ferralsols / Plinthosols / Lateritic,Rainy,Rainfed,93.0,0.0,,
Bago,2012,Panauk(Krishna mung),21146,21146,8046,243967785.0,27.33,1519.25,59920000000.0,Fluvisols / Gleysols / Alluvial,Rainy,Rainfed,85.31,0.380497493615813,,
Bago,2013,Panauk(Krishna mung),27572,27572,11158,199816069.0,27.57,1187.91,63260000000.0,Fluvisols / Gleysols / Alluvial,Rainy,Rainfed,81.29,0.404685913245321,,
Bago,2014,Panauk(Krishna mung),28071,28071,11454,267590796.3,27.57,1054.41,67459999999.9999,Fluvisols / Gleysols / Alluvial,Rainy,Rainfed,79.69,0.408036763920059,,
Bago,2015,Panauk(Krishna mung),28011,28011,11255,238665203.2,27.77,1256.33,62720000000.0,Fluvisols / Gleysols / Alluvial,Rainy,Rainfed,82.08,0.401806433186962,,
Bago,2016,Panauk(Krishna mung),26836,26836,10987,314946615.9,27.71,1212.7,60120000000.0,Fluvisols / Gleysols / Alluvial,Rainy,Rainfed,81.56,0.409412729169771,,
Bago,2017,Panauk(Krishna mung),28508,28508,11896,304701296.0,27.49,1498.81,63340000000.0,Fluvisols / Gleysols / Alluvial,Rainy,Rainfed,85.04,0.417286375754174,,
Bago,2018,Panauk(Krishna mung),21881,21881,8919,380230690.0,27.43,1690.27,67150000000.0,Fluvisols / Gleysols / Alluvial,Rainy,Rainfed,87.35,0.407613911612814,,
Bago,2019,Panauk(Krishna mung),21449,21449,8863,413574673.8,28.09,1236.72,68700000000.0,Fluvisols / Gleysols / Alluvial,Rainy,Rainfed,81.78,0.413212737190545,,
Bago,2020,Panauk(Krishna mung),20547,20547,8436,391351453.3,28.01,1004.02,78930000000.0,Fluvisols / Gleysols / Alluvial,Rainy,Rainfed,79.01,0.410570886260768,,
Bago,2021,Panauk(Krishna mung),20611,20611,8487,388899650.8,27.31,1749.84,65120000000.0,Fluvisols / Gleysols / Alluvial,Rainy,Rainfed,88.08,0.411770413856678,,
Bago,2022,Panauk(Krishna mung),20307,20307,8382,586761617.0,27.34,1789.55,62240000000.0,Fluvisols / Gleysols / Alluvial,Rainy,Rainfed,88.55,0.412764071502437,,
Bago,2023,Panauk(Krishna mung),47557,47557,19551,586702652.6,28.01,1574.66,64800000000.0,Fluvisols / Gleysols / Alluvial,Rainy,Rainfed,85.85,0.411106671993607,,
Magway,2012,Panauk(Krishna mung),213316,213316,59803,243967785.0,26.79,898.02,59920000000.0,Regosols / Luvisols / Sandy Savanna,Rainy,Rainfed,77.95,0.280349340883946,,
Magway,2013,Panauk(Krishna mung),214564,214564,61285,199816069.0,26.96,878.15,63260000000.0,Regosols / Luvisols / Sandy Savanna,Rainy,Rainfed,77.68,0.285625734046718,,
Magway,2014,Panauk(Krishna mung),217820,217820,62981,267590796.3,27.42,770.86,67459999999.9999,Regosols / Luvisols / Sandy Savanna,Rainy,Rainfed,76.31,0.289142411165182,,
Magway,2015,Panauk(Krishna mung),221010,221010,64863,238665203.2,27.31,734.05,62720000000.0,Regosols / Luvisols / Sandy Savanna,Rainy,Rainfed,75.89,0.293484457716845,,
Magway,2016,Panauk(Krishna mung),207361,207361,61219,314946615.9,27.18,941.74,60120000000.0,Regosols / Luvisols / Sandy Savanna,Rainy,Rainfed,78.41,0.295229093223894,,
Magway,2017,Panauk(Krishna mung),165610,165610,45980,304701296.0,27.02,1107.58,63340000000.0,Regosols / Luvisols / Sandy Savanna,Rainy,Rainfed,80.43,0.277640239115995,,
Magway,2018,Panauk(Krishna mung),92168,92164,22158,380230690.0,26.75,839.14,67150000000.0,Regosols / Luvisols / Sandy Savanna,Rainy,Rainfed,77.25,0.240419252636604,,
Magway,2019,Panauk(Krishna mung),89699,89699,20840,413574673.8,27.7,769.91,68700000000.0,Regosols / Luvisols / Sandy Savanna,Rainy,Rainfed,76.25,0.232332578958516,,
Magway,2020,Panauk(Krishna mung),74425,74425,16135,391351453.3,27.15,822.19,78930000000.0,Regosols / Luvisols / Sandy Savanna,Rainy,Rainfed,76.98,0.216795431642593,,
Magway,2021,Panauk(Krishna mung),76926,76926,16298,388899650.8,27.77,689.55,65120000000.0,Regosols / Luvisols / Sandy Savanna,Rainy,Rainfed,75.28,0.211865949093934,,
Magway,2022,Panauk(Krishna mung),55073,55072,12397,586761617.0,27.6,729.42,62240000000.0,Regosols / Luvisols / Sandy Savanna,Rainy,Rainfed,75.79,0.22510531667635,,
Magway,2023,Panauk(Krishna mung),61887,61887,14843,586702652.6,28.03,696.9,64800000000.0,Regosols / Luvisols / Sandy Savanna,Rainy,Rainfed,75.32,0.239840354193934,,
Mandalay,2012,Panauk(Krishna mung),72821,72821,13007,243967785.0,27.22,338.39,59920000000.0,Luvisols / Cambisols / Savanna,Rainy,Rainfed,71.16,0.178616058554537,,
Mandalay,2013,Panauk(Krishna mung),72059,72059,12423,199816069.0,27.39,350.66,63260000000.0,Luvisols / Cambisols / Savanna,Rainy,Rainfed,71.28,0.172400394121483,,
Mandalay,2014,Panauk(Krishna mung),75150,75031,14548,267590796.3,27.89,270.44,67459999999.9999,Luvisols / Cambisols / Savanna,Rainy,Rainfed,70.23,0.193893190814463,,
Mandalay,2015,Panauk(Krishna mung),68201,68201,13066,238665203.2,27.41,376.48,62720000000.0,Luvisols / Cambisols / Savanna,Rainy,Rainfed,71.58,0.19158076861043,,
Mandalay,2016,Panauk(Krishna mung),62614,62614,10794,314946615.9,27.59,376.98,60120000000.0,Luvisols / Cambisols / Savanna,Rainy,Rainfed,71.56,0.172389561439933,,
Mandalay,2017,Panauk(Krishna mung),58506,58506,9591,304701296.0,27.37,461.76,63340000000.0,Luvisols / Cambisols / Savanna,Rainy,Rainfed,72.61,0.163931904420059,,
Mandalay,2018,Panauk(Krishna mung),56688,56688,9387,380230690.0,27.03,394.62,67150000000.0,Luvisols / Cambisols / Savanna,Rainy,Rainfed,71.87,0.165590601185436,,
Mandalay,2019,Panauk(Krishna mung),54801,54801,8820,413574673.8,27.69,414.37,68700000000.0,Luvisols / Cambisols / Savanna,Rainy,Rainfed,71.99,0.160945968139267,,
Mandalay,2020,Panauk(Krishna mung),41317,41317,5983,391351453.3,27.18,470.39,78930000000.0,Luvisols / Cambisols / Savanna,Rainy,Rainfed,72.75,0.144807222208776,,
Mandalay,2021,Panauk(Krishna mung),45346,45346,7202,388899650.8,27.8,383.44,65120000000.0,Luvisols / Cambisols / Savanna,Rainy,Rainfed,71.6,0.158823269968685,,
Mandalay,2022,Panauk(Krishna mung),35263,35263,5497,586761617.0,27.53,425.89,62240000000.0,Luvisols / Cambisols / Savanna,Rainy,Rainfed,72.16,0.155885772622862,,
Mandalay,2023,Panauk(Krishna mung),30468,30468,4785,586702652.6,28.02,431.5,64800000000.0,Luvisols / Cambisols / Savanna,Rainy,Rainfed,72.13,0.157050019692792,,
Mon,2012,Panauk(Krishna mung),0,0,0,243967785.0,27.89,2936.46,59920000000.0,Ferralsols / Gleysols / Lateritic,Rainy,Rainfed,93.0,0.0,,
Mon,2013,Panauk(Krishna mung),0,0,0,199816069.0,27.75,2472.26,63260000000.0,Ferralsols / Gleysols / Lateritic,Rainy,Rainfed,93.0,0.0,,
Mon,2014,Panauk(Krishna mung),0,0,0,267590796.3,27.71,1805.43,67459999999.9999,Ferralsols / Gleysols / Lateritic,Rainy,Rainfed,88.68,0.0,,
Mon,2015,Panauk(Krishna mung),0,0,0,238665203.2,27.96,2500.08,62720000000.0,Ferralsols / Gleysols / Lateritic,Rainy,Rainfed,93.0,0.0,,
Mon,2016,Panauk(Krishna mung),0,0,0,314946615.9,27.84,2247.31,60120000000.0,Ferralsols / Gleysols / Lateritic,Rainy,Rainfed,93.0,0.0,,
Mon,2017,Panauk(Krishna mung),0,0,0,304701296.0,27.68,2729.02,63340000000.0,Ferralsols / Gleysols / Lateritic,Rainy,Rainfed,93.0,0.0,,
Mon,2018,Panauk(Krishna mung),0,0,0,380230690.0,27.86,3263.34,67150000000.0,Ferralsols / Gleysols / Lateritic,Rainy,Rainfed,93.0,0.0,,
Mon,2019,Panauk(Krishna mung),0,0,0,413574673.8,28.11,2717.71,68700000000.0,Ferralsols / Gleysols / Lateritic,Rainy,Rainfed,93.0,0.0,,
Mon,2020,Panauk(Krishna mung),0,0,0,391351453.3,28.13,1897.4,78930000000.0,Ferralsols / Gleysols / Lateritic,Rainy,Rainfed,89.71,0.0,,
Mon,2021,Panauk(Krishna mung),0,0,0,388899650.8,27.71,3711.2,65120000000.0,Ferralsols / Gleysols / Lateritic,Rainy,Rainfed,93.0,0.0,,
Mon,2022,Panauk(Krishna mung),0,0,0,586761617.0,27.71,3270.72,62240000000.0,Ferralsols / Gleysols / Lateritic,Rainy,Rainfed,93.0,0.0,,
Mon,2023,Panauk(Krishna mung),0,0,0,586702652.6,28.09,3075.98,64800000000.0,Ferralsols / Gleysols / Lateritic,Rainy,Rainfed,93.0,0.0,,
Rakhine,2012,Panauk(Krishna mung),0,0,0,243967785.0,26.54,2984.69,59920000000.0,Gleysols / Alluvial / Mountainous,Rainy,Rainfed,93.0,0.0,,
Rakhine,2013,Panauk(Krishna mung),0,0,0,199816069.0,26.5,3116.99,63260000000.0,Gleysols / Alluvial / Mountainous,Rainy,Rainfed,93.0,0.0,,
Rakhine,2014,Panauk(Krishna mung),0,0,0,267590796.3,26.74,2952.75,67459999999.9999,Gleysols / Alluvial / Mountainous,Rainy,Rainfed,93.0,0.0,,
Rakhine,2015,Panauk(Krishna mung),0,0,0,238665203.2,26.5,8475.24,62720000000.0,Gleysols / Alluvial / Mountainous,Rainy,Rainfed,93.0,0.0,,
Rakhine,2016,Panauk(Krishna mung),0,0,0,314946615.9,26.76,10036.74,60120000000.0,Gleysols / Alluvial / Mountainous,Rainy,Rainfed,93.0,0.0,,
Rakhine,2017,Panauk(Krishna mung),0,0,0,304701296.0,26.66,7844.64,63340000000.0,Gleysols / Alluvial / Mountainous,Rainy,Rainfed,93.0,0.0,,
Rakhine,2018,Panauk(Krishna mung),0,0,0,380230690.0,26.17,7927.61,67150000000.0,Gleysols / Alluvial / Mountainous,Rainy,Rainfed,93.0,0.0,,
Rakhine,2019,Panauk(Krishna mung),0,0,0,413574673.8,26.66,8062.73,68700000000.0,Gleysols / Alluvial / Mountainous,Rainy,Rainfed,93.0,0.0,,
Rakhine,2020,Panauk(Krishna mung),0,0,0,391351453.3,26.49,7855.92,78930000000.0,Gleysols / Alluvial / Mountainous,Rainy,Rainfed,93.0,0.0,,
Rakhine,2021,Panauk(Krishna mung),0,0,0,388899650.8,26.93,5291.74,65120000000.0,Gleysols / Alluvial / Mountainous,Rainy,Rainfed,93.0,0.0,,
Rakhine,2022,Panauk(Krishna mung),0,0,0,586761617.0,26.66,5117.41,62240000000.0,Gleysols / Alluvial / Mountainous,Rainy,Rainfed,93.0,0.0,,
Rakhine,2023,Panauk(Krishna mung),0,0,0,586702652.6,26.9,5823.68,64800000000.0,Gleysols / Alluvial / Mountainous,Rainy,Rainfed,93.0,0.0,,
Yangon,2012,Panauk(Krishna mung),0,0,0,243967785.0,27.5,1871.61,59920000000.0,Fluvisols / Gleysols / Alluvial,Rainy,Rainfed,89.51,0.0,,
Yangon,2013,Panauk(Krishna mung),0,0,0,199816069.0,27.61,1492.96,63260000000.0,Fluvisols / Gleysols / Alluvial,Rainy,Rainfed,84.95,0.0,,
Yangon,2014,Panauk(Krishna mung),0,0,0,267590796.3,27.67,1241.48,67459999999.9999,Fluvisols / Gleysols / Alluvial,Rainy,Rainfed,81.92,0.0,,
Yangon,2015,Panauk(Krishna mung),0,0,0,238665203.2,27.86,1676.99,62720000000.0,Fluvisols / Gleysols / Alluvial,Rainy,Rainfed,87.11,0.0,,
Yangon,2016,Panauk(Krishna mung),0,0,0,314946615.9,27.8,1521.79,60120000000.0,Fluvisols / Gleysols / Alluvial,Rainy,Rainfed,85.26,0.0,,
Yangon,2017,Panauk(Krishna mung),0,0,0,304701296.0,27.54,1863.36,63340000000.0,Fluvisols / Gleysols / Alluvial,Rainy,Rainfed,89.4,0.0,,
Yangon,2018,Panauk(Krishna mung),0,0,0,380230690.0,27.53,2226.31,67150000000.0,Fluvisols / Gleysols / Alluvial,Rainy,Rainfed,93.0,0.0,,
Yangon,2019,Panauk(Krishna mung),0,0,0,413574673.8,28.09,1694.52,68700000000.0,Fluvisols / Gleysols / Alluvial,Rainy,Rainfed,87.28,0.0,,
Yangon,2020,Panauk(Krishna mung),0,0,0,391351453.3,28.05,1262.54,78930000000.0,Fluvisols / Gleysols / Alluvial,Rainy,Rainfed,82.1,0.0,,
Yangon,2021,Panauk(Krishna mung),0,0,0,388899650.8,27.4,2360.45,65120000000.0,Fluvisols / Gleysols / Alluvial,Rainy,Rainfed,93.0,0.0,,
Yangon,2022,Panauk(Krishna mung),0,0,0,586761617.0,27.36,2242.28,62240000000.0,Fluvisols / Gleysols / Alluvial,Rainy,Rainfed,93.0,0.0,,
Yangon,2023,Panauk(Krishna mung),0,0,0,586702652.6,28.02,2034.25,64800000000.0,Fluvisols / Gleysols / Alluvial,Rainy,Rainfed,91.37,0.0,,
Shan,2012,Panauk(Krishna mung),177,177,54,243967785.0,21.06,671.3,59920000000.0,Acrisols / Ferralsols / Red Earth,Rainy,Rainfed,76.26,0.305084745762711,,
Shan,2013,Panauk(Krishna mung),183,183,55,199816069.0,21.38,594.52,63260000000.0,Acrisols / Ferralsols / Red Earth,Rainy,Rainfed,75.29,0.300546448087431,,
Shan,2014,Panauk(Krishna mung),183,183,56,267590796.3,21.82,438.2,67459999999.9999,Acrisols / Ferralsols / Red Earth,Rainy,Rainfed,73.33,0.306010928961748,,
Shan,2015,Panauk(Krishna mung),183,183,56,238665203.2,21.68,533.62,62720000000.0,Acrisols / Ferralsols / Red Earth,Rainy,Rainfed,74.5,0.306010928961748,,
Shan,2016,Panauk(Krishna mung),183,183,55,314946615.9,21.69,570.05,60120000000.0,Acrisols / Ferralsols / Red Earth,Rainy,Rainfed,74.94,0.300546448087431,,
Shan,2017,Panauk(Krishna mung),183,183,56,304701296.0,21.52,759.17,63340000000.0,Acrisols / Ferralsols / Red Earth,Rainy,Rainfed,77.24,0.306010928961748,,
Shan,2018,Panauk(Krishna mung),241,241,75,380230690.0,21.16,624.01,67150000000.0,Acrisols / Ferralsols / Red Earth,Rainy,Rainfed,75.68,0.311203319502074,,
Shan,2019,Panauk(Krishna mung),243,243,75,413574673.8,21.87,584.23,68700000000.0,Acrisols / Ferralsols / Red Earth,Rainy,Rainfed,75.07,0.308641975308641,,
Shan,2020,Panauk(Krishna mung),243,243,75,391351453.3,21.56,626.15,78930000000.0,Acrisols / Ferralsols / Red Earth,Rainy,Rainfed,75.63,0.308641975308641,,
Shan,2021,Panauk(Krishna mung),243,243,75,388899650.8,21.67,658.43,65120000000.0,Acrisols / Ferralsols / Red Earth,Rainy,Rainfed,76.0,0.308641975308641,,
Shan,2022,Panauk(Krishna mung),243,243,76,586761617.0,21.33,803.12,62240000000.0,Acrisols / Ferralsols / Red Earth,Rainy,Rainfed,77.8,0.31275720164609,,
Shan,2023,Panauk(Krishna mung),243,243,76,586702652.6,22.07,653.29,64800000000.0,Acrisols / Ferralsols / Red Earth,Rainy,Rainfed,75.87,0.31275720164609,,
Ayeyarwady,2012,Panauk(Krishna mung),7374,7374,2462,243967785.0,27.73,892.99,59920000000.0,Fluvisols / Gleysols / Alluvial,Rainy,Rainfed,77.72,0.333875779766748,,
Ayeyarwady,2013,Panauk(Krishna mung),6933,6933,2383,199816069.0,27.91,705.85,63260000000.0,Fluvisols / Gleysols / Alluvial,Rainy,Rainfed,75.45,0.343718448002307,,
Ayeyarwady,2014,Panauk(Krishna mung),6586,6586,2318,267590796.3,28.21,606.23,67459999999.9999,Fluvisols / Gleysols / Alluvial,Rainy,Rainfed,74.2,0.351958700273307,,
Ayeyarwady,2015,Panauk(Krishna mung),6745,6745,2417,238665203.2,28.19,737.44,62720000000.0,Fluvisols / Gleysols / Alluvial,Rainy,Rainfed,75.78,0.358339510748702,,
Ayeyarwady,2016,Panauk(Krishna mung),6172,6172,2196,314946615.9,28.14,712.5,60120000000.0,Fluvisols / Gleysols / Alluvial,Rainy,Rainfed,75.48,0.355800388852884,,
Ayeyarwady,2017,Panauk(Krishna mung),6296,6296,2230,304701296.0,28.04,819.64,63340000000.0,Fluvisols / Gleysols / Alluvial,Rainy,Rainfed,76.79,0.354193138500635,,
Ayeyarwady,2018,Panauk(Krishna mung),6275,6275,2238,380230690.0,27.76,972.0,67150000000.0,Fluvisols / Gleysols / Alluvial,Rainy,Rainfed,78.67,0.356653386454183,,
Ayeyarwady,2019,Panauk(Krishna mung),6199,6199,2226,413574673.8,28.38,776.06,68700000000.0,Fluvisols / Gleysols / Alluvial,Rainy,Rainfed,76.2,0.359090175834812,,
Ayeyarwady,2020,Panauk(Krishna mung),6147,6147,2204,391351453.3,28.37,575.94,78930000000.0,Fluvisols / Gleysols / Alluvial,Rainy,Rainfed,73.8,0.358548885635269,,
Ayeyarwady,2021,Panauk(Krishna mung),6123,6123,2212,388899650.8,27.92,960.87,65120000000.0,Fluvisols / Gleysols / Alluvial,Rainy,Rainfed,78.5,0.361260819859546,,
Ayeyarwady,2022,Panauk(Krishna mung),4719,4719,1756,586761617.0,27.91,944.56,62240000000.0,Fluvisols / Gleysols / Alluvial,Rainy,Rainfed,78.31,0.372112735749099,,
Ayeyarwady,2023,Panauk(Krishna mung),4709,4709,1752,586702652.6,28.36,837.63,64800000000.0,Fluvisols / Gleysols / Alluvial,Rainy,Rainfed,76.95,0.372053514546612,,
Nay Pyi Taw,2012,Panauk(Krishna mung),0,0,0,243967785.0,25.41,942.84,59920000000.0,Cambisols / Fluvisols / Loam,Rainy,Rainfed,78.74,0.0,,
Nay Pyi Taw,2013,Panauk(Krishna mung),0,0,0,199816069.0,25.88,775.78,63260000000.0,Cambisols / Fluvisols / Loam,Rainy,Rainfed,76.65,0.0,,
Nay Pyi Taw,2014,Panauk(Krishna mung),0,0,0,267590796.3,26.38,617.16,67459999999.9999,Cambisols / Fluvisols / Loam,Rainy,Rainfed,74.66,0.0,,
Nay Pyi Taw,2015,Panauk(Krishna mung),0,0,0,238665203.2,26.35,678.38,62720000000.0,Cambisols / Fluvisols / Loam,Rainy,Rainfed,75.4,0.0,,
Nay Pyi Taw,2016,Panauk(Krishna mung),0,0,0,314946615.9,26.23,754.74,60120000000.0,Cambisols / Fluvisols / Loam,Rainy,Rainfed,76.34,0.0,,
Nay Pyi Taw,2017,Panauk(Krishna mung),0,0,0,304701296.0,26.08,972.17,63340000000.0,Cambisols / Fluvisols / Loam,Rainy,Rainfed,78.97,0.0,,
Nay Pyi Taw,2018,Panauk(Krishna mung),0,0,0,380230690.0,25.73,812.09,67150000000.0,Cambisols / Fluvisols / Loam,Rainy,Rainfed,77.11,0.0,,
Nay Pyi Taw,2019,Panauk(Krishna mung),0,0,0,413574673.8,26.57,787.91,68700000000.0,Cambisols / Fluvisols / Loam,Rainy,Rainfed,76.67,0.0,,
Nay Pyi Taw,2020,Panauk(Krishna mung),0,0,0,391351453.3,26.28,762.33,78930000000.0,Cambisols / Fluvisols / Loam,Rainy,Rainfed,76.42,0.0,,
Nay Pyi Taw,2021,Panauk(Krishna mung),0,0,0,388899650.8,26.24,851.96,65120000000.0,Cambisols / Fluvisols / Loam,Rainy,Rainfed,77.5,0.0,,
Nay Pyi Taw,2022,Panauk(Krishna mung),0,0,0,586761617.0,25.96,1027.18,62240000000.0,Cambisols / Fluvisols / Loam,Rainy,Rainfed,79.65,0.0,,
Nay Pyi Taw,2023,Panauk(Krishna mung),0,0,0,586702652.6,26.62,853.39,64800000000.0,Cambisols / Fluvisols / Loam,Rainy,Rainfed,77.45,0.0,,
Kachin,2012,Butter Bean,0,0,0,243967785.0,23.38,914.61,59920000000.0,Acrisols / Red-Brown Lateritic,Rainy,Rainfed,78.77,0.0,,
Kachin,2013,Butter Bean,0,0,0,199816069.0,23.62,939.94,63260000000.0,Acrisols / Red-Brown Lateritic,Rainy,Rainfed,79.03,0.0,,
Kachin,2014,Butter Bean,0,0,0,267590796.3,24.01,833.48,67459999999.9999,Acrisols / Red-Brown Lateritic,Rainy,Rainfed,77.68,0.0,,
Kachin,2015,Butter Bean,0,0,0,238665203.2,23.27,1005.47,62720000000.0,Acrisols / Red-Brown Lateritic,Rainy,Rainfed,79.88,0.0,,
Kachin,2016,Butter Bean,0,0,0,314946615.9,23.17,1224.63,60120000000.0,Acrisols / Red-Brown Lateritic,Rainy,Rainfed,82.52,0.0,,
Kachin,2017,Butter Bean,0,0,0,304701296.0,23.28,1125.21,63340000000.0,Acrisols / Red-Brown Lateritic,Rainy,Rainfed,81.31,0.0,,
Kachin,2018,Butter Bean,0,0,0,380230690.0,22.85,1162.0,67150000000.0,Acrisols / Red-Brown Lateritic,Rainy,Rainfed,81.83,0.0,,
Kachin,2019,Butter Bean,0,0,0,413574673.8,23.49,1042.44,68700000000.0,Acrisols / Red-Brown Lateritic,Rainy,Rainfed,80.28,0.0,,
Kachin,2020,Butter Bean,0,0,0,391351453.3,22.87,1329.91,78930000000.0,Acrisols / Red-Brown Lateritic,Rainy,Rainfed,83.84,0.0,,
Kachin,2021,Butter Bean,0,0,0,388899650.8,23.65,1005.31,65120000000.0,Acrisols / Red-Brown Lateritic,Rainy,Rainfed,79.81,0.0,,
Kachin,2022,Butter Bean,0,0,0,586761617.0,22.99,1256.07,62240000000.0,Acrisols / Red-Brown Lateritic,Rainy,Rainfed,82.93,0.0,,
Kachin,2023,Butter Bean,0,0,0,586702652.6,23.84,1183.85,64800000000.0,Acrisols / Red-Brown Lateritic,Rainy,Rainfed,81.91,0.0,,
Kayah,2012,Butter Bean,0,0,0,243967785.0,22.51,1604.82,59920000000.0,Luvisols / Red Earth,Rainy,Rainfed,87.21,0.0,,
Kayah,2013,Butter Bean,0,0,0,199816069.0,22.71,1317.07,63260000000.0,Luvisols / Red Earth,Rainy,Rainfed,83.72,0.0,,
Kayah,2014,Butter Bean,0,0,0,267590796.3,23.02,1089.18,67459999999.9999,Luvisols / Red Earth,Rainy,Rainfed,80.93,0.0,,
Kayah,2015,Butter Bean,0,0,0,238665203.2,23.36,1113.03,62720000000.0,Luvisols / Red Earth,Rainy,Rainfed,81.15,0.0,,
Kayah,2016,Butter Bean,0,0,0,314946615.9,23.41,1222.88,60120000000.0,Luvisols / Red Earth,Rainy,Rainfed,82.46,0.0,,
Kayah,2017,Butter Bean,0,0,0,304701296.0,23.16,1567.54,63340000000.0,Luvisols / Red Earth,Rainy,Rainfed,86.64,0.0,,
Kayah,2018,Butter Bean,0,0,0,380230690.0,22.69,1316.55,67150000000.0,Luvisols / Red Earth,Rainy,Rainfed,83.71,0.0,,
Kayah,2019,Butter Bean,0,0,0,413574673.8,23.24,1282.79,68700000000.0,Luvisols / Red Earth,Rainy,Rainfed,83.21,0.0,,
Kayah,2020,Butter Bean,0,0,0,391351453.3,23.16,1222.66,78930000000.0,Luvisols / Red Earth,Rainy,Rainfed,82.5,0.0,,
Kayah,2021,Butter Bean,0,0,0,388899650.8,23.01,1440.62,65120000000.0,Luvisols / Red Earth,Rainy,Rainfed,85.15,0.0,,
Kayah,2022,Butter Bean,0,0,0,586761617.0,22.94,1814.13,62240000000.0,Luvisols / Red Earth,Rainy,Rainfed,89.64,0.0,,
Kayah,2023,Butter Bean,0,0,0,586702652.6,23.4,1417.46,64800000000.0,Luvisols / Red Earth,Rainy,Rainfed,84.8,0.0,,
Kayin,2012,Butter Bean,0,0,0,243967785.0,26.77,2467.92,59920000000.0,Fluvisols / Gleysols / Alluvial,Rainy,Rainfed,93.0,0.0,,
Kayin,2013,Butter Bean,0,0,0,199816069.0,26.67,2022.51,63260000000.0,Fluvisols / Gleysols / Alluvial,Rainy,Rainfed,91.47,0.0,,
Kayin,2014,Butter Bean,0,0,0,267590796.3,26.61,1604.54,67459999999.9999,Fluvisols / Gleysols / Alluvial,Rainy,Rainfed,86.46,0.0,,
Kayin,2015,Butter Bean,0,0,0,238665203.2,26.97,1981.43,62720000000.0,Fluvisols / Gleysols / Alluvial,Rainy,Rainfed,90.92,0.0,,
Kayin,2016,Butter Bean,0,0,0,314946615.9,26.89,1804.66,60120000000.0,Fluvisols / Gleysols / Alluvial,Rainy,Rainfed,88.82,0.0,,
Kayin,2017,Butter Bean,0,0,0,304701296.0,26.65,2185.47,63340000000.0,Fluvisols / Gleysols / Alluvial,Rainy,Rainfed,93.0,0.0,,
Kayin,2018,Butter Bean,0,0,0,380230690.0,26.73,2484.66,67150000000.0,Fluvisols / Gleysols / Alluvial,Rainy,Rainfed,93.0,0.0,,
Kayin,2019,Butter Bean,0,0,0,413574673.8,26.95,2087.25,68700000000.0,Fluvisols / Gleysols / Alluvial,Rainy,Rainfed,92.2,0.0,,
Kayin,2020,Butter Bean,0,0,0,391351453.3,27.12,1531.95,78930000000.0,Fluvisols / Gleysols / Alluvial,Rainy,Rainfed,85.5,0.0,,
Kayin,2021,Butter Bean,0,0,0,388899650.8,26.67,2969.17,65120000000.0,Fluvisols / Gleysols / Alluvial,Rainy,Rainfed,93.0,0.0,,
Kayin,2022,Butter Bean,0,0,0,586761617.0,26.62,2622.64,62240000000.0,Fluvisols / Gleysols / Alluvial,Rainy,Rainfed,93.0,0.0,,
Kayin,2023,Butter Bean,0,0,0,586702652.6,26.96,2436.25,64800000000.0,Fluvisols / Gleysols / Alluvial,Rainy,Rainfed,93.0,0.0,,
Chin,2012,Butter Bean,212,212,38,243967785.0,22.62,716.7,59920000000.0,Cambisols / Mountainous Soil,Rainy,Rainfed,76.53,0.179245283018867,,
Chin,2013,Butter Bean,225,225,40,199816069.0,22.48,814.73,63260000000.0,Cambisols / Mountainous Soil,Rainy,Rainfed,77.73,0.177777777777777,,
Chin,2014,Butter Bean,243,243,43,267590796.3,22.97,716.65,67459999999.9999,Cambisols / Mountainous Soil,Rainy,Rainfed,76.47,0.176954732510288,,
Chin,2015,Butter Bean,250,250,68,238665203.2,22.61,913.76,62720000000.0,Cambisols / Mountainous Soil,Rainy,Rainfed,78.9,0.272,,
Chin,2016,Butter Bean,254,254,46,314946615.9,22.87,965.57,60120000000.0,Cambisols / Mountainous Soil,Rainy,Rainfed,79.47,0.181102362204724,,
Chin,2017,Butter Bean,246,246,44,304701296.0,22.26,1578.85,63340000000.0,Cambisols / Mountainous Soil,Rainy,Rainfed,86.94,0.178861788617886,,
Chin,2018,Butter Bean,206,206,37,380230690.0,21.95,1160.88,67150000000.0,Cambisols / Mountainous Soil,Rainy,Rainfed,81.98,0.179611650485436,,
Chin,2019,Butter Bean,225,225,40,413574673.8,22.53,1254.78,68700000000.0,Cambisols / Mountainous Soil,Rainy,Rainfed,83.0,0.177777777777777,,
Chin,2020,Butter Bean,209,209,37,391351453.3,22.26,1038.88,78930000000.0,Cambisols / Mountainous Soil,Rainy,Rainfed,80.46,0.177033492822966,,
Chin,2021,Butter Bean,220,220,40,388899650.8,22.92,753.21,65120000000.0,Cambisols / Mountainous Soil,Rainy,Rainfed,76.91,0.181818181818181,,
Chin,2022,Butter Bean,220,220,40,586761617.0,22.64,714.38,62240000000.0,Cambisols / Mountainous Soil,Rainy,Rainfed,76.5,0.181818181818181,,
Chin,2023,Butter Bean,220,220,39,586702652.6,23.13,770.15,64800000000.0,Cambisols / Mountainous Soil,Rainy,Rainfed,77.08,0.177272727272727,,
Sagaing,2012,Butter Bean,35011,35011,18089,243967785.0,28.48,302.6,59920000000.0,Luvisols / Cambisols / Savanna,Rainy,Rainfed,70.5,0.516666190625803,,
Sagaing,2013,Butter Bean,38413,38413,20042,199816069.0,28.47,362.75,63260000000.0,Luvisols / Cambisols / Savanna,Rainy,Rainfed,71.23,0.521750449066722,,
Sagaing,2014,Butter Bean,41291,41291,21790,267590796.3,29.02,272.71,67459999999.9999,Luvisols / Cambisols / Savanna,Rainy,Rainfed,70.05,0.527717904628127,,
Sagaing,2015,Butter Bean,42881,42881,23164,238665203.2,28.54,378.91,62720000000.0,Luvisols / Cambisols / Savanna,Rainy,Rainfed,71.41,0.540192626104801,,
Sagaing,2016,Butter Bean,41626,41626,22565,314946615.9,28.61,466.45,60120000000.0,Luvisols / Cambisols / Savanna,Rainy,Rainfed,72.45,0.542089078941046,,
Sagaing,2017,Butter Bean,39943,39943,21356,304701296.0,28.07,637.58,63340000000.0,Luvisols / Cambisols / Savanna,Rainy,Rainfed,74.6,0.534661893197806,,
Sagaing,2018,Butter Bean,40709,40708,22051,380230690.0,27.88,475.8,67150000000.0,Luvisols / Cambisols / Savanna,Rainy,Rainfed,72.69,0.541687137663358,,
Sagaing,2019,Butter Bean,39054,39054,21184,413574673.8,28.67,477.22,68700000000.0,Luvisols / Cambisols / Savanna,Rainy,Rainfed,72.57,0.542428432426896,,
Sagaing,2020,Butter Bean,38921,38921,21183,391351453.3,28.0,552.96,78930000000.0,Luvisols / Cambisols / Savanna,Rainy,Rainfed,73.6,0.544256314072094,,
Sagaing,2021,Butter Bean,39448,39448,20961,388899650.8,29.14,338.14,65120000000.0,Luvisols / Cambisols / Savanna,Rainy,Rainfed,70.81,0.53135773676739,,
Sagaing,2022,Butter Bean,39763,39763,21130,586761617.0,28.78,375.7,62240000000.0,Luvisols / Cambisols / Savanna,Rainy,Rainfed,71.33,0.531398536327741,,
Sagaing,2023,Butter Bean,37656,37656,20312,586702652.6,29.19,387.79,64800000000.0,Luvisols / Cambisols / Savanna,Rainy,Rainfed,71.4,0.53940939026981,,
Tanintharyi,2012,Butter Bean,0,0,0,243967785.0,26.24,2388.49,59920000000.0,Ferralsols / Plinthosols / Lateritic,Rainy,Rainfed,93.0,0.0,,
Tanintharyi,2013,Butter Bean,0,0,0,199816069.0,25.94,2304.57,63260000000.0,Ferralsols / Plinthosols / Lateritic,Rainy,Rainfed,93.0,0.0,,
Tanintharyi,2014,Butter Bean,0,0,0,267590796.3,25.99,1706.05,67459999999.9999,Ferralsols / Plinthosols / Lateritic,Rainy,Rainfed,87.79,0.0,,
Tanintharyi,2015,Butter Bean,0,0,0,238665203.2,26.43,1914.37,62720000000.0,Ferralsols / Plinthosols / Lateritic,Rainy,Rainfed,90.22,0.0,,
Tanintharyi,2016,Butter Bean,0,0,0,314946615.9,26.3,1870.73,60120000000.0,Ferralsols / Plinthosols / Lateritic,Rainy,Rainfed,89.71,0.0,,
Tanintharyi,2017,Butter Bean,0,0,0,304701296.0,26.08,2485.72,63340000000.0,Ferralsols / Plinthosols / Lateritic,Rainy,Rainfed,93.0,0.0,,
Tanintharyi,2018,Butter Bean,0,0,0,380230690.0,26.23,2273.98,67150000000.0,Ferralsols / Plinthosols / Lateritic,Rainy,Rainfed,93.0,0.0,,
Tanintharyi,2019,Butter Bean,0,0,0,413574673.8,26.44,1846.93,68700000000.0,Ferralsols / Plinthosols / Lateritic,Rainy,Rainfed,89.4,0.0,,
Tanintharyi,2020,Butter Bean,0,0,0,391351453.3,26.42,2375.71,78930000000.0,Ferralsols / Plinthosols / Lateritic,Rainy,Rainfed,93.0,0.0,,
Tanintharyi,2021,Butter Bean,0,0,0,388899650.8,25.97,2896.94,65120000000.0,Ferralsols / Plinthosols / Lateritic,Rainy,Rainfed,93.0,0.0,,
Tanintharyi,2022,Butter Bean,0,0,0,586761617.0,26.08,2726.62,62240000000.0,Ferralsols / Plinthosols / Lateritic,Rainy,Rainfed,93.0,0.0,,
Tanintharyi,2023,Butter Bean,0,0,0,586702652.6,26.46,2318.19,64800000000.0,Ferralsols / Plinthosols / Lateritic,Rainy,Rainfed,93.0,0.0,,
Bago,2012,Butter Bean,7315,7315,3878,243967785.0,27.33,1519.25,59920000000.0,Fluvisols / Gleysols / Alluvial,Rainy,Rainfed,85.31,0.530143540669856,,
Bago,2013,Butter Bean,7314,7314,3966,199816069.0,27.57,1187.91,63260000000.0,Fluvisols / Gleysols / Alluvial,Rainy,Rainfed,81.29,0.542247744052502,,
Bago,2014,Butter Bean,7131,7131,3880,267590796.3,27.57,1054.41,67459999999.9999,Fluvisols / Gleysols / Alluvial,Rainy,Rainfed,79.69,0.544103211330809,,
Bago,2015,Butter Bean,7134,7134,3954,238665203.2,27.77,1256.33,62720000000.0,Fluvisols / Gleysols / Alluvial,Rainy,Rainfed,82.08,0.554247266610597,,
Bago,2016,Butter Bean,6340,6340,3499,314946615.9,27.71,1212.7,60120000000.0,Fluvisols / Gleysols / Alluvial,Rainy,Rainfed,81.56,0.551892744479495,,
Bago,2017,Butter Bean,8393,8393,4690,304701296.0,27.49,1498.81,63340000000.0,Fluvisols / Gleysols / Alluvial,Rainy,Rainfed,85.04,0.558798999165971,,
Bago,2018,Butter Bean,9798,9798,5531,380230690.0,27.43,1690.27,67150000000.0,Fluvisols / Gleysols / Alluvial,Rainy,Rainfed,87.35,0.564502959787711,,
Bago,2019,Butter Bean,9631,9631,5434,413574673.8,28.09,1236.72,68700000000.0,Fluvisols / Gleysols / Alluvial,Rainy,Rainfed,81.78,0.564219707195514,,
Bago,2020,Butter Bean,7728,7728,4334,391351453.3,28.01,1004.02,78930000000.0,Fluvisols / Gleysols / Alluvial,Rainy,Rainfed,79.01,0.560817805383022,,
Bago,2021,Butter Bean,7599,7599,4271,388899650.8,27.31,1749.84,65120000000.0,Fluvisols / Gleysols / Alluvial,Rainy,Rainfed,88.08,0.562047637847085,,
Bago,2022,Butter Bean,7582,7582,4263,586761617.0,27.34,1789.55,62240000000.0,Fluvisols / Gleysols / Alluvial,Rainy,Rainfed,88.55,0.562252703772091,,
Bago,2023,Butter Bean,7872,7872,4491,586702652.6,28.01,1574.66,64800000000.0,Fluvisols / Gleysols / Alluvial,Rainy,Rainfed,85.85,0.570503048780487,,
Magway,2012,Butter Bean,33773,33773,28343,243967785.0,26.79,898.02,59920000000.0,Regosols / Luvisols / Sandy Savanna,Rainy,Rainfed,77.95,0.839220679240813,,
Magway,2013,Butter Bean,33788,33788,29655,199816069.0,26.96,878.15,63260000000.0,Regosols / Luvisols / Sandy Savanna,Rainy,Rainfed,77.68,0.877678465727477,,
Magway,2014,Butter Bean,33887,33887,30189,267590796.3,27.42,770.86,67459999999.9999,Regosols / Luvisols / Sandy Savanna,Rainy,Rainfed,76.31,0.890872606014105,,
Magway,2015,Butter Bean,35846,35846,32468,238665203.2,27.31,734.05,62720000000.0,Regosols / Luvisols / Sandy Savanna,Rainy,Rainfed,75.89,0.905763544049545,,
Magway,2016,Butter Bean,26473,26473,24697,314946615.9,27.18,941.74,60120000000.0,Regosols / Luvisols / Sandy Savanna,Rainy,Rainfed,78.41,0.932912779057908,,
Magway,2017,Butter Bean,29240,29240,15991,304701296.0,27.02,1107.58,63340000000.0,Regosols / Luvisols / Sandy Savanna,Rainy,Rainfed,80.43,0.5468878248974,,
Magway,2018,Butter Bean,33997,33985,19287,380230690.0,26.75,839.14,67150000000.0,Regosols / Luvisols / Sandy Savanna,Rainy,Rainfed,77.25,0.567515080182433,,
Magway,2019,Butter Bean,38643,38610,21718,413574673.8,27.7,769.91,68700000000.0,Regosols / Luvisols / Sandy Savanna,Rainy,Rainfed,76.25,0.562496762496762,,
Magway,2020,Butter Bean,34982,34700,17862,391351453.3,27.15,822.19,78930000000.0,Regosols / Luvisols / Sandy Savanna,Rainy,Rainfed,76.98,0.514755043227665,,
Magway,2021,Butter Bean,32883,32868,17237,388899650.8,27.77,689.55,65120000000.0,Regosols / Luvisols / Sandy Savanna,Rainy,Rainfed,75.28,0.524431057563587,,
Magway,2022,Butter Bean,28988,28988,16184,586761617.0,27.6,729.42,62240000000.0,Regosols / Luvisols / Sandy Savanna,Rainy,Rainfed,75.79,0.558299986201186,,
Magway,2023,Butter Bean,31666,31666,18929,586702652.6,28.03,696.9,64800000000.0,Regosols / Luvisols / Sandy Savanna,Rainy,Rainfed,75.32,0.597770479378513,,
Mandalay,2012,Butter Bean,71211,71211,25399,243967785.0,27.22,338.39,59920000000.0,Luvisols / Cambisols / Savanna,Rainy,Rainfed,71.16,0.356672424204125,,
Mandalay,2013,Butter Bean,65413,65413,23855,199816069.0,27.39,350.66,63260000000.0,Luvisols / Cambisols / Savanna,Rainy,Rainfed,71.28,0.364682861204959,,
Mandalay,2014,Butter Bean,64769,64769,23198,267590796.3,27.89,270.44,67459999999.9999,Luvisols / Cambisols / Savanna,Rainy,Rainfed,70.23,0.358165171609875,,
Mandalay,2015,Butter Bean,69895,69895,25174,238665203.2,27.41,376.48,62720000000.0,Luvisols / Cambisols / Savanna,Rainy,Rainfed,71.58,0.360168824665569,,
Mandalay,2016,Butter Bean,53448,53448,19777,314946615.9,27.59,376.98,60120000000.0,Luvisols / Cambisols / Savanna,Rainy,Rainfed,71.56,0.370023200119742,,
Mandalay,2017,Butter Bean,49288,49288,17821,304701296.0,27.37,461.76,63340000000.0,Luvisols / Cambisols / Savanna,Rainy,Rainfed,72.61,0.361568738841097,,
Mandalay,2018,Butter Bean,61040,61040,21816,380230690.0,27.03,394.62,67150000000.0,Luvisols / Cambisols / Savanna,Rainy,Rainfed,71.87,0.35740498034076,,
Mandalay,2019,Butter Bean,80897,80897,26905,413574673.8,27.69,414.37,68700000000.0,Luvisols / Cambisols / Savanna,Rainy,Rainfed,71.99,0.332583408531836,,
Mandalay,2020,Butter Bean,53829,53809,15296,391351453.3,27.18,470.39,78930000000.0,Luvisols / Cambisols / Savanna,Rainy,Rainfed,72.75,0.284264714081287,,
Mandalay,2021,Butter Bean,51841,51817,15177,388899650.8,27.8,383.44,65120000000.0,Luvisols / Cambisols / Savanna,Rainy,Rainfed,71.6,0.292896153771928,,
Mandalay,2022,Butter Bean,46552,46552,13410,586761617.0,27.53,425.89,62240000000.0,Luvisols / Cambisols / Savanna,Rainy,Rainfed,72.16,0.288064959615054,,
Mandalay,2023,Butter Bean,43634,43634,12885,586702652.6,28.02,431.5,64800000000.0,Luvisols / Cambisols / Savanna,Rainy,Rainfed,72.13,0.295297245267452,,
Mon,2012,Butter Bean,459,459,166,243967785.0,27.89,2936.46,59920000000.0,Ferralsols / Gleysols / Lateritic,Rainy,Rainfed,93.0,0.361655773420479,,
Mon,2013,Butter Bean,512,512,202,199816069.0,27.75,2472.26,63260000000.0,Ferralsols / Gleysols / Lateritic,Rainy,Rainfed,93.0,0.39453125,,
Mon,2014,Butter Bean,969,969,411,267590796.3,27.71,1805.43,67459999999.9999,Ferralsols / Gleysols / Lateritic,Rainy,Rainfed,88.68,0.424148606811145,,
Mon,2015,Butter Bean,1093,1093,456,238665203.2,27.96,2500.08,62720000000.0,Ferralsols / Gleysols / Lateritic,Rainy,Rainfed,93.0,0.417200365965233,,
Mon,2016,Butter Bean,1095,1095,455,314946615.9,27.84,2247.31,60120000000.0,Ferralsols / Gleysols / Lateritic,Rainy,Rainfed,93.0,0.415525114155251,,
Mon,2017,Butter Bean,1100,1100,458,304701296.0,27.68,2729.02,63340000000.0,Ferralsols / Gleysols / Lateritic,Rainy,Rainfed,93.0,0.416363636363636,,
Mon,2018,Butter Bean,660,660,274,380230690.0,27.86,3263.34,67150000000.0,Ferralsols / Gleysols / Lateritic,Rainy,Rainfed,93.0,0.415151515151515,,
Mon,2019,Butter Bean,660,660,274,413574673.8,28.11,2717.71,68700000000.0,Ferralsols / Gleysols / Lateritic,Rainy,Rainfed,93.0,0.415151515151515,,
Mon,2020,Butter Bean,639,639,264,391351453.3,28.13,1897.4,78930000000.0,Ferralsols / Gleysols / Lateritic,Rainy,Rainfed,89.71,0.413145539906103,,
Mon,2021,Butter Bean,670,670,282,388899650.8,27.71,3711.2,65120000000.0,Ferralsols / Gleysols / Lateritic,Rainy,Rainfed,93.0,0.420895522388059,,
Mon,2022,Butter Bean,1040,1040,427,586761617.0,27.71,3270.72,62240000000.0,Ferralsols / Gleysols / Lateritic,Rainy,Rainfed,93.0,0.410576923076923,,
Mon,2023,Butter Bean,1050,1050,437,586702652.6,28.09,3075.98,64800000000.0,Ferralsols / Gleysols / Lateritic,Rainy,Rainfed,93.0,0.416190476190476,,
Rakhine,2012,Butter Bean,0,0,0,243967785.0,26.54,2984.69,59920000000.0,Gleysols / Alluvial / Mountainous,Rainy,Rainfed,93.0,0.0,,
Rakhine,2013,Butter Bean,0,0,0,199816069.0,26.5,3116.99,63260000000.0,Gleysols / Alluvial / Mountainous,Rainy,Rainfed,93.0,0.0,,
Rakhine,2014,Butter Bean,0,0,0,267590796.3,26.74,2952.75,67459999999.9999,Gleysols / Alluvial / Mountainous,Rainy,Rainfed,93.0,0.0,,
Rakhine,2015,Butter Bean,0,0,0,238665203.2,26.5,8475.24,62720000000.0,Gleysols / Alluvial / Mountainous,Rainy,Rainfed,93.0,0.0,,
Rakhine,2016,Butter Bean,0,0,0,314946615.9,26.76,10036.74,60120000000.0,Gleysols / Alluvial / Mountainous,Rainy,Rainfed,93.0,0.0,,
Rakhine,2017,Butter Bean,0,0,0,304701296.0,26.66,7844.64,63340000000.0,Gleysols / Alluvial / Mountainous,Rainy,Rainfed,93.0,0.0,,
Rakhine,2018,Butter Bean,0,0,0,380230690.0,26.17,7927.61,67150000000.0,Gleysols / Alluvial / Mountainous,Rainy,Rainfed,93.0,0.0,,
Rakhine,2019,Butter Bean,0,0,0,413574673.8,26.66,8062.73,68700000000.0,Gleysols / Alluvial / Mountainous,Rainy,Rainfed,93.0,0.0,,
Rakhine,2020,Butter Bean,0,0,0,391351453.3,26.49,7855.92,78930000000.0,Gleysols / Alluvial / Mountainous,Rainy,Rainfed,93.0,0.0,,
Rakhine,2021,Butter Bean,0,0,0,388899650.8,26.93,5291.74,65120000000.0,Gleysols / Alluvial / Mountainous,Rainy,Rainfed,93.0,0.0,,
Rakhine,2022,Butter Bean,0,0,0,586761617.0,26.66,5117.41,62240000000.0,Gleysols / Alluvial / Mountainous,Rainy,Rainfed,93.0,0.0,,
Rakhine,2023,Butter Bean,0,0,0,586702652.6,26.9,5823.68,64800000000.0,Gleysols / Alluvial / Mountainous,Rainy,Rainfed,93.0,0.0,,
Yangon,2012,Butter Bean,0,0,0,243967785.0,27.5,1871.61,59920000000.0,Fluvisols / Gleysols / Alluvial,Rainy,Rainfed,89.51,0.0,,
Yangon,2013,Butter Bean,0,0,0,199816069.0,27.61,1492.96,63260000000.0,Fluvisols / Gleysols / Alluvial,Rainy,Rainfed,84.95,0.0,,
Yangon,2014,Butter Bean,0,0,0,267590796.3,27.67,1241.48,67459999999.9999,Fluvisols / Gleysols / Alluvial,Rainy,Rainfed,81.92,0.0,,
Yangon,2015,Butter Bean,0,0,0,238665203.2,27.86,1676.99,62720000000.0,Fluvisols / Gleysols / Alluvial,Rainy,Rainfed,87.11,0.0,,
Yangon,2016,Butter Bean,0,0,0,314946615.9,27.8,1521.79,60120000000.0,Fluvisols / Gleysols / Alluvial,Rainy,Rainfed,85.26,0.0,,
Yangon,2017,Butter Bean,0,0,0,304701296.0,27.54,1863.36,63340000000.0,Fluvisols / Gleysols / Alluvial,Rainy,Rainfed,89.4,0.0,,
Yangon,2018,Butter Bean,0,0,0,380230690.0,27.53,2226.31,67150000000.0,Fluvisols / Gleysols / Alluvial,Rainy,Rainfed,93.0,0.0,,
Yangon,2019,Butter Bean,0,0,0,413574673.8,28.09,1694.52,68700000000.0,Fluvisols / Gleysols / Alluvial,Rainy,Rainfed,87.28,0.0,,
Yangon,2020,Butter Bean,0,0,0,391351453.3,28.05,1262.54,78930000000.0,Fluvisols / Gleysols / Alluvial,Rainy,Rainfed,82.1,0.0,,
Yangon,2021,Butter Bean,0,0,0,388899650.8,27.4,2360.45,65120000000.0,Fluvisols / Gleysols / Alluvial,Rainy,Rainfed,93.0,0.0,,
Yangon,2022,Butter Bean,0,0,0,586761617.0,27.36,2242.28,62240000000.0,Fluvisols / Gleysols / Alluvial,Rainy,Rainfed,93.0,0.0,,
Yangon,2023,Butter Bean,0,0,0,586702652.6,28.02,2034.25,64800000000.0,Fluvisols / Gleysols / Alluvial,Rainy,Rainfed,91.37,0.0,,
Shan,2012,Butter Bean,215,215,129,243967785.0,21.06,671.3,59920000000.0,Acrisols / Ferralsols / Red Earth,Rainy,Rainfed,76.26,0.6,,
Shan,2013,Butter Bean,220,220,132,199816069.0,21.38,594.52,63260000000.0,Acrisols / Ferralsols / Red Earth,Rainy,Rainfed,75.29,0.6,,
Shan,2014,Butter Bean,230,230,138,267590796.3,21.82,438.2,67459999999.9999,Acrisols / Ferralsols / Red Earth,Rainy,Rainfed,73.33,0.6,,
Shan,2015,Butter Bean,220,220,132,238665203.2,21.68,533.62,62720000000.0,Acrisols / Ferralsols / Red Earth,Rainy,Rainfed,74.5,0.6,,
Shan,2016,Butter Bean,230,230,138,314946615.9,21.69,570.05,60120000000.0,Acrisols / Ferralsols / Red Earth,Rainy,Rainfed,74.94,0.6,,
Shan,2017,Butter Bean,185,185,111,304701296.0,21.52,759.17,63340000000.0,Acrisols / Ferralsols / Red Earth,Rainy,Rainfed,77.24,0.6,,
Shan,2018,Butter Bean,142,142,85,380230690.0,21.16,624.01,67150000000.0,Acrisols / Ferralsols / Red Earth,Rainy,Rainfed,75.68,0.598591549295774,,
Shan,2019,Butter Bean,140,140,83,413574673.8,21.87,584.23,68700000000.0,Acrisols / Ferralsols / Red Earth,Rainy,Rainfed,75.07,0.592857142857142,,
Shan,2020,Butter Bean,142,142,85,391351453.3,21.56,626.15,78930000000.0,Acrisols / Ferralsols / Red Earth,Rainy,Rainfed,75.63,0.598591549295774,,
Shan,2021,Butter Bean,140,140,83,388899650.8,21.67,658.43,65120000000.0,Acrisols / Ferralsols / Red Earth,Rainy,Rainfed,76.0,0.592857142857142,,
Shan,2022,Butter Bean,153,153,91,586761617.0,21.33,803.12,62240000000.0,Acrisols / Ferralsols / Red Earth,Rainy,Rainfed,77.8,0.594771241830065,,
Shan,2023,Butter Bean,165,165,98,586702652.6,22.07,653.29,64800000000.0,Acrisols / Ferralsols / Red Earth,Rainy,Rainfed,75.87,0.593939393939394,,
Ayeyarwady,2012,Butter Bean,9556,9556,4791,243967785.0,27.73,892.99,59920000000.0,Fluvisols / Gleysols / Alluvial,Rainy,Rainfed,77.72,0.501360401841774,,
Ayeyarwady,2013,Butter Bean,9503,9503,4836,199816069.0,27.91,705.85,63260000000.0,Fluvisols / Gleysols / Alluvial,Rainy,Rainfed,75.45,0.508891928864569,,
Ayeyarwady,2014,Butter Bean,9368,9368,4903,267590796.3,28.21,606.23,67459999999.9999,Fluvisols / Gleysols / Alluvial,Rainy,Rainfed,74.2,0.523377455166524,,
Ayeyarwady,2015,Butter Bean,9020,9020,4767,238665203.2,28.19,737.44,62720000000.0,Fluvisols / Gleysols / Alluvial,Rainy,Rainfed,75.78,0.528492239467849,,
Ayeyarwady,2016,Butter Bean,9023,9023,4812,314946615.9,28.14,712.5,60120000000.0,Fluvisols / Gleysols / Alluvial,Rainy,Rainfed,75.48,0.533303779230854,,
Ayeyarwady,2017,Butter Bean,8969,8969,4769,304701296.0,28.04,819.64,63340000000.0,Fluvisols / Gleysols / Alluvial,Rainy,Rainfed,76.79,0.531720370163897,,
Ayeyarwady,2018,Butter Bean,8459,8459,4586,380230690.0,27.76,972.0,67150000000.0,Fluvisols / Gleysols / Alluvial,Rainy,Rainfed,78.67,0.542144461520274,,
Ayeyarwady,2019,Butter Bean,8517,8517,4494,413574673.8,28.38,776.06,68700000000.0,Fluvisols / Gleysols / Alluvial,Rainy,Rainfed,76.2,0.52765058119056,,
Ayeyarwady,2020,Butter Bean,8422,8422,4655,391351453.3,28.37,575.94,78930000000.0,Fluvisols / Gleysols / Alluvial,Rainy,Rainfed,73.8,0.552719069104725,,
Ayeyarwady,2021,Butter Bean,8423,8423,4578,388899650.8,27.92,960.87,65120000000.0,Fluvisols / Gleysols / Alluvial,Rainy,Rainfed,78.5,0.543511812893268,,
Ayeyarwady,2022,Butter Bean,6562,6562,3562,586761617.0,27.91,944.56,62240000000.0,Fluvisols / Gleysols / Alluvial,Rainy,Rainfed,78.31,0.542822310271258,,
Ayeyarwady,2023,Butter Bean,6557,6557,3622,586702652.6,28.36,837.63,64800000000.0,Fluvisols / Gleysols / Alluvial,Rainy,Rainfed,76.95,0.552386762238828,,
Nay Pyi Taw,2012,Butter Bean,0,0,0,243967785.0,25.41,942.84,59920000000.0,Cambisols / Fluvisols / Loam,Rainy,Rainfed,78.74,0.0,,
Nay Pyi Taw,2013,Butter Bean,0,0,0,199816069.0,25.88,775.78,63260000000.0,Cambisols / Fluvisols / Loam,Rainy,Rainfed,76.65,0.0,,
Nay Pyi Taw,2014,Butter Bean,0,0,0,267590796.3,26.38,617.16,67459999999.9999,Cambisols / Fluvisols / Loam,Rainy,Rainfed,74.66,0.0,,
Nay Pyi Taw,2015,Butter Bean,0,0,0,238665203.2,26.35,678.38,62720000000.0,Cambisols / Fluvisols / Loam,Rainy,Rainfed,75.4,0.0,,
Nay Pyi Taw,2016,Butter Bean,0,0,0,314946615.9,26.23,754.74,60120000000.0,Cambisols / Fluvisols / Loam,Rainy,Rainfed,76.34,0.0,,
Nay Pyi Taw,2017,Butter Bean,0,0,0,304701296.0,26.08,972.17,63340000000.0,Cambisols / Fluvisols / Loam,Rainy,Rainfed,78.97,0.0,,
Nay Pyi Taw,2018,Butter Bean,0,0,0,380230690.0,25.73,812.09,67150000000.0,Cambisols / Fluvisols / Loam,Rainy,Rainfed,77.11,0.0,,
Nay Pyi Taw,2019,Butter Bean,0,0,0,413574673.8,26.57,787.91,68700000000.0,Cambisols / Fluvisols / Loam,Rainy,Rainfed,76.67,0.0,,
Nay Pyi Taw,2020,Butter Bean,0,0,0,391351453.3,26.28,762.33,78930000000.0,Cambisols / Fluvisols / Loam,Rainy,Rainfed,76.42,0.0,,
Nay Pyi Taw,2021,Butter Bean,0,0,0,388899650.8,26.24,851.96,65120000000.0,Cambisols / Fluvisols / Loam,Rainy,Rainfed,77.5,0.0,,
Nay Pyi Taw,2022,Butter Bean,0,0,0,586761617.0,25.96,1027.18,62240000000.0,Cambisols / Fluvisols / Loam,Rainy,Rainfed,79.65,0.0,,
Nay Pyi Taw,2023,Butter Bean,0,0,0,586702652.6,26.62,853.39,64800000000.0,Cambisols / Fluvisols / Loam,Rainy,Rainfed,77.45,0.0,,
Kachin,2012,Pelun(Cow pea),147,147,30,243967785.0,23.38,914.61,59920000000.0,Acrisols / Red-Brown Lateritic,Rainy,Rainfed,78.77,0.204081632653061,,
Kachin,2013,Pelun(Cow pea),147,147,30,199816069.0,23.62,939.94,63260000000.0,Acrisols / Red-Brown Lateritic,Rainy,Rainfed,79.03,0.204081632653061,,
Kachin,2014,Pelun(Cow pea),147,147,31,267590796.3,24.01,833.48,67459999999.9999,Acrisols / Red-Brown Lateritic,Rainy,Rainfed,77.68,0.210884353741496,,
Kachin,2015,Pelun(Cow pea),147,147,31,238665203.2,23.27,1005.47,62720000000.0,Acrisols / Red-Brown Lateritic,Rainy,Rainfed,79.88,0.210884353741496,,
Kachin,2016,Pelun(Cow pea),147,147,31,314946615.9,23.17,1224.63,60120000000.0,Acrisols / Red-Brown Lateritic,Rainy,Rainfed,82.52,0.210884353741496,,
Kachin,2017,Pelun(Cow pea),147,147,31,304701296.0,23.28,1125.21,63340000000.0,Acrisols / Red-Brown Lateritic,Rainy,Rainfed,81.31,0.210884353741496,,
Kachin,2018,Pelun(Cow pea),84,84,17,380230690.0,22.85,1162.0,67150000000.0,Acrisols / Red-Brown Lateritic,Rainy,Rainfed,81.83,0.202380952380952,,
Kachin,2019,Pelun(Cow pea),85,85,18,413574673.8,23.49,1042.44,68700000000.0,Acrisols / Red-Brown Lateritic,Rainy,Rainfed,80.28,0.211764705882352,,
Kachin,2020,Pelun(Cow pea),182,182,38,391351453.3,22.87,1329.91,78930000000.0,Acrisols / Red-Brown Lateritic,Rainy,Rainfed,83.84,0.208791208791208,,
Kachin,2021,Pelun(Cow pea),95,95,19,388899650.8,23.65,1005.31,65120000000.0,Acrisols / Red-Brown Lateritic,Rainy,Rainfed,79.81,0.2,,
Kachin,2022,Pelun(Cow pea),130,130,26,586761617.0,22.99,1256.07,62240000000.0,Acrisols / Red-Brown Lateritic,Rainy,Rainfed,82.93,0.2,,
Kachin,2023,Pelun(Cow pea),135,135,27,586702652.6,23.84,1183.85,64800000000.0,Acrisols / Red-Brown Lateritic,Rainy,Rainfed,81.91,0.2,,
Kayah,2012,Pelun(Cow pea),4097,4097,1047,243967785.0,22.51,1604.82,59920000000.0,Luvisols / Red Earth,Rainy,Rainfed,87.21,0.255552843544056,,
Kayah,2013,Pelun(Cow pea),4080,4080,1054,199816069.0,22.71,1317.07,63260000000.0,Luvisols / Red Earth,Rainy,Rainfed,83.72,0.258333333333333,,
Kayah,2014,Pelun(Cow pea),3209,3209,756,267590796.3,23.02,1089.18,67459999999.9999,Luvisols / Red Earth,Rainy,Rainfed,80.93,0.235587410408226,,
Kayah,2015,Pelun(Cow pea),3043,3043,785,238665203.2,23.36,1113.03,62720000000.0,Luvisols / Red Earth,Rainy,Rainfed,81.15,0.257969109431482,,
Kayah,2016,Pelun(Cow pea),2718,2718,701,314946615.9,23.41,1222.88,60120000000.0,Luvisols / Red Earth,Rainy,Rainfed,82.46,0.257910228108903,,
Kayah,2017,Pelun(Cow pea),1936,1936,503,304701296.0,23.16,1567.54,63340000000.0,Luvisols / Red Earth,Rainy,Rainfed,86.64,0.259814049586776,,
Kayah,2018,Pelun(Cow pea),2091,2091,564,380230690.0,22.69,1316.55,67150000000.0,Luvisols / Red Earth,Rainy,Rainfed,83.71,0.269727403156384,,
Kayah,2019,Pelun(Cow pea),2066,2066,571,413574673.8,23.24,1282.79,68700000000.0,Luvisols / Red Earth,Rainy,Rainfed,83.21,0.276379477250726,,
Kayah,2020,Pelun(Cow pea),1960,1960,534,391351453.3,23.16,1222.66,78930000000.0,Luvisols / Red Earth,Rainy,Rainfed,82.5,0.272448979591836,,
Kayah,2021,Pelun(Cow pea),1917,1917,521,388899650.8,23.01,1440.62,65120000000.0,Luvisols / Red Earth,Rainy,Rainfed,85.15,0.271778821074595,,
Kayah,2022,Pelun(Cow pea),412,412,115,586761617.0,22.94,1814.13,62240000000.0,Luvisols / Red Earth,Rainy,Rainfed,89.64,0.279126213592233,,
Kayah,2023,Pelun(Cow pea),1568,1568,440,586702652.6,23.4,1417.46,64800000000.0,Luvisols / Red Earth,Rainy,Rainfed,84.8,0.280612244897959,,
Kayin,2012,Pelun(Cow pea),20757,20757,6654,243967785.0,26.77,2467.92,59920000000.0,Fluvisols / Gleysols / Alluvial,Rainy,Rainfed,93.0,0.320566555860673,,
Kayin,2013,Pelun(Cow pea),26849,26849,8654,199816069.0,26.67,2022.51,63260000000.0,Fluvisols / Gleysols / Alluvial,Rainy,Rainfed,91.47,0.322321129278557,,
Kayin,2014,Pelun(Cow pea),27073,27073,8893,267590796.3,26.61,1604.54,67459999999.9999,Fluvisols / Gleysols / Alluvial,Rainy,Rainfed,86.46,0.328482251689875,,
Kayin,2015,Pelun(Cow pea),27612,27612,9060,238665203.2,26.97,1981.43,62720000000.0,Fluvisols / Gleysols / Alluvial,Rainy,Rainfed,90.92,0.328118209474141,,
Kayin,2016,Pelun(Cow pea),27560,27560,8976,314946615.9,26.89,1804.66,60120000000.0,Fluvisols / Gleysols / Alluvial,Rainy,Rainfed,88.82,0.325689404934687,,
Kayin,2017,Pelun(Cow pea),28170,28170,9304,304701296.0,26.65,2185.47,63340000000.0,Fluvisols / Gleysols / Alluvial,Rainy,Rainfed,93.0,0.330280440184593,,
Kayin,2018,Pelun(Cow pea),32356,32356,10866,380230690.0,26.73,2484.66,67150000000.0,Fluvisols / Gleysols / Alluvial,Rainy,Rainfed,93.0,0.335826430955618,,
Kayin,2019,Pelun(Cow pea),32698,32698,11022,413574673.8,26.95,2087.25,68700000000.0,Fluvisols / Gleysols / Alluvial,Rainy,Rainfed,92.2,0.337084836993088,,
Kayin,2020,Pelun(Cow pea),32706,32706,11025,391351453.3,27.12,1531.95,78930000000.0,Fluvisols / Gleysols / Alluvial,Rainy,Rainfed,85.5,0.337094111172261,,
Kayin,2021,Pelun(Cow pea),32708,32708,11030,388899650.8,26.67,2969.17,65120000000.0,Fluvisols / Gleysols / Alluvial,Rainy,Rainfed,93.0,0.337226366638131,,
Kayin,2022,Pelun(Cow pea),32466,32466,10952,586761617.0,26.62,2622.64,62240000000.0,Fluvisols / Gleysols / Alluvial,Rainy,Rainfed,93.0,0.337337522331054,,
Kayin,2023,Pelun(Cow pea),32478,32478,10953,586702652.6,26.96,2436.25,64800000000.0,Fluvisols / Gleysols / Alluvial,Rainy,Rainfed,93.0,0.33724367263994,,
Chin,2012,Pelun(Cow pea),2784,2784,566,243967785.0,22.62,716.7,59920000000.0,Cambisols / Mountainous Soil,Rainy,Rainfed,76.53,0.203304597701149,,
Chin,2013,Pelun(Cow pea),2667,2667,504,199816069.0,22.48,814.73,63260000000.0,Cambisols / Mountainous Soil,Rainy,Rainfed,77.73,0.188976377952755,,
Chin,2014,Pelun(Cow pea),2705,2705,520,267590796.3,22.97,716.65,67459999999.9999,Cambisols / Mountainous Soil,Rainy,Rainfed,76.47,0.192236598890942,,
Chin,2015,Pelun(Cow pea),2523,2523,479,238665203.2,22.61,913.76,62720000000.0,Cambisols / Mountainous Soil,Rainy,Rainfed,78.9,0.189853349187475,,
Chin,2016,Pelun(Cow pea),2379,2379,450,314946615.9,22.87,965.57,60120000000.0,Cambisols / Mountainous Soil,Rainy,Rainfed,79.47,0.189155107187894,,
Chin,2017,Pelun(Cow pea),2142,2142,398,304701296.0,22.26,1578.85,63340000000.0,Cambisols / Mountainous Soil,Rainy,Rainfed,86.94,0.185807656395891,,
Chin,2018,Pelun(Cow pea),1988,1988,371,380230690.0,21.95,1160.88,67150000000.0,Cambisols / Mountainous Soil,Rainy,Rainfed,81.98,0.186619718309859,,
Chin,2019,Pelun(Cow pea),1715,1715,322,413574673.8,22.53,1254.78,68700000000.0,Cambisols / Mountainous Soil,Rainy,Rainfed,83.0,0.187755102040816,,
Chin,2020,Pelun(Cow pea),1615,1615,305,391351453.3,22.26,1038.88,78930000000.0,Cambisols / Mountainous Soil,Rainy,Rainfed,80.46,0.188854489164086,,
Chin,2021,Pelun(Cow pea),1531,1292,232,388899650.8,22.92,753.21,65120000000.0,Cambisols / Mountainous Soil,Rainy,Rainfed,76.91,0.179566563467492,,
Chin,2022,Pelun(Cow pea),1378,1378,258,586761617.0,22.64,714.38,62240000000.0,Cambisols / Mountainous Soil,Rainy,Rainfed,76.5,0.187227866473149,,
Chin,2023,Pelun(Cow pea),1393,1393,261,586702652.6,23.13,770.15,64800000000.0,Cambisols / Mountainous Soil,Rainy,Rainfed,77.08,0.187365398420674,,
Sagaing,2012,Pelun(Cow pea),57368,57368,20621,243967785.0,28.48,302.6,59920000000.0,Luvisols / Cambisols / Savanna,Rainy,Rainfed,70.5,0.359451262027611,,
Sagaing,2013,Pelun(Cow pea),57826,57589,21021,199816069.0,28.47,362.75,63260000000.0,Luvisols / Cambisols / Savanna,Rainy,Rainfed,71.23,0.365017624893642,,
Sagaing,2014,Pelun(Cow pea),55021,55018,20026,267590796.3,29.02,272.71,67459999999.9999,Luvisols / Cambisols / Savanna,Rainy,Rainfed,70.05,0.363989966919917,,
Sagaing,2015,Pelun(Cow pea),55798,55788,20465,238665203.2,28.54,378.91,62720000000.0,Luvisols / Cambisols / Savanna,Rainy,Rainfed,71.41,0.366835161683516,,
Sagaing,2016,Pelun(Cow pea),57520,57520,21445,314946615.9,28.61,466.45,60120000000.0,Luvisols / Cambisols / Savanna,Rainy,Rainfed,72.45,0.372826842837273,,
Sagaing,2017,Pelun(Cow pea),54413,54413,20488,304701296.0,28.07,637.58,63340000000.0,Luvisols / Cambisols / Savanna,Rainy,Rainfed,74.6,0.376527668020509,,
Sagaing,2018,Pelun(Cow pea),54198,54198,20437,380230690.0,27.88,475.8,67150000000.0,Luvisols / Cambisols / Savanna,Rainy,Rainfed,72.69,0.377080335067714,,
Sagaing,2019,Pelun(Cow pea),52860,52860,19075,413574673.8,28.67,477.22,68700000000.0,Luvisols / Cambisols / Savanna,Rainy,Rainfed,72.57,0.360858872493378,,
Sagaing,2020,Pelun(Cow pea),52264,52058,19120,391351453.3,28.0,552.96,78930000000.0,Luvisols / Cambisols / Savanna,Rainy,Rainfed,73.6,0.36728264627915,,
Sagaing,2021,Pelun(Cow pea),55003,55003,19588,388899650.8,29.14,338.14,65120000000.0,Luvisols / Cambisols / Savanna,Rainy,Rainfed,70.81,0.3561260294893,,
Sagaing,2022,Pelun(Cow pea),55016,55016,19964,586761617.0,28.78,375.7,62240000000.0,Luvisols / Cambisols / Savanna,Rainy,Rainfed,71.33,0.362876254180602,,
Sagaing,2023,Pelun(Cow pea),55438,55438,20165,586702652.6,29.19,387.79,64800000000.0,Luvisols / Cambisols / Savanna,Rainy,Rainfed,71.4,0.363739673148381,,
Tanintharyi,2012,Pelun(Cow pea),177,177,26,243967785.0,26.24,2388.49,59920000000.0,Ferralsols / Plinthosols / Lateritic,Rainy,Rainfed,93.0,0.146892655367231,,
Tanintharyi,2013,Pelun(Cow pea),105,105,19,199816069.0,25.94,2304.57,63260000000.0,Ferralsols / Plinthosols / Lateritic,Rainy,Rainfed,93.0,0.18095238095238,,
Tanintharyi,2014,Pelun(Cow pea),120,120,24,267590796.3,25.99,1706.05,67459999999.9999,Ferralsols / Plinthosols / Lateritic,Rainy,Rainfed,87.79,0.2,,
Tanintharyi,2015,Pelun(Cow pea),74,74,14,238665203.2,26.43,1914.37,62720000000.0,Ferralsols / Plinthosols / Lateritic,Rainy,Rainfed,90.22,0.189189189189189,,
Tanintharyi,2016,Pelun(Cow pea),210,210,42,314946615.9,26.3,1870.73,60120000000.0,Ferralsols / Plinthosols / Lateritic,Rainy,Rainfed,89.71,0.2,,
Tanintharyi,2017,Pelun(Cow pea),179,179,40,304701296.0,26.08,2485.72,63340000000.0,Ferralsols / Plinthosols / Lateritic,Rainy,Rainfed,93.0,0.223463687150837,,
Tanintharyi,2018,Pelun(Cow pea),113,113,25,380230690.0,26.23,2273.98,67150000000.0,Ferralsols / Plinthosols / Lateritic,Rainy,Rainfed,93.0,0.221238938053097,,
Tanintharyi,2019,Pelun(Cow pea),78,78,14,413574673.8,26.44,1846.93,68700000000.0,Ferralsols / Plinthosols / Lateritic,Rainy,Rainfed,89.4,0.179487179487179,,
Tanintharyi,2020,Pelun(Cow pea),50,50,8,391351453.3,26.42,2375.71,78930000000.0,Ferralsols / Plinthosols / Lateritic,Rainy,Rainfed,93.0,0.16,,
Tanintharyi,2021,Pelun(Cow pea),117,117,21,388899650.8,25.97,2896.94,65120000000.0,Ferralsols / Plinthosols / Lateritic,Rainy,Rainfed,93.0,0.179487179487179,,
Tanintharyi,2022,Pelun(Cow pea),88,88,16,586761617.0,26.08,2726.62,62240000000.0,Ferralsols / Plinthosols / Lateritic,Rainy,Rainfed,93.0,0.181818181818181,,
Tanintharyi,2023,Pelun(Cow pea),69,69,12,586702652.6,26.46,2318.19,64800000000.0,Ferralsols / Plinthosols / Lateritic,Rainy,Rainfed,93.0,0.17391304347826,,
Bago,2012,Pelun(Cow pea),48384,48384,18627,243967785.0,27.33,1519.25,59920000000.0,Fluvisols / Gleysols / Alluvial,Rainy,Rainfed,85.31,0.384982638888888,,
Bago,2013,Pelun(Cow pea),49011,49011,19427,199816069.0,27.57,1187.91,63260000000.0,Fluvisols / Gleysols / Alluvial,Rainy,Rainfed,81.29,0.396380404399012,,
Bago,2014,Pelun(Cow pea),49344,49344,19634,267590796.3,27.57,1054.41,67459999999.9999,Fluvisols / Gleysols / Alluvial,Rainy,Rainfed,79.69,0.397900453955901,,
Bago,2015,Pelun(Cow pea),49476,49476,19857,238665203.2,27.77,1256.33,62720000000.0,Fluvisols / Gleysols / Alluvial,Rainy,Rainfed,82.08,0.401346107203492,,
Bago,2016,Pelun(Cow pea),42229,42229,16903,314946615.9,27.71,1212.7,60120000000.0,Fluvisols / Gleysols / Alluvial,Rainy,Rainfed,81.56,0.400269956664851,,
Bago,2017,Pelun(Cow pea),63175,63175,25240,304701296.0,27.49,1498.81,63340000000.0,Fluvisols / Gleysols / Alluvial,Rainy,Rainfed,85.04,0.399525128611001,,
Bago,2018,Pelun(Cow pea),54745,54745,22528,380230690.0,27.43,1690.27,67150000000.0,Fluvisols / Gleysols / Alluvial,Rainy,Rainfed,87.35,0.411507900264864,,
Bago,2019,Pelun(Cow pea),45530,45530,19102,413574673.8,28.09,1236.72,68700000000.0,Fluvisols / Gleysols / Alluvial,Rainy,Rainfed,81.78,0.419547551065231,,
Bago,2020,Pelun(Cow pea),46460,46460,19248,391351453.3,28.01,1004.02,78930000000.0,Fluvisols / Gleysols / Alluvial,Rainy,Rainfed,79.01,0.414291863969005,,
Bago,2021,Pelun(Cow pea),41743,41743,17732,388899650.8,27.31,1749.84,65120000000.0,Fluvisols / Gleysols / Alluvial,Rainy,Rainfed,88.08,0.424789785113671,,
Bago,2022,Pelun(Cow pea),46401,46401,19956,586761617.0,27.34,1789.55,62240000000.0,Fluvisols / Gleysols / Alluvial,Rainy,Rainfed,88.55,0.430076937997025,,
Bago,2023,Pelun(Cow pea),94458,94458,40451,586702652.6,28.01,1574.66,64800000000.0,Fluvisols / Gleysols / Alluvial,Rainy,Rainfed,85.85,0.428243240381968,,
Magway,2012,Pelun(Cow pea),98919,98919,32332,243967785.0,26.79,898.02,59920000000.0,Regosols / Luvisols / Sandy Savanna,Rainy,Rainfed,77.95,0.32685328400004,,
Magway,2013,Pelun(Cow pea),99000,99000,33238,199816069.0,26.96,878.15,63260000000.0,Regosols / Luvisols / Sandy Savanna,Rainy,Rainfed,77.68,0.335737373737373,,
Magway,2014,Pelun(Cow pea),100357,100357,34122,267590796.3,27.42,770.86,67459999999.9999,Regosols / Luvisols / Sandy Savanna,Rainy,Rainfed,76.31,0.340006177944737,,
Magway,2015,Pelun(Cow pea),100432,100432,34525,238665203.2,27.31,734.05,62720000000.0,Regosols / Luvisols / Sandy Savanna,Rainy,Rainfed,75.89,0.343764935478731,,
Magway,2016,Pelun(Cow pea),96442,96442,32374,314946615.9,27.18,941.74,60120000000.0,Regosols / Luvisols / Sandy Savanna,Rainy,Rainfed,78.41,0.335683623317641,,
Magway,2017,Pelun(Cow pea),74808,74808,21521,304701296.0,27.02,1107.58,63340000000.0,Regosols / Luvisols / Sandy Savanna,Rainy,Rainfed,80.43,0.28768313549353,,
Magway,2018,Pelun(Cow pea),38699,38699,9966,380230690.0,26.75,839.14,67150000000.0,Regosols / Luvisols / Sandy Savanna,Rainy,Rainfed,77.25,0.257526034264451,,
Magway,2019,Pelun(Cow pea),36897,36897,8969,413574673.8,27.7,769.91,68700000000.0,Regosols / Luvisols / Sandy Savanna,Rainy,Rainfed,76.25,0.243082093395126,,
Magway,2020,Pelun(Cow pea),37955,37924,8869,391351453.3,27.15,822.19,78930000000.0,Regosols / Luvisols / Sandy Savanna,Rainy,Rainfed,76.98,0.233862461765636,,
Magway,2021,Pelun(Cow pea),33080,33080,7863,388899650.8,27.77,689.55,65120000000.0,Regosols / Luvisols / Sandy Savanna,Rainy,Rainfed,75.28,0.237696493349455,,
Magway,2022,Pelun(Cow pea),35331,35331,8650,586761617.0,27.6,729.42,62240000000.0,Regosols / Luvisols / Sandy Savanna,Rainy,Rainfed,75.79,0.244827488607738,,
Magway,2023,Pelun(Cow pea),48681,48681,13082,586702652.6,28.03,696.9,64800000000.0,Regosols / Luvisols / Sandy Savanna,Rainy,Rainfed,75.32,0.268729072944269,,
Mandalay,2012,Pelun(Cow pea),26288,26288,6297,243967785.0,27.22,338.39,59920000000.0,Luvisols / Cambisols / Savanna,Rainy,Rainfed,71.16,0.23953895313451,,
Mandalay,2013,Pelun(Cow pea),28431,28431,6760,199816069.0,27.39,350.66,63260000000.0,Luvisols / Cambisols / Savanna,Rainy,Rainfed,71.28,0.237768632830361,,
Mandalay,2014,Pelun(Cow pea),28948,28948,6921,267590796.3,27.89,270.44,67459999999.9999,Luvisols / Cambisols / Savanna,Rainy,Rainfed,70.23,0.239083874533646,,
Mandalay,2015,Pelun(Cow pea),26988,26988,6631,238665203.2,27.41,376.48,62720000000.0,Luvisols / Cambisols / Savanna,Rainy,Rainfed,71.58,0.245701793389654,,
Mandalay,2016,Pelun(Cow pea),24940,24940,6221,314946615.9,27.59,376.98,60120000000.0,Luvisols / Cambisols / Savanna,Rainy,Rainfed,71.56,0.249438652766639,,
Mandalay,2017,Pelun(Cow pea),25158,25158,6303,304701296.0,27.37,461.76,63340000000.0,Luvisols / Cambisols / Savanna,Rainy,Rainfed,72.61,0.250536608633436,,
Mandalay,2018,Pelun(Cow pea),27143,27143,6630,380230690.0,27.03,394.62,67150000000.0,Luvisols / Cambisols / Savanna,Rainy,Rainfed,71.87,0.244261872305935,,
Mandalay,2019,Pelun(Cow pea),27983,27983,6715,413574673.8,27.69,414.37,68700000000.0,Luvisols / Cambisols / Savanna,Rainy,Rainfed,71.99,0.239967122896044,,
Mandalay,2020,Pelun(Cow pea),26545,26529,6958,391351453.3,27.18,470.39,78930000000.0,Luvisols / Cambisols / Savanna,Rainy,Rainfed,72.75,0.26227901541709,,
Mandalay,2021,Pelun(Cow pea),26724,26606,6487,388899650.8,27.8,383.44,65120000000.0,Luvisols / Cambisols / Savanna,Rainy,Rainfed,71.6,0.243817184093813,,
Mandalay,2022,Pelun(Cow pea),20159,20159,5068,586761617.0,27.53,425.89,62240000000.0,Luvisols / Cambisols / Savanna,Rainy,Rainfed,72.16,0.251401359194404,,
Mandalay,2023,Pelun(Cow pea),20272,20272,5079,586702652.6,28.02,431.5,64800000000.0,Luvisols / Cambisols / Savanna,Rainy,Rainfed,72.13,0.250542620363062,,
Mon,2012,Pelun(Cow pea),11680,11680,4375,243967785.0,27.89,2936.46,59920000000.0,Ferralsols / Gleysols / Lateritic,Rainy,Rainfed,93.0,0.374571917808219,,
Mon,2013,Pelun(Cow pea),12364,12364,4783,199816069.0,27.75,2472.26,63260000000.0,Ferralsols / Gleysols / Lateritic,Rainy,Rainfed,93.0,0.386848916208346,,
Mon,2014,Pelun(Cow pea),13008,13008,5040,267590796.3,27.71,1805.43,67459999999.9999,Ferralsols / Gleysols / Lateritic,Rainy,Rainfed,88.68,0.387453874538745,,
Mon,2015,Pelun(Cow pea),14244,14244,5525,238665203.2,27.96,2500.08,62720000000.0,Ferralsols / Gleysols / Lateritic,Rainy,Rainfed,93.0,0.387882617242347,,
Mon,2016,Pelun(Cow pea),9952,9952,3593,314946615.9,27.84,2247.31,60120000000.0,Ferralsols / Gleysols / Lateritic,Rainy,Rainfed,93.0,0.361032958199356,,
Mon,2017,Pelun(Cow pea),9750,9750,3600,304701296.0,27.68,2729.02,63340000000.0,Ferralsols / Gleysols / Lateritic,Rainy,Rainfed,93.0,0.369230769230769,,
Mon,2018,Pelun(Cow pea),9200,9200,3436,380230690.0,27.86,3263.34,67150000000.0,Ferralsols / Gleysols / Lateritic,Rainy,Rainfed,93.0,0.373478260869565,,
Mon,2019,Pelun(Cow pea),9538,9538,3520,413574673.8,28.11,2717.71,68700000000.0,Ferralsols / Gleysols / Lateritic,Rainy,Rainfed,93.0,0.369050115328161,,
Mon,2020,Pelun(Cow pea),9328,9328,3440,391351453.3,28.13,1897.4,78930000000.0,Ferralsols / Gleysols / Lateritic,Rainy,Rainfed,89.71,0.368782161234991,,
Mon,2021,Pelun(Cow pea),9830,9830,3767,388899650.8,27.71,3711.2,65120000000.0,Ferralsols / Gleysols / Lateritic,Rainy,Rainfed,93.0,0.38321464903357,,
Mon,2022,Pelun(Cow pea),8745,8745,3382,586761617.0,27.71,3270.72,62240000000.0,Ferralsols / Gleysols / Lateritic,Rainy,Rainfed,93.0,0.386735277301315,,
Mon,2023,Pelun(Cow pea),9832,9832,3825,586702652.6,28.09,3075.98,64800000000.0,Ferralsols / Gleysols / Lateritic,Rainy,Rainfed,93.0,0.389035801464605,,
Rakhine,2012,Pelun(Cow pea),1268,1268,372,243967785.0,26.54,2984.69,59920000000.0,Gleysols / Alluvial / Mountainous,Rainy,Rainfed,93.0,0.293375394321766,,
Rakhine,2013,Pelun(Cow pea),1208,1208,349,199816069.0,26.5,3116.99,63260000000.0,Gleysols / Alluvial / Mountainous,Rainy,Rainfed,93.0,0.288907284768211,,
Rakhine,2014,Pelun(Cow pea),1300,1300,375,267590796.3,26.74,2952.75,67459999999.9999,Gleysols / Alluvial / Mountainous,Rainy,Rainfed,93.0,0.288461538461538,,
Rakhine,2015,Pelun(Cow pea),1407,1407,397,238665203.2,26.5,8475.24,62720000000.0,Gleysols / Alluvial / Mountainous,Rainy,Rainfed,93.0,0.282160625444207,,
Rakhine,2016,Pelun(Cow pea),645,645,188,314946615.9,26.76,10036.74,60120000000.0,Gleysols / Alluvial / Mountainous,Rainy,Rainfed,93.0,0.291472868217054,,
Rakhine,2017,Pelun(Cow pea),407,407,118,304701296.0,26.66,7844.64,63340000000.0,Gleysols / Alluvial / Mountainous,Rainy,Rainfed,93.0,0.289926289926289,,
Rakhine,2018,Pelun(Cow pea),382,382,113,380230690.0,26.17,7927.61,67150000000.0,Gleysols / Alluvial / Mountainous,Rainy,Rainfed,93.0,0.295811518324607,,
Rakhine,2019,Pelun(Cow pea),357,357,106,413574673.8,26.66,8062.73,68700000000.0,Gleysols / Alluvial / Mountainous,Rainy,Rainfed,93.0,0.296918767507002,,
Rakhine,2020,Pelun(Cow pea),357,357,109,391351453.3,26.49,7855.92,78930000000.0,Gleysols / Alluvial / Mountainous,Rainy,Rainfed,93.0,0.30532212885154,,
Rakhine,2021,Pelun(Cow pea),357,357,109,388899650.8,26.93,5291.74,65120000000.0,Gleysols / Alluvial / Mountainous,Rainy,Rainfed,93.0,0.30532212885154,,
Rakhine,2022,Pelun(Cow pea),357,357,109,586761617.0,26.66,5117.41,62240000000.0,Gleysols / Alluvial / Mountainous,Rainy,Rainfed,93.0,0.30532212885154,,
Rakhine,2023,Pelun(Cow pea),359,359,110,586702652.6,26.9,5823.68,64800000000.0,Gleysols / Alluvial / Mountainous,Rainy,Rainfed,93.0,0.306406685236768,,
Yangon,2012,Pelun(Cow pea),3920,3920,1127,243967785.0,27.5,1871.61,59920000000.0,Fluvisols / Gleysols / Alluvial,Rainy,Rainfed,89.51,0.2875,,
Yangon,2013,Pelun(Cow pea),4002,4002,1200,199816069.0,27.61,1492.96,63260000000.0,Fluvisols / Gleysols / Alluvial,Rainy,Rainfed,84.95,0.299850074962518,,
Yangon,2014,Pelun(Cow pea),3912,3912,1167,267590796.3,27.67,1241.48,67459999999.9999,Fluvisols / Gleysols / Alluvial,Rainy,Rainfed,81.92,0.298312883435582,,
Yangon,2015,Pelun(Cow pea),3855,3855,1157,238665203.2,27.86,1676.99,62720000000.0,Fluvisols / Gleysols / Alluvial,Rainy,Rainfed,87.11,0.300129701686121,,
Yangon,2016,Pelun(Cow pea),3410,3410,1034,314946615.9,27.8,1521.79,60120000000.0,Fluvisols / Gleysols / Alluvial,Rainy,Rainfed,85.26,0.303225806451612,,
Yangon,2017,Pelun(Cow pea),4568,4568,1412,304701296.0,27.54,1863.36,63340000000.0,Fluvisols / Gleysols / Alluvial,Rainy,Rainfed,89.4,0.309106830122591,,
Yangon,2018,Pelun(Cow pea),4332,4332,1350,380230690.0,27.53,2226.31,67150000000.0,Fluvisols / Gleysols / Alluvial,Rainy,Rainfed,93.0,0.31163434903047,,
Yangon,2019,Pelun(Cow pea),4344,4344,1352,413574673.8,28.09,1694.52,68700000000.0,Fluvisols / Gleysols / Alluvial,Rainy,Rainfed,87.28,0.311233885819521,,
Yangon,2020,Pelun(Cow pea),4131,4131,1290,391351453.3,28.05,1262.54,78930000000.0,Fluvisols / Gleysols / Alluvial,Rainy,Rainfed,82.1,0.312273057371096,,
Yangon,2021,Pelun(Cow pea),3770,3770,1192,388899650.8,27.4,2360.45,65120000000.0,Fluvisols / Gleysols / Alluvial,Rainy,Rainfed,93.0,0.316180371352785,,
Yangon,2022,Pelun(Cow pea),3240,3240,1026,586761617.0,27.36,2242.28,62240000000.0,Fluvisols / Gleysols / Alluvial,Rainy,Rainfed,93.0,0.316666666666666,,
Yangon,2023,Pelun(Cow pea),3922,3922,1182,586702652.6,28.02,2034.25,64800000000.0,Fluvisols / Gleysols / Alluvial,Rainy,Rainfed,91.37,0.301376848546659,,
Shan,2012,Pelun(Cow pea),2453,2453,616,243967785.0,21.06,671.3,59920000000.0,Acrisols / Ferralsols / Red Earth,Rainy,Rainfed,76.26,0.251121076233183,,
Shan,2013,Pelun(Cow pea),2471,2471,623,199816069.0,21.38,594.52,63260000000.0,Acrisols / Ferralsols / Red Earth,Rainy,Rainfed,75.29,0.252124645892351,,
Shan,2014,Pelun(Cow pea),2577,2577,646,267590796.3,21.82,438.2,67459999999.9999,Acrisols / Ferralsols / Red Earth,Rainy,Rainfed,73.33,0.250679084206441,,
Shan,2015,Pelun(Cow pea),2555,2555,642,238665203.2,21.68,533.62,62720000000.0,Acrisols / Ferralsols / Red Earth,Rainy,Rainfed,74.5,0.251272015655577,,
Shan,2016,Pelun(Cow pea),3164,3164,763,314946615.9,21.69,570.05,60120000000.0,Acrisols / Ferralsols / Red Earth,Rainy,Rainfed,74.94,0.241150442477876,,
Shan,2017,Pelun(Cow pea),3145,3145,791,304701296.0,21.52,759.17,63340000000.0,Acrisols / Ferralsols / Red Earth,Rainy,Rainfed,77.24,0.251510333863275,,
Shan,2018,Pelun(Cow pea),3125,3125,785,380230690.0,21.16,624.01,67150000000.0,Acrisols / Ferralsols / Red Earth,Rainy,Rainfed,75.68,0.2512,,
Shan,2019,Pelun(Cow pea),2883,2883,726,413574673.8,21.87,584.23,68700000000.0,Acrisols / Ferralsols / Red Earth,Rainy,Rainfed,75.07,0.251821019771071,,
Shan,2020,Pelun(Cow pea),2812,2812,711,391351453.3,21.56,626.15,78930000000.0,Acrisols / Ferralsols / Red Earth,Rainy,Rainfed,75.63,0.252844950213371,,
Shan,2021,Pelun(Cow pea),2810,2810,709,388899650.8,21.67,658.43,65120000000.0,Acrisols / Ferralsols / Red Earth,Rainy,Rainfed,76.0,0.252313167259786,,
Shan,2022,Pelun(Cow pea),2794,2794,708,586761617.0,21.33,803.12,62240000000.0,Acrisols / Ferralsols / Red Earth,Rainy,Rainfed,77.8,0.253400143163922,,
Shan,2023,Pelun(Cow pea),2329,2329,596,586702652.6,22.07,653.29,64800000000.0,Acrisols / Ferralsols / Red Earth,Rainy,Rainfed,75.87,0.255903821382567,,
Ayeyarwady,2012,Pelun(Cow pea),78093,78093,32855,243967785.0,27.73,892.99,59920000000.0,Fluvisols / Gleysols / Alluvial,Rainy,Rainfed,77.72,0.420716325406886,,
Ayeyarwady,2013,Pelun(Cow pea),71238,71238,30144,199816069.0,27.91,705.85,63260000000.0,Fluvisols / Gleysols / Alluvial,Rainy,Rainfed,75.45,0.423144950728543,,
Ayeyarwady,2014,Pelun(Cow pea),69920,69920,30090,267590796.3,28.21,606.23,67459999999.9999,Fluvisols / Gleysols / Alluvial,Rainy,Rainfed,74.2,0.430348970251716,,
Ayeyarwady,2015,Pelun(Cow pea),73182,73042,31453,238665203.2,28.19,737.44,62720000000.0,Fluvisols / Gleysols / Alluvial,Rainy,Rainfed,75.78,0.43061526245174,,
Ayeyarwady,2016,Pelun(Cow pea),73216,73216,30864,314946615.9,28.14,712.5,60120000000.0,Fluvisols / Gleysols / Alluvial,Rainy,Rainfed,75.48,0.421547202797202,,
Ayeyarwady,2017,Pelun(Cow pea),80620,80620,34207,304701296.0,28.04,819.64,63340000000.0,Fluvisols / Gleysols / Alluvial,Rainy,Rainfed,76.79,0.424299181344579,,
Ayeyarwady,2018,Pelun(Cow pea),78788,78788,33370,380230690.0,27.76,972.0,67150000000.0,Fluvisols / Gleysols / Alluvial,Rainy,Rainfed,78.67,0.423541656089759,,
Ayeyarwady,2019,Pelun(Cow pea),78348,78348,33181,413574673.8,28.38,776.06,68700000000.0,Fluvisols / Gleysols / Alluvial,Rainy,Rainfed,76.2,0.423507938939092,,
Ayeyarwady,2020,Pelun(Cow pea),77536,77536,32789,391351453.3,28.37,575.94,78930000000.0,Fluvisols / Gleysols / Alluvial,Rainy,Rainfed,73.8,0.422887432934378,,
Ayeyarwady,2021,Pelun(Cow pea),79611,79611,33956,388899650.8,27.92,960.87,65120000000.0,Fluvisols / Gleysols / Alluvial,Rainy,Rainfed,78.5,0.426523972817826,,
Ayeyarwady,2022,Pelun(Cow pea),79011,79011,33547,586761617.0,27.91,944.56,62240000000.0,Fluvisols / Gleysols / Alluvial,Rainy,Rainfed,78.31,0.424586449987976,,
Ayeyarwady,2023,Pelun(Cow pea),76361,76361,32382,586702652.6,28.36,837.63,64800000000.0,Fluvisols / Gleysols / Alluvial,Rainy,Rainfed,76.95,0.424064640326868,,
Nay Pyi Taw,2012,Pelun(Cow pea),244,244,53,243967785.0,25.41,942.84,59920000000.0,Cambisols / Fluvisols / Loam,Rainy,Rainfed,78.74,0.217213114754098,,
Nay Pyi Taw,2013,Pelun(Cow pea),290,290,64,199816069.0,25.88,775.78,63260000000.0,Cambisols / Fluvisols / Loam,Rainy,Rainfed,76.65,0.220689655172413,,
Nay Pyi Taw,2014,Pelun(Cow pea),283,283,62,267590796.3,26.38,617.16,67459999999.9999,Cambisols / Fluvisols / Loam,Rainy,Rainfed,74.66,0.219081272084805,,
Nay Pyi Taw,2015,Pelun(Cow pea),313,313,68,238665203.2,26.35,678.38,62720000000.0,Cambisols / Fluvisols / Loam,Rainy,Rainfed,75.4,0.217252396166134,,
Nay Pyi Taw,2016,Pelun(Cow pea),379,379,83,314946615.9,26.23,754.74,60120000000.0,Cambisols / Fluvisols / Loam,Rainy,Rainfed,76.34,0.218997361477572,,
Nay Pyi Taw,2017,Pelun(Cow pea),274,274,60,304701296.0,26.08,972.17,63340000000.0,Cambisols / Fluvisols / Loam,Rainy,Rainfed,78.97,0.218978102189781,,
Nay Pyi Taw,2018,Pelun(Cow pea),325,325,73,380230690.0,25.73,812.09,67150000000.0,Cambisols / Fluvisols / Loam,Rainy,Rainfed,77.11,0.224615384615384,,
Nay Pyi Taw,2019,Pelun(Cow pea),334,334,74,413574673.8,26.57,787.91,68700000000.0,Cambisols / Fluvisols / Loam,Rainy,Rainfed,76.67,0.221556886227544,,
Nay Pyi Taw,2020,Pelun(Cow pea),249,249,58,391351453.3,26.28,762.33,78930000000.0,Cambisols / Fluvisols / Loam,Rainy,Rainfed,76.42,0.23293172690763,,
Nay Pyi Taw,2021,Pelun(Cow pea),243,243,56,388899650.8,26.24,851.96,65120000000.0,Cambisols / Fluvisols / Loam,Rainy,Rainfed,77.5,0.230452674897119,,
Nay Pyi Taw,2022,Pelun(Cow pea),241,241,57,586761617.0,25.96,1027.18,62240000000.0,Cambisols / Fluvisols / Loam,Rainy,Rainfed,79.65,0.236514522821576,,
Nay Pyi Taw,2023,Pelun(Cow pea),94,94,22,586702652.6,26.62,853.39,64800000000.0,Cambisols / Fluvisols / Loam,Rainy,Rainfed,77.45,0.234042553191489,,
Kachin,2012,Pesingon(Pigeon pea),626,625,183,243967785.0,23.38,914.61,59920000000.0,Acrisols / Red-Brown Lateritic,Rainy,Rainfed,78.77,0.2928,,
Kachin,2013,Pesingon(Pigeon pea),491,491,147,199816069.0,23.62,939.94,63260000000.0,Acrisols / Red-Brown Lateritic,Rainy,Rainfed,79.03,0.299389002036659,,
Kachin,2014,Pesingon(Pigeon pea),512,512,153,267590796.3,24.01,833.48,67459999999.9999,Acrisols / Red-Brown Lateritic,Rainy,Rainfed,77.68,0.298828125,,
Kachin,2015,Pesingon(Pigeon pea),465,465,143,238665203.2,23.27,1005.47,62720000000.0,Acrisols / Red-Brown Lateritic,Rainy,Rainfed,79.88,0.30752688172043,,
Kachin,2016,Pesingon(Pigeon pea),403,403,127,314946615.9,23.17,1224.63,60120000000.0,Acrisols / Red-Brown Lateritic,Rainy,Rainfed,82.52,0.315136476426799,,
Kachin,2017,Pesingon(Pigeon pea),369,369,117,304701296.0,23.28,1125.21,63340000000.0,Acrisols / Red-Brown Lateritic,Rainy,Rainfed,81.31,0.317073170731707,,
Kachin,2018,Pesingon(Pigeon pea),341,341,109,380230690.0,22.85,1162.0,67150000000.0,Acrisols / Red-Brown Lateritic,Rainy,Rainfed,81.83,0.319648093841642,,
Kachin,2019,Pesingon(Pigeon pea),341,341,109,413574673.8,23.49,1042.44,68700000000.0,Acrisols / Red-Brown Lateritic,Rainy,Rainfed,80.28,0.319648093841642,,
Kachin,2020,Pesingon(Pigeon pea),466,466,138,391351453.3,22.87,1329.91,78930000000.0,Acrisols / Red-Brown Lateritic,Rainy,Rainfed,83.84,0.296137339055794,,
Kachin,2021,Pesingon(Pigeon pea),340,340,108,388899650.8,23.65,1005.31,65120000000.0,Acrisols / Red-Brown Lateritic,Rainy,Rainfed,79.81,0.317647058823529,,
Kachin,2022,Pesingon(Pigeon pea),342,342,109,586761617.0,22.99,1256.07,62240000000.0,Acrisols / Red-Brown Lateritic,Rainy,Rainfed,82.93,0.318713450292397,,
Kachin,2023,Pesingon(Pigeon pea),314,314,91,586702652.6,23.84,1183.85,64800000000.0,Acrisols / Red-Brown Lateritic,Rainy,Rainfed,81.91,0.289808917197452,,
Kayah,2012,Pesingon(Pigeon pea),10180,10180,2902,243967785.0,22.51,1604.82,59920000000.0,Luvisols / Red Earth,Rainy,Rainfed,87.21,0.285068762278978,,
Kayah,2013,Pesingon(Pigeon pea),10327,10327,2982,199816069.0,22.71,1317.07,63260000000.0,Luvisols / Red Earth,Rainy,Rainfed,83.72,0.288757625641522,,
Kayah,2014,Pesingon(Pigeon pea),12137,12137,3559,267590796.3,23.02,1089.18,67459999999.9999,Luvisols / Red Earth,Rainy,Rainfed,80.93,0.293235560682211,,
Kayah,2015,Pesingon(Pigeon pea),13937,13937,3971,238665203.2,23.36,1113.03,62720000000.0,Luvisols / Red Earth,Rainy,Rainfed,81.15,0.284925019731649,,
Kayah,2016,Pesingon(Pigeon pea),10389,10389,2974,314946615.9,23.41,1222.88,60120000000.0,Luvisols / Red Earth,Rainy,Rainfed,82.46,0.286264318028684,,
Kayah,2017,Pesingon(Pigeon pea),13327,13327,3866,304701296.0,23.16,1567.54,63340000000.0,Luvisols / Red Earth,Rainy,Rainfed,86.64,0.290087791701058,,
Kayah,2018,Pesingon(Pigeon pea),12103,12103,3518,380230690.0,22.69,1316.55,67150000000.0,Luvisols / Red Earth,Rainy,Rainfed,83.71,0.290671734280756,,
Kayah,2019,Pesingon(Pigeon pea),9458,9458,2779,413574673.8,23.24,1282.79,68700000000.0,Luvisols / Red Earth,Rainy,Rainfed,83.21,0.293825333051385,,
Kayah,2020,Pesingon(Pigeon pea),7303,7303,2159,391351453.3,23.16,1222.66,78930000000.0,Luvisols / Red Earth,Rainy,Rainfed,82.5,0.295631932082705,,
Kayah,2021,Pesingon(Pigeon pea),5551,5551,1641,388899650.8,23.01,1440.62,65120000000.0,Luvisols / Red Earth,Rainy,Rainfed,85.15,0.295622410376508,,
Kayah,2022,Pesingon(Pigeon pea),4596,4596,1363,586761617.0,22.94,1814.13,62240000000.0,Luvisols / Red Earth,Rainy,Rainfed,89.64,0.296562228024369,,
Kayah,2023,Pesingon(Pigeon pea),5724,5724,1704,586702652.6,23.4,1417.46,64800000000.0,Luvisols / Red Earth,Rainy,Rainfed,84.8,0.297693920335429,,
Kayin,2012,Pesingon(Pigeon pea),485,485,132,243967785.0,26.77,2467.92,59920000000.0,Fluvisols / Gleysols / Alluvial,Rainy,Rainfed,93.0,0.272164948453608,,
Kayin,2013,Pesingon(Pigeon pea),507,507,143,199816069.0,26.67,2022.51,63260000000.0,Fluvisols / Gleysols / Alluvial,Rainy,Rainfed,91.47,0.282051282051282,,
Kayin,2014,Pesingon(Pigeon pea),507,507,143,267590796.3,26.61,1604.54,67459999999.9999,Fluvisols / Gleysols / Alluvial,Rainy,Rainfed,86.46,0.282051282051282,,
Kayin,2015,Pesingon(Pigeon pea),510,510,145,238665203.2,26.97,1981.43,62720000000.0,Fluvisols / Gleysols / Alluvial,Rainy,Rainfed,90.92,0.284313725490196,,
Kayin,2016,Pesingon(Pigeon pea),499,499,144,314946615.9,26.89,1804.66,60120000000.0,Fluvisols / Gleysols / Alluvial,Rainy,Rainfed,88.82,0.288577154308617,,
Kayin,2017,Pesingon(Pigeon pea),493,493,144,304701296.0,26.65,2185.47,63340000000.0,Fluvisols / Gleysols / Alluvial,Rainy,Rainfed,93.0,0.2920892494929,,
Kayin,2018,Pesingon(Pigeon pea),493,493,145,380230690.0,26.73,2484.66,67150000000.0,Fluvisols / Gleysols / Alluvial,Rainy,Rainfed,93.0,0.294117647058823,,
Kayin,2019,Pesingon(Pigeon pea),490,490,145,413574673.8,26.95,2087.25,68700000000.0,Fluvisols / Gleysols / Alluvial,Rainy,Rainfed,92.2,0.295918367346938,,
Kayin,2020,Pesingon(Pigeon pea),451,451,132,391351453.3,27.12,1531.95,78930000000.0,Fluvisols / Gleysols / Alluvial,Rainy,Rainfed,85.5,0.292682926829268,,
Kayin,2021,Pesingon(Pigeon pea),446,446,132,388899650.8,26.67,2969.17,65120000000.0,Fluvisols / Gleysols / Alluvial,Rainy,Rainfed,93.0,0.295964125560538,,
Kayin,2022,Pesingon(Pigeon pea),446,446,132,586761617.0,26.62,2622.64,62240000000.0,Fluvisols / Gleysols / Alluvial,Rainy,Rainfed,93.0,0.295964125560538,,
Kayin,2023,Pesingon(Pigeon pea),432,432,128,586702652.6,26.96,2436.25,64800000000.0,Fluvisols / Gleysols / Alluvial,Rainy,Rainfed,93.0,0.296296296296296,,
Chin,2012,Pesingon(Pigeon pea),1939,1939,661,243967785.0,22.62,716.7,59920000000.0,Cambisols / Mountainous Soil,Rainy,Rainfed,76.53,0.340897369778236,,
Chin,2013,Pesingon(Pigeon pea),1225,1225,426,199816069.0,22.48,814.73,63260000000.0,Cambisols / Mountainous Soil,Rainy,Rainfed,77.73,0.347755102040816,,
Chin,2014,Pesingon(Pigeon pea),3807,3807,1289,267590796.3,22.97,716.65,67459999999.9999,Cambisols / Mountainous Soil,Rainy,Rainfed,76.47,0.338586813764118,,
Chin,2015,Pesingon(Pigeon pea),842,842,303,238665203.2,22.61,913.76,62720000000.0,Cambisols / Mountainous Soil,Rainy,Rainfed,78.9,0.359857482185273,,
Chin,2016,Pesingon(Pigeon pea),683,683,259,314946615.9,22.87,965.57,60120000000.0,Cambisols / Mountainous Soil,Rainy,Rainfed,79.47,0.379209370424597,,
Chin,2017,Pesingon(Pigeon pea),2974,2972,1118,304701296.0,22.26,1578.85,63340000000.0,Cambisols / Mountainous Soil,Rainy,Rainfed,86.94,0.376177658142664,,
Chin,2018,Pesingon(Pigeon pea),723,723,253,380230690.0,21.95,1160.88,67150000000.0,Cambisols / Mountainous Soil,Rainy,Rainfed,81.98,0.349930843706777,,
Chin,2019,Pesingon(Pigeon pea),688,688,246,413574673.8,22.53,1254.78,68700000000.0,Cambisols / Mountainous Soil,Rainy,Rainfed,83.0,0.357558139534883,,
Chin,2020,Pesingon(Pigeon pea),889,889,279,391351453.3,22.26,1038.88,78930000000.0,Cambisols / Mountainous Soil,Rainy,Rainfed,80.46,0.313835770528683,,
Chin,2021,Pesingon(Pigeon pea),612,502,169,388899650.8,22.92,753.21,65120000000.0,Cambisols / Mountainous Soil,Rainy,Rainfed,76.91,0.336653386454183,,
Chin,2022,Pesingon(Pigeon pea),564,564,176,586761617.0,22.64,714.38,62240000000.0,Cambisols / Mountainous Soil,Rainy,Rainfed,76.5,0.312056737588652,,
Chin,2023,Pesingon(Pigeon pea),524,524,162,586702652.6,23.13,770.15,64800000000.0,Cambisols / Mountainous Soil,Rainy,Rainfed,77.08,0.309160305343511,,
Sagaing,2012,Pesingon(Pigeon pea),528934,528776,216621,243967785.0,28.48,302.6,59920000000.0,Luvisols / Cambisols / Savanna,Rainy,Rainfed,70.5,0.409664962101154,,
Sagaing,2013,Pesingon(Pigeon pea),563102,562985,231275,199816069.0,28.47,362.75,63260000000.0,Luvisols / Cambisols / Savanna,Rainy,Rainfed,71.23,0.410801353499649,,
Sagaing,2014,Pesingon(Pigeon pea),557853,557847,233493,267590796.3,29.02,272.71,67459999999.9999,Luvisols / Cambisols / Savanna,Rainy,Rainfed,70.05,0.418561003285847,,
Sagaing,2015,Pesingon(Pigeon pea),587307,585054,245122,238665203.2,28.54,378.91,62720000000.0,Luvisols / Cambisols / Savanna,Rainy,Rainfed,71.41,0.418973291354302,,
Sagaing,2016,Pesingon(Pigeon pea),606763,606445,258702,314946615.9,28.61,466.45,60120000000.0,Luvisols / Cambisols / Savanna,Rainy,Rainfed,72.45,0.42658773672798,,
Sagaing,2017,Pesingon(Pigeon pea),604266,604155,245522,304701296.0,28.07,637.58,63340000000.0,Luvisols / Cambisols / Savanna,Rainy,Rainfed,74.6,0.406389088892751,,
Sagaing,2018,Pesingon(Pigeon pea),469891,469890,189928,380230690.0,27.88,475.8,67150000000.0,Luvisols / Cambisols / Savanna,Rainy,Rainfed,72.69,0.404196726893528,,
Sagaing,2019,Pesingon(Pigeon pea),478014,478005,193293,413574673.8,28.67,477.22,68700000000.0,Luvisols / Cambisols / Savanna,Rainy,Rainfed,72.57,0.404374431229798,,
Sagaing,2020,Pesingon(Pigeon pea),472622,471664,179869,391351453.3,28.0,552.96,78930000000.0,Luvisols / Cambisols / Savanna,Rainy,Rainfed,73.6,0.381349859221818,,
Sagaing,2021,Pesingon(Pigeon pea),486189,486189,183606,388899650.8,29.14,338.14,65120000000.0,Luvisols / Cambisols / Savanna,Rainy,Rainfed,70.81,0.377643262188161,,
Sagaing,2022,Pesingon(Pigeon pea),462381,462381,173711,586761617.0,28.78,375.7,62240000000.0,Luvisols / Cambisols / Savanna,Rainy,Rainfed,71.33,0.375688014862202,,
Sagaing,2023,Pesingon(Pigeon pea),466002,466002,174909,586702652.6,29.19,387.79,64800000000.0,Luvisols / Cambisols / Savanna,Rainy,Rainfed,71.4,0.375339590817206,,
Tanintharyi,2012,Pesingon(Pigeon pea),109,109,11,243967785.0,26.24,2388.49,59920000000.0,Ferralsols / Plinthosols / Lateritic,Rainy,Rainfed,93.0,0.10091743119266,,
Tanintharyi,2013,Pesingon(Pigeon pea),80,80,9,199816069.0,25.94,2304.57,63260000000.0,Ferralsols / Plinthosols / Lateritic,Rainy,Rainfed,93.0,0.1125,,
Tanintharyi,2014,Pesingon(Pigeon pea),66,66,7,267590796.3,25.99,1706.05,67459999999.9999,Ferralsols / Plinthosols / Lateritic,Rainy,Rainfed,87.79,0.106060606060606,,
Tanintharyi,2015,Pesingon(Pigeon pea),52,52,6,238665203.2,26.43,1914.37,62720000000.0,Ferralsols / Plinthosols / Lateritic,Rainy,Rainfed,90.22,0.115384615384615,,
Tanintharyi,2016,Pesingon(Pigeon pea),57,57,6,314946615.9,26.3,1870.73,60120000000.0,Ferralsols / Plinthosols / Lateritic,Rainy,Rainfed,89.71,0.105263157894736,,
Tanintharyi,2017,Pesingon(Pigeon pea),57,57,6,304701296.0,26.08,2485.72,63340000000.0,Ferralsols / Plinthosols / Lateritic,Rainy,Rainfed,93.0,0.105263157894736,,
Tanintharyi,2018,Pesingon(Pigeon pea),57,57,7,380230690.0,26.23,2273.98,67150000000.0,Ferralsols / Plinthosols / Lateritic,Rainy,Rainfed,93.0,0.122807017543859,,
Tanintharyi,2019,Pesingon(Pigeon pea),46,46,5,413574673.8,26.44,1846.93,68700000000.0,Ferralsols / Plinthosols / Lateritic,Rainy,Rainfed,89.4,0.108695652173913,,
Tanintharyi,2020,Pesingon(Pigeon pea),23,23,3,391351453.3,26.42,2375.71,78930000000.0,Ferralsols / Plinthosols / Lateritic,Rainy,Rainfed,93.0,0.130434782608695,,
Tanintharyi,2021,Pesingon(Pigeon pea),23,23,3,388899650.8,25.97,2896.94,65120000000.0,Ferralsols / Plinthosols / Lateritic,Rainy,Rainfed,93.0,0.130434782608695,,
Tanintharyi,2022,Pesingon(Pigeon pea),24,24,3,586761617.0,26.08,2726.62,62240000000.0,Ferralsols / Plinthosols / Lateritic,Rainy,Rainfed,93.0,0.125,,
Tanintharyi,2023,Pesingon(Pigeon pea),22,22,3,586702652.6,26.46,2318.19,64800000000.0,Ferralsols / Plinthosols / Lateritic,Rainy,Rainfed,93.0,0.136363636363636,,
Bago,2012,Pesingon(Pigeon pea),17832,17832,6302,243967785.0,27.33,1519.25,59920000000.0,Fluvisols / Gleysols / Alluvial,Rainy,Rainfed,85.31,0.35340960071781,,
Bago,2013,Pesingon(Pigeon pea),17889,17889,6349,199816069.0,27.57,1187.91,63260000000.0,Fluvisols / Gleysols / Alluvial,Rainy,Rainfed,81.29,0.354910839063111,,
Bago,2014,Pesingon(Pigeon pea),18403,18403,6535,267590796.3,27.57,1054.41,67459999999.9999,Fluvisols / Gleysols / Alluvial,Rainy,Rainfed,79.69,0.355105145900125,,
Bago,2015,Pesingon(Pigeon pea),18442,18442,6600,238665203.2,27.77,1256.33,62720000000.0,Fluvisols / Gleysols / Alluvial,Rainy,Rainfed,82.08,0.357878755015724,,
Bago,2016,Pesingon(Pigeon pea),18881,18881,6822,314946615.9,27.71,1212.7,60120000000.0,Fluvisols / Gleysols / Alluvial,Rainy,Rainfed,81.56,0.361315608283459,,
Bago,2017,Pesingon(Pigeon pea),18929,18929,6870,304701296.0,27.49,1498.81,63340000000.0,Fluvisols / Gleysols / Alluvial,Rainy,Rainfed,85.04,0.362935178826139,,
Bago,2018,Pesingon(Pigeon pea),18868,18868,6855,380230690.0,27.43,1690.27,67150000000.0,Fluvisols / Gleysols / Alluvial,Rainy,Rainfed,87.35,0.363313546745813,,
Bago,2019,Pesingon(Pigeon pea),18570,18570,6875,413574673.8,28.09,1236.72,68700000000.0,Fluvisols / Gleysols / Alluvial,Rainy,Rainfed,81.78,0.370220786214324,,
Bago,2020,Pesingon(Pigeon pea),18670,18670,6924,391351453.3,28.01,1004.02,78930000000.0,Fluvisols / Gleysols / Alluvial,Rainy,Rainfed,79.01,0.370862346009641,,
Bago,2021,Pesingon(Pigeon pea),18662,18662,6922,388899650.8,27.31,1749.84,65120000000.0,Fluvisols / Gleysols / Alluvial,Rainy,Rainfed,88.08,0.370914157110706,,
Bago,2022,Pesingon(Pigeon pea),17765,17765,6709,586761617.0,27.34,1789.55,62240000000.0,Fluvisols / Gleysols / Alluvial,Rainy,Rainfed,88.55,0.377652687869406,,
Bago,2023,Pesingon(Pigeon pea),18100,18100,8546,586702652.6,28.01,1574.66,64800000000.0,Fluvisols / Gleysols / Alluvial,Rainy,Rainfed,85.85,0.472154696132596,,
Magway,2012,Pesingon(Pigeon pea),437034,437034,173832,243967785.0,26.79,898.02,59920000000.0,Regosols / Luvisols / Sandy Savanna,Rainy,Rainfed,77.95,0.397753950493554,,
Magway,2013,Pesingon(Pigeon pea),439468,439468,178745,199816069.0,26.96,878.15,63260000000.0,Regosols / Luvisols / Sandy Savanna,Rainy,Rainfed,77.68,0.406730410405308,,
Magway,2014,Pesingon(Pigeon pea),437031,437031,180808,267590796.3,27.42,770.86,67459999999.9999,Regosols / Luvisols / Sandy Savanna,Rainy,Rainfed,76.31,0.413718935270038,,
Magway,2015,Pesingon(Pigeon pea),443713,443527,186563,238665203.2,27.31,734.05,62720000000.0,Regosols / Luvisols / Sandy Savanna,Rainy,Rainfed,75.89,0.420635045893485,,
Magway,2016,Pesingon(Pigeon pea),444626,444574,186965,314946615.9,27.18,941.74,60120000000.0,Regosols / Luvisols / Sandy Savanna,Rainy,Rainfed,78.41,0.42054866006559,,
Magway,2017,Pesingon(Pigeon pea),416299,416197,131335,304701296.0,27.02,1107.58,63340000000.0,Regosols / Luvisols / Sandy Savanna,Rainy,Rainfed,80.43,0.315559698892591,,
Magway,2018,Pesingon(Pigeon pea),181001,180525,46286,380230690.0,26.75,839.14,67150000000.0,Regosols / Luvisols / Sandy Savanna,Rainy,Rainfed,77.25,0.256396620966625,,
Magway,2019,Pesingon(Pigeon pea),171381,171371,43561,413574673.8,27.7,769.91,68700000000.0,Regosols / Luvisols / Sandy Savanna,Rainy,Rainfed,76.25,0.254191199211068,,
Magway,2020,Pesingon(Pigeon pea),158633,154513,37174,391351453.3,27.15,822.19,78930000000.0,Regosols / Luvisols / Sandy Savanna,Rainy,Rainfed,76.98,0.240588170574644,,
Magway,2021,Pesingon(Pigeon pea),152809,152809,37851,388899650.8,27.77,689.55,65120000000.0,Regosols / Luvisols / Sandy Savanna,Rainy,Rainfed,75.28,0.247701378845486,,
Magway,2022,Pesingon(Pigeon pea),157951,157951,38506,586761617.0,27.6,729.42,62240000000.0,Regosols / Luvisols / Sandy Savanna,Rainy,Rainfed,75.79,0.243784464802375,,
Magway,2023,Pesingon(Pigeon pea),181144,181144,49284,586702652.6,28.03,696.9,64800000000.0,Regosols / Luvisols / Sandy Savanna,Rainy,Rainfed,75.32,0.272070838669787,,
Mandalay,2012,Pesingon(Pigeon pea),436227,436227,119916,243967785.0,27.22,338.39,59920000000.0,Luvisols / Cambisols / Savanna,Rainy,Rainfed,71.16,0.274893576051,,
Mandalay,2013,Pesingon(Pigeon pea),464838,464838,130160,199816069.0,27.39,350.66,63260000000.0,Luvisols / Cambisols / Savanna,Rainy,Rainfed,71.28,0.280011530898936,,
Mandalay,2014,Pesingon(Pigeon pea),422103,421962,121359,267590796.3,27.89,270.44,67459999999.9999,Luvisols / Cambisols / Savanna,Rainy,Rainfed,70.23,0.287606466933041,,
Mandalay,2015,Pesingon(Pigeon pea),460818,460818,132265,238665203.2,27.41,376.48,62720000000.0,Luvisols / Cambisols / Savanna,Rainy,Rainfed,71.58,0.287022208333875,,
Mandalay,2016,Pesingon(Pigeon pea),491224,491099,143184,314946615.9,27.59,376.98,60120000000.0,Luvisols / Cambisols / Savanna,Rainy,Rainfed,71.56,0.291558321234618,,
Mandalay,2017,Pesingon(Pigeon pea),488925,488886,136172,304701296.0,27.37,461.76,63340000000.0,Luvisols / Cambisols / Savanna,Rainy,Rainfed,72.61,0.27853528225394,,
Mandalay,2018,Pesingon(Pigeon pea),340902,340902,84358,380230690.0,27.03,394.62,67150000000.0,Luvisols / Cambisols / Savanna,Rainy,Rainfed,71.87,0.247455280403165,,
Mandalay,2019,Pesingon(Pigeon pea),347020,347019,75941,413574673.8,27.69,414.37,68700000000.0,Luvisols / Cambisols / Savanna,Rainy,Rainfed,71.99,0.21883816159922,,
Mandalay,2020,Pesingon(Pigeon pea),342180,342180,69033,391351453.3,27.18,470.39,78930000000.0,Luvisols / Cambisols / Savanna,Rainy,Rainfed,72.75,0.201744695774153,,
Mandalay,2021,Pesingon(Pigeon pea),334005,333915,68405,388899650.8,27.8,383.44,65120000000.0,Luvisols / Cambisols / Savanna,Rainy,Rainfed,71.6,0.20485752362128,,
Mandalay,2022,Pesingon(Pigeon pea),351018,351018,70057,586761617.0,27.53,425.89,62240000000.0,Luvisols / Cambisols / Savanna,Rainy,Rainfed,72.16,0.199582357599895,,
Mandalay,2023,Pesingon(Pigeon pea),360047,360047,77321,586702652.6,28.02,431.5,64800000000.0,Luvisols / Cambisols / Savanna,Rainy,Rainfed,72.13,0.214752518421206,,
Mon,2012,Pesingon(Pigeon pea),87,87,26,243967785.0,27.89,2936.46,59920000000.0,Ferralsols / Gleysols / Lateritic,Rainy,Rainfed,93.0,0.298850574712643,,
Mon,2013,Pesingon(Pigeon pea),74,74,27,199816069.0,27.75,2472.26,63260000000.0,Ferralsols / Gleysols / Lateritic,Rainy,Rainfed,93.0,0.364864864864864,,
Mon,2014,Pesingon(Pigeon pea),0,0,0,267590796.3,27.71,1805.43,67459999999.9999,Ferralsols / Gleysols / Lateritic,Rainy,Rainfed,88.68,0.0,,
Mon,2015,Pesingon(Pigeon pea),0,0,0,238665203.2,27.96,2500.08,62720000000.0,Ferralsols / Gleysols / Lateritic,Rainy,Rainfed,93.0,0.0,,
Mon,2016,Pesingon(Pigeon pea),0,0,0,314946615.9,27.84,2247.31,60120000000.0,Ferralsols / Gleysols / Lateritic,Rainy,Rainfed,93.0,0.0,,
Mon,2017,Pesingon(Pigeon pea),0,0,0,304701296.0,27.68,2729.02,63340000000.0,Ferralsols / Gleysols / Lateritic,Rainy,Rainfed,93.0,0.0,,
Mon,2018,Pesingon(Pigeon pea),0,0,0,380230690.0,27.86,3263.34,67150000000.0,Ferralsols / Gleysols / Lateritic,Rainy,Rainfed,93.0,0.0,,
Mon,2019,Pesingon(Pigeon pea),0,0,0,413574673.8,28.11,2717.71,68700000000.0,Ferralsols / Gleysols / Lateritic,Rainy,Rainfed,93.0,0.0,,
Mon,2020,Pesingon(Pigeon pea),0,0,0,391351453.3,28.13,1897.4,78930000000.0,Ferralsols / Gleysols / Lateritic,Rainy,Rainfed,89.71,0.0,,
Mon,2021,Pesingon(Pigeon pea),0,0,0,388899650.8,27.71,3711.2,65120000000.0,Ferralsols / Gleysols / Lateritic,Rainy,Rainfed,93.0,0.0,,
Mon,2022,Pesingon(Pigeon pea),0,0,0,586761617.0,27.71,3270.72,62240000000.0,Ferralsols / Gleysols / Lateritic,Rainy,Rainfed,93.0,0.0,,
Mon,2023,Pesingon(Pigeon pea),0,0,0,586702652.6,28.09,3075.98,64800000000.0,Ferralsols / Gleysols / Lateritic,Rainy,Rainfed,93.0,0.0,,
Rakhine,2012,Pesingon(Pigeon pea),2386,2386,443,243967785.0,26.54,2984.69,59920000000.0,Gleysols / Alluvial / Mountainous,Rainy,Rainfed,93.0,0.18566638725901,,
Rakhine,2013,Pesingon(Pigeon pea),1951,1951,377,199816069.0,26.5,3116.99,63260000000.0,Gleysols / Alluvial / Mountainous,Rainy,Rainfed,93.0,0.19323423885187,,
Rakhine,2014,Pesingon(Pigeon pea),1402,1402,274,267590796.3,26.74,2952.75,67459999999.9999,Gleysols / Alluvial / Mountainous,Rainy,Rainfed,93.0,0.195435092724679,,
Rakhine,2015,Pesingon(Pigeon pea),1461,1461,283,238665203.2,26.5,8475.24,62720000000.0,Gleysols / Alluvial / Mountainous,Rainy,Rainfed,93.0,0.193702943189596,,
Rakhine,2016,Pesingon(Pigeon pea),1295,1295,256,314946615.9,26.76,10036.74,60120000000.0,Gleysols / Alluvial / Mountainous,Rainy,Rainfed,93.0,0.197683397683397,,
Rakhine,2017,Pesingon(Pigeon pea),1251,1251,243,304701296.0,26.66,7844.64,63340000000.0,Gleysols / Alluvial / Mountainous,Rainy,Rainfed,93.0,0.194244604316546,,
Rakhine,2018,Pesingon(Pigeon pea),899,899,183,380230690.0,26.17,7927.61,67150000000.0,Gleysols / Alluvial / Mountainous,Rainy,Rainfed,93.0,0.203559510567297,,
Rakhine,2019,Pesingon(Pigeon pea),729,729,146,413574673.8,26.66,8062.73,68700000000.0,Gleysols / Alluvial / Mountainous,Rainy,Rainfed,93.0,0.200274348422496,,
Rakhine,2020,Pesingon(Pigeon pea),538,538,125,391351453.3,26.49,7855.92,78930000000.0,Gleysols / Alluvial / Mountainous,Rainy,Rainfed,93.0,0.232342007434944,,
Rakhine,2021,Pesingon(Pigeon pea),527,527,104,388899650.8,26.93,5291.74,65120000000.0,Gleysols / Alluvial / Mountainous,Rainy,Rainfed,93.0,0.197343453510436,,
Rakhine,2022,Pesingon(Pigeon pea),529,529,96,586761617.0,26.66,5117.41,62240000000.0,Gleysols / Alluvial / Mountainous,Rainy,Rainfed,93.0,0.181474480151228,,
Rakhine,2023,Pesingon(Pigeon pea),526,526,97,586702652.6,26.9,5823.68,64800000000.0,Gleysols / Alluvial / Mountainous,Rainy,Rainfed,93.0,0.184410646387832,,
Yangon,2012,Pesingon(Pigeon pea),0,0,0,243967785.0,27.5,1871.61,59920000000.0,Fluvisols / Gleysols / Alluvial,Rainy,Rainfed,89.51,0.0,,
Yangon,2013,Pesingon(Pigeon pea),0,0,0,199816069.0,27.61,1492.96,63260000000.0,Fluvisols / Gleysols / Alluvial,Rainy,Rainfed,84.95,0.0,,
Yangon,2014,Pesingon(Pigeon pea),0,0,0,267590796.3,27.67,1241.48,67459999999.9999,Fluvisols / Gleysols / Alluvial,Rainy,Rainfed,81.92,0.0,,
Yangon,2015,Pesingon(Pigeon pea),0,0,0,238665203.2,27.86,1676.99,62720000000.0,Fluvisols / Gleysols / Alluvial,Rainy,Rainfed,87.11,0.0,,
Yangon,2016,Pesingon(Pigeon pea),0,0,0,314946615.9,27.8,1521.79,60120000000.0,Fluvisols / Gleysols / Alluvial,Rainy,Rainfed,85.26,0.0,,
Yangon,2017,Pesingon(Pigeon pea),0,0,0,304701296.0,27.54,1863.36,63340000000.0,Fluvisols / Gleysols / Alluvial,Rainy,Rainfed,89.4,0.0,,
Yangon,2018,Pesingon(Pigeon pea),0,0,0,380230690.0,27.53,2226.31,67150000000.0,Fluvisols / Gleysols / Alluvial,Rainy,Rainfed,93.0,0.0,,
Yangon,2019,Pesingon(Pigeon pea),0,0,0,413574673.8,28.09,1694.52,68700000000.0,Fluvisols / Gleysols / Alluvial,Rainy,Rainfed,87.28,0.0,,
Yangon,2020,Pesingon(Pigeon pea),0,0,0,391351453.3,28.05,1262.54,78930000000.0,Fluvisols / Gleysols / Alluvial,Rainy,Rainfed,82.1,0.0,,
Yangon,2021,Pesingon(Pigeon pea),0,0,0,388899650.8,27.4,2360.45,65120000000.0,Fluvisols / Gleysols / Alluvial,Rainy,Rainfed,93.0,0.0,,
Yangon,2022,Pesingon(Pigeon pea),0,0,0,586761617.0,27.36,2242.28,62240000000.0,Fluvisols / Gleysols / Alluvial,Rainy,Rainfed,93.0,0.0,,
Yangon,2023,Pesingon(Pigeon pea),0,0,0,586702652.6,28.02,2034.25,64800000000.0,Fluvisols / Gleysols / Alluvial,Rainy,Rainfed,91.37,0.0,,
Shan,2012,Pesingon(Pigeon pea),72559,72559,26235,243967785.0,21.06,671.3,59920000000.0,Acrisols / Ferralsols / Red Earth,Rainy,Rainfed,76.26,0.361567827561019,,
Shan,2013,Pesingon(Pigeon pea),72804,72804,26432,199816069.0,21.38,594.52,63260000000.0,Acrisols / Ferralsols / Red Earth,Rainy,Rainfed,75.29,0.363056974891489,,
Shan,2014,Pesingon(Pigeon pea),69977,69977,25677,267590796.3,21.82,438.2,67459999999.9999,Acrisols / Ferralsols / Red Earth,Rainy,Rainfed,73.33,0.36693485002215,,
Shan,2015,Pesingon(Pigeon pea),68120,68120,25241,238665203.2,21.68,533.62,62720000000.0,Acrisols / Ferralsols / Red Earth,Rainy,Rainfed,74.5,0.37053728714034,,
Shan,2016,Pesingon(Pigeon pea),71628,71628,26435,314946615.9,21.69,570.05,60120000000.0,Acrisols / Ferralsols / Red Earth,Rainy,Rainfed,74.94,0.369059585636901,,
Shan,2017,Pesingon(Pigeon pea),74327,74327,27487,304701296.0,21.52,759.17,63340000000.0,Acrisols / Ferralsols / Red Earth,Rainy,Rainfed,77.24,0.369811777685094,,
Shan,2018,Pesingon(Pigeon pea),68463,68463,25219,380230690.0,21.16,624.01,67150000000.0,Acrisols / Ferralsols / Red Earth,Rainy,Rainfed,75.68,0.368359551874735,,
Shan,2019,Pesingon(Pigeon pea),60835,60835,22971,413574673.8,21.87,584.23,68700000000.0,Acrisols / Ferralsols / Red Earth,Rainy,Rainfed,75.07,0.37759513437988,,
Shan,2020,Pesingon(Pigeon pea),61591,61591,23112,391351453.3,21.56,626.15,78930000000.0,Acrisols / Ferralsols / Red Earth,Rainy,Rainfed,75.63,0.375249630627851,,
Shan,2021,Pesingon(Pigeon pea),59288,59288,22417,388899650.8,21.67,658.43,65120000000.0,Acrisols / Ferralsols / Red Earth,Rainy,Rainfed,76.0,0.378103494805019,,
Shan,2022,Pesingon(Pigeon pea),49628,49628,18834,586761617.0,21.33,803.12,62240000000.0,Acrisols / Ferralsols / Red Earth,Rainy,Rainfed,77.8,0.379503506085274,,
Shan,2023,Pesingon(Pigeon pea),49371,49371,18864,586702652.6,22.07,653.29,64800000000.0,Acrisols / Ferralsols / Red Earth,Rainy,Rainfed,75.87,0.382086650057726,,
Ayeyarwady,2012,Pesingon(Pigeon pea),4520,4520,1427,243967785.0,27.73,892.99,59920000000.0,Fluvisols / Gleysols / Alluvial,Rainy,Rainfed,77.72,0.315707964601769,,
Ayeyarwady,2013,Pesingon(Pigeon pea),4367,4367,1372,199816069.0,27.91,705.85,63260000000.0,Fluvisols / Gleysols / Alluvial,Rainy,Rainfed,75.45,0.314174490496908,,
Ayeyarwady,2014,Pesingon(Pigeon pea),4423,4423,1434,267590796.3,28.21,606.23,67459999999.9999,Fluvisols / Gleysols / Alluvial,Rainy,Rainfed,74.2,0.324214334162333,,
Ayeyarwady,2015,Pesingon(Pigeon pea),4322,4322,1400,238665203.2,28.19,737.44,62720000000.0,Fluvisols / Gleysols / Alluvial,Rainy,Rainfed,75.78,0.323924109208699,,
Ayeyarwady,2016,Pesingon(Pigeon pea),4304,4304,1427,314946615.9,28.14,712.5,60120000000.0,Fluvisols / Gleysols / Alluvial,Rainy,Rainfed,75.48,0.331552044609665,,
Ayeyarwady,2017,Pesingon(Pigeon pea),4175,4175,1421,304701296.0,28.04,819.64,63340000000.0,Fluvisols / Gleysols / Alluvial,Rainy,Rainfed,76.79,0.340359281437125,,
Ayeyarwady,2018,Pesingon(Pigeon pea),4046,4046,1382,380230690.0,27.76,972.0,67150000000.0,Fluvisols / Gleysols / Alluvial,Rainy,Rainfed,78.67,0.341571922886801,,
Ayeyarwady,2019,Pesingon(Pigeon pea),3020,3020,1109,413574673.8,28.38,776.06,68700000000.0,Fluvisols / Gleysols / Alluvial,Rainy,Rainfed,76.2,0.367218543046357,,
Ayeyarwady,2020,Pesingon(Pigeon pea),3130,3130,1140,391351453.3,28.37,575.94,78930000000.0,Fluvisols / Gleysols / Alluvial,Rainy,Rainfed,73.8,0.364217252396166,,
Ayeyarwady,2021,Pesingon(Pigeon pea),3102,3102,1134,388899650.8,27.92,960.87,65120000000.0,Fluvisols / Gleysols / Alluvial,Rainy,Rainfed,78.5,0.365570599613152,,
Ayeyarwady,2022,Pesingon(Pigeon pea),1992,1992,701,586761617.0,27.91,944.56,62240000000.0,Fluvisols / Gleysols / Alluvial,Rainy,Rainfed,78.31,0.351907630522088,,
Ayeyarwady,2023,Pesingon(Pigeon pea),1992,1992,701,586702652.6,28.36,837.63,64800000000.0,Fluvisols / Gleysols / Alluvial,Rainy,Rainfed,76.95,0.351907630522088,,
Nay Pyi Taw,2012,Pesingon(Pigeon pea),1097,1097,340,243967785.0,25.41,942.84,59920000000.0,Cambisols / Fluvisols / Loam,Rainy,Rainfed,78.74,0.309936189608021,,
Nay Pyi Taw,2013,Pesingon(Pigeon pea),1123,1123,346,199816069.0,25.88,775.78,63260000000.0,Cambisols / Fluvisols / Loam,Rainy,Rainfed,76.65,0.308103294746215,,
Nay Pyi Taw,2014,Pesingon(Pigeon pea),1062,1062,324,267590796.3,26.38,617.16,67459999999.9999,Cambisols / Fluvisols / Loam,Rainy,Rainfed,74.66,0.305084745762711,,
Nay Pyi Taw,2015,Pesingon(Pigeon pea),819,819,263,238665203.2,26.35,678.38,62720000000.0,Cambisols / Fluvisols / Loam,Rainy,Rainfed,75.4,0.321123321123321,,
Nay Pyi Taw,2016,Pesingon(Pigeon pea),947,939,299,314946615.9,26.23,754.74,60120000000.0,Cambisols / Fluvisols / Loam,Rainy,Rainfed,76.34,0.318423855165069,,
Nay Pyi Taw,2017,Pesingon(Pigeon pea),1088,1088,342,304701296.0,26.08,972.17,63340000000.0,Cambisols / Fluvisols / Loam,Rainy,Rainfed,78.97,0.314338235294117,,
Nay Pyi Taw,2018,Pesingon(Pigeon pea),949,949,302,380230690.0,25.73,812.09,67150000000.0,Cambisols / Fluvisols / Loam,Rainy,Rainfed,77.11,0.318229715489989,,
Nay Pyi Taw,2019,Pesingon(Pigeon pea),1113,1113,356,413574673.8,26.57,787.91,68700000000.0,Cambisols / Fluvisols / Loam,Rainy,Rainfed,76.67,0.319856244384546,,
Nay Pyi Taw,2020,Pesingon(Pigeon pea),713,713,224,391351453.3,26.28,762.33,78930000000.0,Cambisols / Fluvisols / Loam,Rainy,Rainfed,76.42,0.314165497896213,,
Nay Pyi Taw,2021,Pesingon(Pigeon pea),444,444,138,388899650.8,26.24,851.96,65120000000.0,Cambisols / Fluvisols / Loam,Rainy,Rainfed,77.5,0.31081081081081,,
Nay Pyi Taw,2022,Pesingon(Pigeon pea),372,372,114,586761617.0,25.96,1027.18,62240000000.0,Cambisols / Fluvisols / Loam,Rainy,Rainfed,79.65,0.306451612903225,,
Nay Pyi Taw,2023,Pesingon(Pigeon pea),319,319,103,586702652.6,26.62,853.39,64800000000.0,Cambisols / Fluvisols / Loam,Rainy,Rainfed,77.45,0.322884012539185,,
Kachin,2012,Sadawpe(Garden pea),7178,7178,1751,243967785.0,23.38,914.61,59920000000.0,Acrisols / Red-Brown Lateritic,Rainy,Rainfed,78.77,0.243939816104764,,
Kachin,2013,Sadawpe(Garden pea),7570,7570,1835,199816069.0,23.62,939.94,63260000000.0,Acrisols / Red-Brown Lateritic,Rainy,Rainfed,79.03,0.242404227212681,,
Kachin,2014,Sadawpe(Garden pea),6895,6895,1498,267590796.3,24.01,833.48,67459999999.9999,Acrisols / Red-Brown Lateritic,Rainy,Rainfed,77.68,0.21725888324873,,
Kachin,2015,Sadawpe(Garden pea),6969,6969,1708,238665203.2,23.27,1005.47,62720000000.0,Acrisols / Red-Brown Lateritic,Rainy,Rainfed,79.88,0.245085378103027,,
Kachin,2016,Sadawpe(Garden pea),6289,6289,1566,314946615.9,23.17,1224.63,60120000000.0,Acrisols / Red-Brown Lateritic,Rainy,Rainfed,82.52,0.249006201303863,,
Kachin,2017,Sadawpe(Garden pea),7004,7004,1777,304701296.0,23.28,1125.21,63340000000.0,Acrisols / Red-Brown Lateritic,Rainy,Rainfed,81.31,0.253712164477441,,
Kachin,2018,Sadawpe(Garden pea),6690,6690,1692,380230690.0,22.85,1162.0,67150000000.0,Acrisols / Red-Brown Lateritic,Rainy,Rainfed,81.83,0.252914798206278,,
Kachin,2019,Sadawpe(Garden pea),6734,6734,1711,413574673.8,23.49,1042.44,68700000000.0,Acrisols / Red-Brown Lateritic,Rainy,Rainfed,80.28,0.254083754083754,,
Kachin,2020,Sadawpe(Garden pea),7628,7628,1845,391351453.3,22.87,1329.91,78930000000.0,Acrisols / Red-Brown Lateritic,Rainy,Rainfed,83.84,0.241872050340849,,
Kachin,2021,Sadawpe(Garden pea),7160,7160,1826,388899650.8,23.65,1005.31,65120000000.0,Acrisols / Red-Brown Lateritic,Rainy,Rainfed,79.81,0.255027932960893,,
Kachin,2022,Sadawpe(Garden pea),5754,5754,1474,586761617.0,22.99,1256.07,62240000000.0,Acrisols / Red-Brown Lateritic,Rainy,Rainfed,82.93,0.256169621133124,,
Kachin,2023,Sadawpe(Garden pea),5830,5830,1469,586702652.6,23.84,1183.85,64800000000.0,Acrisols / Red-Brown Lateritic,Rainy,Rainfed,81.91,0.25197255574614,,
Kayah,2012,Sadawpe(Garden pea),300,300,135,243967785.0,22.51,1604.82,59920000000.0,Luvisols / Red Earth,Rainy,Rainfed,87.21,0.45,,
Kayah,2013,Sadawpe(Garden pea),300,300,135,199816069.0,22.71,1317.07,63260000000.0,Luvisols / Red Earth,Rainy,Rainfed,83.72,0.45,,
Kayah,2014,Sadawpe(Garden pea),300,300,135,267590796.3,23.02,1089.18,67459999999.9999,Luvisols / Red Earth,Rainy,Rainfed,80.93,0.45,,
Kayah,2015,Sadawpe(Garden pea),300,300,135,238665203.2,23.36,1113.03,62720000000.0,Luvisols / Red Earth,Rainy,Rainfed,81.15,0.45,,
Kayah,2016,Sadawpe(Garden pea),300,300,137,314946615.9,23.41,1222.88,60120000000.0,Luvisols / Red Earth,Rainy,Rainfed,82.46,0.456666666666666,,
Kayah,2017,Sadawpe(Garden pea),250,250,114,304701296.0,23.16,1567.54,63340000000.0,Luvisols / Red Earth,Rainy,Rainfed,86.64,0.456,,
Kayah,2018,Sadawpe(Garden pea),250,250,114,380230690.0,22.69,1316.55,67150000000.0,Luvisols / Red Earth,Rainy,Rainfed,83.71,0.456,,
Kayah,2019,Sadawpe(Garden pea),250,250,114,413574673.8,23.24,1282.79,68700000000.0,Luvisols / Red Earth,Rainy,Rainfed,83.21,0.456,,
Kayah,2020,Sadawpe(Garden pea),250,250,114,391351453.3,23.16,1222.66,78930000000.0,Luvisols / Red Earth,Rainy,Rainfed,82.5,0.456,,
Kayah,2021,Sadawpe(Garden pea),180,180,82,388899650.8,23.01,1440.62,65120000000.0,Luvisols / Red Earth,Rainy,Rainfed,85.15,0.455555555555555,,
Kayah,2022,Sadawpe(Garden pea),250,250,114,586761617.0,22.94,1814.13,62240000000.0,Luvisols / Red Earth,Rainy,Rainfed,89.64,0.456,,
Kayah,2023,Sadawpe(Garden pea),84,84,39,586702652.6,23.4,1417.46,64800000000.0,Luvisols / Red Earth,Rainy,Rainfed,84.8,0.464285714285714,,
Kayin,2012,Sadawpe(Garden pea),0,0,0,243967785.0,26.77,2467.92,59920000000.0,Fluvisols / Gleysols / Alluvial,Rainy,Rainfed,93.0,0.0,,
Kayin,2013,Sadawpe(Garden pea),0,0,0,199816069.0,26.67,2022.51,63260000000.0,Fluvisols / Gleysols / Alluvial,Rainy,Rainfed,91.47,0.0,,
Kayin,2014,Sadawpe(Garden pea),0,0,0,267590796.3,26.61,1604.54,67459999999.9999,Fluvisols / Gleysols / Alluvial,Rainy,Rainfed,86.46,0.0,,
Kayin,2015,Sadawpe(Garden pea),0,0,0,238665203.2,26.97,1981.43,62720000000.0,Fluvisols / Gleysols / Alluvial,Rainy,Rainfed,90.92,0.0,,
Kayin,2016,Sadawpe(Garden pea),0,0,0,314946615.9,26.89,1804.66,60120000000.0,Fluvisols / Gleysols / Alluvial,Rainy,Rainfed,88.82,0.0,,
Kayin,2017,Sadawpe(Garden pea),0,0,0,304701296.0,26.65,2185.47,63340000000.0,Fluvisols / Gleysols / Alluvial,Rainy,Rainfed,93.0,0.0,,
Kayin,2018,Sadawpe(Garden pea),0,0,0,380230690.0,26.73,2484.66,67150000000.0,Fluvisols / Gleysols / Alluvial,Rainy,Rainfed,93.0,0.0,,
Kayin,2019,Sadawpe(Garden pea),0,0,0,413574673.8,26.95,2087.25,68700000000.0,Fluvisols / Gleysols / Alluvial,Rainy,Rainfed,92.2,0.0,,
Kayin,2020,Sadawpe(Garden pea),0,0,0,391351453.3,27.12,1531.95,78930000000.0,Fluvisols / Gleysols / Alluvial,Rainy,Rainfed,85.5,0.0,,
Kayin,2021,Sadawpe(Garden pea),0,0,0,388899650.8,26.67,2969.17,65120000000.0,Fluvisols / Gleysols / Alluvial,Rainy,Rainfed,93.0,0.0,,
Kayin,2022,Sadawpe(Garden pea),0,0,0,586761617.0,26.62,2622.64,62240000000.0,Fluvisols / Gleysols / Alluvial,Rainy,Rainfed,93.0,0.0,,
Kayin,2023,Sadawpe(Garden pea),0,0,0,586702652.6,26.96,2436.25,64800000000.0,Fluvisols / Gleysols / Alluvial,Rainy,Rainfed,93.0,0.0,,
Chin,2012,Sadawpe(Garden pea),1177,1177,229,243967785.0,22.62,716.7,59920000000.0,Cambisols / Mountainous Soil,Rainy,Rainfed,76.53,0.194562446898895,,
Chin,2013,Sadawpe(Garden pea),1247,1247,241,199816069.0,22.48,814.73,63260000000.0,Cambisols / Mountainous Soil,Rainy,Rainfed,77.73,0.193263833199679,,
Chin,2014,Sadawpe(Garden pea),1240,1240,241,267590796.3,22.97,716.65,67459999999.9999,Cambisols / Mountainous Soil,Rainy,Rainfed,76.47,0.194354838709677,,
Chin,2015,Sadawpe(Garden pea),1373,1373,260,238665203.2,22.61,913.76,62720000000.0,Cambisols / Mountainous Soil,Rainy,Rainfed,78.9,0.189366351056081,,
Chin,2016,Sadawpe(Garden pea),1273,1273,245,314946615.9,22.87,965.57,60120000000.0,Cambisols / Mountainous Soil,Rainy,Rainfed,79.47,0.192458758837392,,
Chin,2017,Sadawpe(Garden pea),1339,1339,258,304701296.0,22.26,1578.85,63340000000.0,Cambisols / Mountainous Soil,Rainy,Rainfed,86.94,0.192681105302464,,
Chin,2018,Sadawpe(Garden pea),1280,1280,248,380230690.0,21.95,1160.88,67150000000.0,Cambisols / Mountainous Soil,Rainy,Rainfed,81.98,0.19375,,
Chin,2019,Sadawpe(Garden pea),1277,1277,249,413574673.8,22.53,1254.78,68700000000.0,Cambisols / Mountainous Soil,Rainy,Rainfed,83.0,0.194988253719655,,
Chin,2020,Sadawpe(Garden pea),1154,1154,232,391351453.3,22.26,1038.88,78930000000.0,Cambisols / Mountainous Soil,Rainy,Rainfed,80.46,0.201039861351819,,
Chin,2021,Sadawpe(Garden pea),945,731,145,388899650.8,22.92,753.21,65120000000.0,Cambisols / Mountainous Soil,Rainy,Rainfed,76.91,0.198358413132694,,
Chin,2022,Sadawpe(Garden pea),861,861,185,586761617.0,22.64,714.38,62240000000.0,Cambisols / Mountainous Soil,Rainy,Rainfed,76.5,0.214866434378629,,
Chin,2023,Sadawpe(Garden pea),866,866,186,586702652.6,23.13,770.15,64800000000.0,Cambisols / Mountainous Soil,Rainy,Rainfed,77.08,0.214780600461893,,
Sagaing,2012,Sadawpe(Garden pea),59886,59886,22511,243967785.0,28.48,302.6,59920000000.0,Luvisols / Cambisols / Savanna,Rainy,Rainfed,70.5,0.375897538656781,,
Sagaing,2013,Sadawpe(Garden pea),59399,59399,22754,199816069.0,28.47,362.75,63260000000.0,Luvisols / Cambisols / Savanna,Rainy,Rainfed,71.23,0.383070422060977,,
Sagaing,2014,Sadawpe(Garden pea),60364,60257,23589,267590796.3,29.02,272.71,67459999999.9999,Luvisols / Cambisols / Savanna,Rainy,Rainfed,70.05,0.391473189836865,,
Sagaing,2015,Sadawpe(Garden pea),60294,60294,23643,238665203.2,28.54,378.91,62720000000.0,Luvisols / Cambisols / Savanna,Rainy,Rainfed,71.41,0.392128570006965,,
Sagaing,2016,Sadawpe(Garden pea),59240,59240,23430,314946615.9,28.61,466.45,60120000000.0,Luvisols / Cambisols / Savanna,Rainy,Rainfed,72.45,0.395509790681971,,
Sagaing,2017,Sadawpe(Garden pea),58225,58225,21681,304701296.0,28.07,637.58,63340000000.0,Luvisols / Cambisols / Savanna,Rainy,Rainfed,74.6,0.372365822241305,,
Sagaing,2018,Sadawpe(Garden pea),55566,55566,22068,380230690.0,27.88,475.8,67150000000.0,Luvisols / Cambisols / Savanna,Rainy,Rainfed,72.69,0.397149335924846,,
Sagaing,2019,Sadawpe(Garden pea),56481,56481,22536,413574673.8,28.67,477.22,68700000000.0,Luvisols / Cambisols / Savanna,Rainy,Rainfed,72.57,0.399001434110585,,
Sagaing,2020,Sadawpe(Garden pea),53345,53345,17977,391351453.3,28.0,552.96,78930000000.0,Luvisols / Cambisols / Savanna,Rainy,Rainfed,73.6,0.336995032336676,,
Sagaing,2021,Sadawpe(Garden pea),53607,53607,19617,388899650.8,29.14,338.14,65120000000.0,Luvisols / Cambisols / Savanna,Rainy,Rainfed,70.81,0.365941015165929,,
Sagaing,2022,Sadawpe(Garden pea),56092,56092,20562,586761617.0,28.78,375.7,62240000000.0,Luvisols / Cambisols / Savanna,Rainy,Rainfed,71.33,0.366576338871853,,
Sagaing,2023,Sadawpe(Garden pea),53681,53681,20884,586702652.6,29.19,387.79,64800000000.0,Luvisols / Cambisols / Savanna,Rainy,Rainfed,71.4,0.389038952329502,,
Tanintharyi,2012,Sadawpe(Garden pea),0,0,0,243967785.0,26.24,2388.49,59920000000.0,Ferralsols / Plinthosols / Lateritic,Rainy,Rainfed,93.0,0.0,,
Tanintharyi,2013,Sadawpe(Garden pea),0,0,0,199816069.0,25.94,2304.57,63260000000.0,Ferralsols / Plinthosols / Lateritic,Rainy,Rainfed,93.0,0.0,,
Tanintharyi,2014,Sadawpe(Garden pea),0,0,0,267590796.3,25.99,1706.05,67459999999.9999,Ferralsols / Plinthosols / Lateritic,Rainy,Rainfed,87.79,0.0,,
Tanintharyi,2015,Sadawpe(Garden pea),0,0,0,238665203.2,26.43,1914.37,62720000000.0,Ferralsols / Plinthosols / Lateritic,Rainy,Rainfed,90.22,0.0,,
Tanintharyi,2016,Sadawpe(Garden pea),0,0,0,314946615.9,26.3,1870.73,60120000000.0,Ferralsols / Plinthosols / Lateritic,Rainy,Rainfed,89.71,0.0,,
Tanintharyi,2017,Sadawpe(Garden pea),0,0,0,304701296.0,26.08,2485.72,63340000000.0,Ferralsols / Plinthosols / Lateritic,Rainy,Rainfed,93.0,0.0,,
Tanintharyi,2018,Sadawpe(Garden pea),0,0,0,380230690.0,26.23,2273.98,67150000000.0,Ferralsols / Plinthosols / Lateritic,Rainy,Rainfed,93.0,0.0,,
Tanintharyi,2019,Sadawpe(Garden pea),0,0,0,413574673.8,26.44,1846.93,68700000000.0,Ferralsols / Plinthosols / Lateritic,Rainy,Rainfed,89.4,0.0,,
Tanintharyi,2020,Sadawpe(Garden pea),0,0,0,391351453.3,26.42,2375.71,78930000000.0,Ferralsols / Plinthosols / Lateritic,Rainy,Rainfed,93.0,0.0,,
Tanintharyi,2021,Sadawpe(Garden pea),0,0,0,388899650.8,25.97,2896.94,65120000000.0,Ferralsols / Plinthosols / Lateritic,Rainy,Rainfed,93.0,0.0,,
Tanintharyi,2022,Sadawpe(Garden pea),0,0,0,586761617.0,26.08,2726.62,62240000000.0,Ferralsols / Plinthosols / Lateritic,Rainy,Rainfed,93.0,0.0,,
Tanintharyi,2023,Sadawpe(Garden pea),0,0,0,586702652.6,26.46,2318.19,64800000000.0,Ferralsols / Plinthosols / Lateritic,Rainy,Rainfed,93.0,0.0,,
Bago,2012,Sadawpe(Garden pea),458,458,165,243967785.0,27.33,1519.25,59920000000.0,Fluvisols / Gleysols / Alluvial,Rainy,Rainfed,85.31,0.360262008733624,,
Bago,2013,Sadawpe(Garden pea),456,456,167,199816069.0,27.57,1187.91,63260000000.0,Fluvisols / Gleysols / Alluvial,Rainy,Rainfed,81.29,0.366228070175438,,
Bago,2014,Sadawpe(Garden pea),418,418,153,267590796.3,27.57,1054.41,67459999999.9999,Fluvisols / Gleysols / Alluvial,Rainy,Rainfed,79.69,0.366028708133971,,
Bago,2015,Sadawpe(Garden pea),418,418,162,238665203.2,27.77,1256.33,62720000000.0,Fluvisols / Gleysols / Alluvial,Rainy,Rainfed,82.08,0.38755980861244,,
Bago,2016,Sadawpe(Garden pea),586,586,230,314946615.9,27.71,1212.7,60120000000.0,Fluvisols / Gleysols / Alluvial,Rainy,Rainfed,81.56,0.392491467576791,,
Bago,2017,Sadawpe(Garden pea),551,551,216,304701296.0,27.49,1498.81,63340000000.0,Fluvisols / Gleysols / Alluvial,Rainy,Rainfed,85.04,0.392014519056261,,
Bago,2018,Sadawpe(Garden pea),419,419,164,380230690.0,27.43,1690.27,67150000000.0,Fluvisols / Gleysols / Alluvial,Rainy,Rainfed,87.35,0.391408114558472,,
Bago,2019,Sadawpe(Garden pea),837,837,330,413574673.8,28.09,1236.72,68700000000.0,Fluvisols / Gleysols / Alluvial,Rainy,Rainfed,81.78,0.39426523297491,,
Bago,2020,Sadawpe(Garden pea),260,260,104,391351453.3,28.01,1004.02,78930000000.0,Fluvisols / Gleysols / Alluvial,Rainy,Rainfed,79.01,0.4,,
Bago,2021,Sadawpe(Garden pea),440,440,175,388899650.8,27.31,1749.84,65120000000.0,Fluvisols / Gleysols / Alluvial,Rainy,Rainfed,88.08,0.397727272727272,,
Bago,2022,Sadawpe(Garden pea),239,239,96,586761617.0,27.34,1789.55,62240000000.0,Fluvisols / Gleysols / Alluvial,Rainy,Rainfed,88.55,0.401673640167364,,
Bago,2023,Sadawpe(Garden pea),240,240,96,586702652.6,28.01,1574.66,64800000000.0,Fluvisols / Gleysols / Alluvial,Rainy,Rainfed,85.85,0.4,,
Magway,2012,Sadawpe(Garden pea),31203,31203,11894,243967785.0,26.79,898.02,59920000000.0,Regosols / Luvisols / Sandy Savanna,Rainy,Rainfed,77.95,0.381181296670191,,
Magway,2013,Sadawpe(Garden pea),33604,33604,13473,199816069.0,26.96,878.15,63260000000.0,Regosols / Luvisols / Sandy Savanna,Rainy,Rainfed,77.68,0.400934412569932,,
Magway,2014,Sadawpe(Garden pea),33668,33668,13745,267590796.3,27.42,770.86,67459999999.9999,Regosols / Luvisols / Sandy Savanna,Rainy,Rainfed,76.31,0.408251158369965,,
Magway,2015,Sadawpe(Garden pea),34480,34480,14167,238665203.2,27.31,734.05,62720000000.0,Regosols / Luvisols / Sandy Savanna,Rainy,Rainfed,75.89,0.410875870069605,,
Magway,2016,Sadawpe(Garden pea),29200,29197,12255,314946615.9,27.18,941.74,60120000000.0,Regosols / Luvisols / Sandy Savanna,Rainy,Rainfed,78.41,0.419734904270986,,
Magway,2017,Sadawpe(Garden pea),21813,21794,8047,304701296.0,27.02,1107.58,63340000000.0,Regosols / Luvisols / Sandy Savanna,Rainy,Rainfed,80.43,0.369230063320179,,
Magway,2018,Sadawpe(Garden pea),19286,19272,6912,380230690.0,26.75,839.14,67150000000.0,Regosols / Luvisols / Sandy Savanna,Rainy,Rainfed,77.25,0.35865504358655,,
Magway,2019,Sadawpe(Garden pea),15763,15744,5512,413574673.8,27.7,769.91,68700000000.0,Regosols / Luvisols / Sandy Savanna,Rainy,Rainfed,76.25,0.35010162601626,,
Magway,2020,Sadawpe(Garden pea),18247,18247,6267,391351453.3,27.15,822.19,78930000000.0,Regosols / Luvisols / Sandy Savanna,Rainy,Rainfed,76.98,0.343453718419466,,
Magway,2021,Sadawpe(Garden pea),16373,16373,5621,388899650.8,27.77,689.55,65120000000.0,Regosols / Luvisols / Sandy Savanna,Rainy,Rainfed,75.28,0.34330910645575,,
Magway,2022,Sadawpe(Garden pea),17649,17649,6075,586761617.0,27.6,729.42,62240000000.0,Regosols / Luvisols / Sandy Savanna,Rainy,Rainfed,75.79,0.344212136664966,,
Magway,2023,Sadawpe(Garden pea),18455,18455,7019,586702652.6,28.03,696.9,64800000000.0,Regosols / Luvisols / Sandy Savanna,Rainy,Rainfed,75.32,0.380330533730696,,
Mandalay,2012,Sadawpe(Garden pea),1664,1664,360,243967785.0,27.22,338.39,59920000000.0,Luvisols / Cambisols / Savanna,Rainy,Rainfed,71.16,0.216346153846153,,
Mandalay,2013,Sadawpe(Garden pea),1806,1806,395,199816069.0,27.39,350.66,63260000000.0,Luvisols / Cambisols / Savanna,Rainy,Rainfed,71.28,0.218715393133997,,
Mandalay,2014,Sadawpe(Garden pea),1895,1895,431,267590796.3,27.89,270.44,67459999999.9999,Luvisols / Cambisols / Savanna,Rainy,Rainfed,70.23,0.227440633245382,,
Mandalay,2015,Sadawpe(Garden pea),2078,2078,472,238665203.2,27.41,376.48,62720000000.0,Luvisols / Cambisols / Savanna,Rainy,Rainfed,71.58,0.227141482194417,,
Mandalay,2016,Sadawpe(Garden pea),1632,1202,328,314946615.9,27.59,376.98,60120000000.0,Luvisols / Cambisols / Savanna,Rainy,Rainfed,71.56,0.27287853577371,,
Mandalay,2017,Sadawpe(Garden pea),1880,1880,539,304701296.0,27.37,461.76,63340000000.0,Luvisols / Cambisols / Savanna,Rainy,Rainfed,72.61,0.286702127659574,,
Mandalay,2018,Sadawpe(Garden pea),2162,2162,625,380230690.0,27.03,394.62,67150000000.0,Luvisols / Cambisols / Savanna,Rainy,Rainfed,71.87,0.289084181313598,,
Mandalay,2019,Sadawpe(Garden pea),2397,2397,698,413574673.8,27.69,414.37,68700000000.0,Luvisols / Cambisols / Savanna,Rainy,Rainfed,71.99,0.291197329995828,,
Mandalay,2020,Sadawpe(Garden pea),2331,2331,590,391351453.3,27.18,470.39,78930000000.0,Luvisols / Cambisols / Savanna,Rainy,Rainfed,72.75,0.253110253110253,,
Mandalay,2021,Sadawpe(Garden pea),2437,2437,703,388899650.8,27.8,383.44,65120000000.0,Luvisols / Cambisols / Savanna,Rainy,Rainfed,71.6,0.28846942962659,,
Mandalay,2022,Sadawpe(Garden pea),2245,2245,657,586761617.0,27.53,425.89,62240000000.0,Luvisols / Cambisols / Savanna,Rainy,Rainfed,72.16,0.292650334075723,,
Mandalay,2023,Sadawpe(Garden pea),2248,2248,658,586702652.6,28.02,431.5,64800000000.0,Luvisols / Cambisols / Savanna,Rainy,Rainfed,72.13,0.292704626334519,,
Mon,2012,Sadawpe(Garden pea),0,0,0,243967785.0,27.89,2936.46,59920000000.0,Ferralsols / Gleysols / Lateritic,Rainy,Rainfed,93.0,0.0,,
Mon,2013,Sadawpe(Garden pea),0,0,0,199816069.0,27.75,2472.26,63260000000.0,Ferralsols / Gleysols / Lateritic,Rainy,Rainfed,93.0,0.0,,
Mon,2014,Sadawpe(Garden pea),0,0,0,267590796.3,27.71,1805.43,67459999999.9999,Ferralsols / Gleysols / Lateritic,Rainy,Rainfed,88.68,0.0,,
Mon,2015,Sadawpe(Garden pea),0,0,0,238665203.2,27.96,2500.08,62720000000.0,Ferralsols / Gleysols / Lateritic,Rainy,Rainfed,93.0,0.0,,
Mon,2016,Sadawpe(Garden pea),0,0,0,314946615.9,27.84,2247.31,60120000000.0,Ferralsols / Gleysols / Lateritic,Rainy,Rainfed,93.0,0.0,,
Mon,2017,Sadawpe(Garden pea),0,0,0,304701296.0,27.68,2729.02,63340000000.0,Ferralsols / Gleysols / Lateritic,Rainy,Rainfed,93.0,0.0,,
Mon,2018,Sadawpe(Garden pea),0,0,0,380230690.0,27.86,3263.34,67150000000.0,Ferralsols / Gleysols / Lateritic,Rainy,Rainfed,93.0,0.0,,
Mon,2019,Sadawpe(Garden pea),0,0,0,413574673.8,28.11,2717.71,68700000000.0,Ferralsols / Gleysols / Lateritic,Rainy,Rainfed,93.0,0.0,,
Mon,2020,Sadawpe(Garden pea),0,0,0,391351453.3,28.13,1897.4,78930000000.0,Ferralsols / Gleysols / Lateritic,Rainy,Rainfed,89.71,0.0,,
Mon,2021,Sadawpe(Garden pea),4,4,0,388899650.8,27.71,3711.2,65120000000.0,Ferralsols / Gleysols / Lateritic,Rainy,Rainfed,93.0,0.0,,
Mon,2022,Sadawpe(Garden pea),0,0,0,586761617.0,27.71,3270.72,62240000000.0,Ferralsols / Gleysols / Lateritic,Rainy,Rainfed,93.0,0.0,,
Mon,2023,Sadawpe(Garden pea),0,0,0,586702652.6,28.09,3075.98,64800000000.0,Ferralsols / Gleysols / Lateritic,Rainy,Rainfed,93.0,0.0,,
Rakhine,2012,Sadawpe(Garden pea),0,0,0,243967785.0,26.54,2984.69,59920000000.0,Gleysols / Alluvial / Mountainous,Rainy,Rainfed,93.0,0.0,,
Rakhine,2013,Sadawpe(Garden pea),0,0,0,199816069.0,26.5,3116.99,63260000000.0,Gleysols / Alluvial / Mountainous,Rainy,Rainfed,93.0,0.0,,
Rakhine,2014,Sadawpe(Garden pea),0,0,0,267590796.3,26.74,2952.75,67459999999.9999,Gleysols / Alluvial / Mountainous,Rainy,Rainfed,93.0,0.0,,
Rakhine,2015,Sadawpe(Garden pea),0,0,0,238665203.2,26.5,8475.24,62720000000.0,Gleysols / Alluvial / Mountainous,Rainy,Rainfed,93.0,0.0,,
Rakhine,2016,Sadawpe(Garden pea),0,0,0,314946615.9,26.76,10036.74,60120000000.0,Gleysols / Alluvial / Mountainous,Rainy,Rainfed,93.0,0.0,,
Rakhine,2017,Sadawpe(Garden pea),0,0,0,304701296.0,26.66,7844.64,63340000000.0,Gleysols / Alluvial / Mountainous,Rainy,Rainfed,93.0,0.0,,
Rakhine,2018,Sadawpe(Garden pea),0,0,0,380230690.0,26.17,7927.61,67150000000.0,Gleysols / Alluvial / Mountainous,Rainy,Rainfed,93.0,0.0,,
Rakhine,2019,Sadawpe(Garden pea),0,0,0,413574673.8,26.66,8062.73,68700000000.0,Gleysols / Alluvial / Mountainous,Rainy,Rainfed,93.0,0.0,,
Rakhine,2020,Sadawpe(Garden pea),0,0,0,391351453.3,26.49,7855.92,78930000000.0,Gleysols / Alluvial / Mountainous,Rainy,Rainfed,93.0,0.0,,
Rakhine,2021,Sadawpe(Garden pea),0,0,0,388899650.8,26.93,5291.74,65120000000.0,Gleysols / Alluvial / Mountainous,Rainy,Rainfed,93.0,0.0,,
Rakhine,2022,Sadawpe(Garden pea),0,0,0,586761617.0,26.66,5117.41,62240000000.0,Gleysols / Alluvial / Mountainous,Rainy,Rainfed,93.0,0.0,,
Rakhine,2023,Sadawpe(Garden pea),2,2,2,586702652.6,26.9,5823.68,64800000000.0,Gleysols / Alluvial / Mountainous,Rainy,Rainfed,93.0,1.0,,
Yangon,2012,Sadawpe(Garden pea),0,0,0,243967785.0,27.5,1871.61,59920000000.0,Fluvisols / Gleysols / Alluvial,Rainy,Rainfed,89.51,0.0,,
Yangon,2013,Sadawpe(Garden pea),0,0,0,199816069.0,27.61,1492.96,63260000000.0,Fluvisols / Gleysols / Alluvial,Rainy,Rainfed,84.95,0.0,,
Yangon,2014,Sadawpe(Garden pea),0,0,0,267590796.3,27.67,1241.48,67459999999.9999,Fluvisols / Gleysols / Alluvial,Rainy,Rainfed,81.92,0.0,,
Yangon,2015,Sadawpe(Garden pea),0,0,0,238665203.2,27.86,1676.99,62720000000.0,Fluvisols / Gleysols / Alluvial,Rainy,Rainfed,87.11,0.0,,
Yangon,2016,Sadawpe(Garden pea),0,0,0,314946615.9,27.8,1521.79,60120000000.0,Fluvisols / Gleysols / Alluvial,Rainy,Rainfed,85.26,0.0,,
Yangon,2017,Sadawpe(Garden pea),0,0,0,304701296.0,27.54,1863.36,63340000000.0,Fluvisols / Gleysols / Alluvial,Rainy,Rainfed,89.4,0.0,,
Yangon,2018,Sadawpe(Garden pea),0,0,0,380230690.0,27.53,2226.31,67150000000.0,Fluvisols / Gleysols / Alluvial,Rainy,Rainfed,93.0,0.0,,
Yangon,2019,Sadawpe(Garden pea),0,0,0,413574673.8,28.09,1694.52,68700000000.0,Fluvisols / Gleysols / Alluvial,Rainy,Rainfed,87.28,0.0,,
Yangon,2020,Sadawpe(Garden pea),0,0,0,391351453.3,28.05,1262.54,78930000000.0,Fluvisols / Gleysols / Alluvial,Rainy,Rainfed,82.1,0.0,,
Yangon,2021,Sadawpe(Garden pea),0,0,0,388899650.8,27.4,2360.45,65120000000.0,Fluvisols / Gleysols / Alluvial,Rainy,Rainfed,93.0,0.0,,
Yangon,2022,Sadawpe(Garden pea),0,0,0,586761617.0,27.36,2242.28,62240000000.0,Fluvisols / Gleysols / Alluvial,Rainy,Rainfed,93.0,0.0,,
Yangon,2023,Sadawpe(Garden pea),0,0,0,586702652.6,28.02,2034.25,64800000000.0,Fluvisols / Gleysols / Alluvial,Rainy,Rainfed,91.37,0.0,,
Shan,2012,Sadawpe(Garden pea),23153,23153,7376,243967785.0,21.06,671.3,59920000000.0,Acrisols / Ferralsols / Red Earth,Rainy,Rainfed,76.26,0.31857642638103,,
Shan,2013,Sadawpe(Garden pea),24035,24035,7757,199816069.0,21.38,594.52,63260000000.0,Acrisols / Ferralsols / Red Earth,Rainy,Rainfed,75.29,0.322737674225088,,
Shan,2014,Sadawpe(Garden pea),23558,21665,6840,267590796.3,21.82,438.2,67459999999.9999,Acrisols / Ferralsols / Red Earth,Rainy,Rainfed,73.33,0.315716593584121,,
Shan,2015,Sadawpe(Garden pea),23626,23626,7564,238665203.2,21.68,533.62,62720000000.0,Acrisols / Ferralsols / Red Earth,Rainy,Rainfed,74.5,0.320155760602725,,
Shan,2016,Sadawpe(Garden pea),23045,23045,7246,314946615.9,21.69,570.05,60120000000.0,Acrisols / Ferralsols / Red Earth,Rainy,Rainfed,74.94,0.314428292471251,,
Shan,2017,Sadawpe(Garden pea),22682,22682,7165,304701296.0,21.52,759.17,63340000000.0,Acrisols / Ferralsols / Red Earth,Rainy,Rainfed,77.24,0.315889251388766,,
Shan,2018,Sadawpe(Garden pea),22115,22115,7150,380230690.0,21.16,624.01,67150000000.0,Acrisols / Ferralsols / Red Earth,Rainy,Rainfed,75.68,0.323309970608184,,
Shan,2019,Sadawpe(Garden pea),22109,22109,7117,413574673.8,21.87,584.23,68700000000.0,Acrisols / Ferralsols / Red Earth,Rainy,Rainfed,75.07,0.321905106517707,,
Shan,2020,Sadawpe(Garden pea),21551,21551,6984,391351453.3,21.56,626.15,78930000000.0,Acrisols / Ferralsols / Red Earth,Rainy,Rainfed,75.63,0.32406848870122,,
Shan,2021,Sadawpe(Garden pea),21182,21182,6976,388899650.8,21.67,658.43,65120000000.0,Acrisols / Ferralsols / Red Earth,Rainy,Rainfed,76.0,0.329336228873571,,
Shan,2022,Sadawpe(Garden pea),19515,19515,6499,586761617.0,21.33,803.12,62240000000.0,Acrisols / Ferralsols / Red Earth,Rainy,Rainfed,77.8,0.333025877530105,,
Shan,2023,Sadawpe(Garden pea),18026,18026,5952,586702652.6,22.07,653.29,64800000000.0,Acrisols / Ferralsols / Red Earth,Rainy,Rainfed,75.87,0.330189725951403,,
Ayeyarwady,2012,Sadawpe(Garden pea),5706,5706,1911,243967785.0,27.73,892.99,59920000000.0,Fluvisols / Gleysols / Alluvial,Rainy,Rainfed,77.72,0.334910620399579,,
Ayeyarwady,2013,Sadawpe(Garden pea),5729,5729,1812,199816069.0,27.91,705.85,63260000000.0,Fluvisols / Gleysols / Alluvial,Rainy,Rainfed,75.45,0.316285564670972,,
Ayeyarwady,2014,Sadawpe(Garden pea),5941,5941,2080,267590796.3,28.21,606.23,67459999999.9999,Fluvisols / Gleysols / Alluvial,Rainy,Rainfed,74.2,0.350109409190372,,
Ayeyarwady,2015,Sadawpe(Garden pea),5784,5784,2045,238665203.2,28.19,737.44,62720000000.0,Fluvisols / Gleysols / Alluvial,Rainy,Rainfed,75.78,0.353561549100968,,
Ayeyarwady,2016,Sadawpe(Garden pea),5027,5027,1781,314946615.9,28.14,712.5,60120000000.0,Fluvisols / Gleysols / Alluvial,Rainy,Rainfed,75.48,0.354286851004575,,
Ayeyarwady,2017,Sadawpe(Garden pea),7166,7166,2478,304701296.0,28.04,819.64,63340000000.0,Fluvisols / Gleysols / Alluvial,Rainy,Rainfed,76.79,0.345799609265978,,
Ayeyarwady,2018,Sadawpe(Garden pea),6469,6469,2243,380230690.0,27.76,972.0,67150000000.0,Fluvisols / Gleysols / Alluvial,Rainy,Rainfed,78.67,0.346730561137733,,
Ayeyarwady,2019,Sadawpe(Garden pea),6473,6473,2243,413574673.8,28.38,776.06,68700000000.0,Fluvisols / Gleysols / Alluvial,Rainy,Rainfed,76.2,0.34651629847057,,
Ayeyarwady,2020,Sadawpe(Garden pea),6527,6527,2232,391351453.3,28.37,575.94,78930000000.0,Fluvisols / Gleysols / Alluvial,Rainy,Rainfed,73.8,0.341964148919871,,
Ayeyarwady,2021,Sadawpe(Garden pea),6421,6421,2201,388899650.8,27.92,960.87,65120000000.0,Fluvisols / Gleysols / Alluvial,Rainy,Rainfed,78.5,0.342781498209001,,
Ayeyarwady,2022,Sadawpe(Garden pea),6422,6422,2241,586761617.0,27.91,944.56,62240000000.0,Fluvisols / Gleysols / Alluvial,Rainy,Rainfed,78.31,0.348956711304889,,
Ayeyarwady,2023,Sadawpe(Garden pea),6403,6403,2371,586702652.6,28.36,837.63,64800000000.0,Fluvisols / Gleysols / Alluvial,Rainy,Rainfed,76.95,0.370295174137123,,
Nay Pyi Taw,2012,Sadawpe(Garden pea),0,0,0,243967785.0,25.41,942.84,59920000000.0,Cambisols / Fluvisols / Loam,Rainy,Rainfed,78.74,0.0,,
Nay Pyi Taw,2013,Sadawpe(Garden pea),0,0,0,199816069.0,25.88,775.78,63260000000.0,Cambisols / Fluvisols / Loam,Rainy,Rainfed,76.65,0.0,,
Nay Pyi Taw,2014,Sadawpe(Garden pea),0,0,0,267590796.3,26.38,617.16,67459999999.9999,Cambisols / Fluvisols / Loam,Rainy,Rainfed,74.66,0.0,,
Nay Pyi Taw,2015,Sadawpe(Garden pea),0,0,0,238665203.2,26.35,678.38,62720000000.0,Cambisols / Fluvisols / Loam,Rainy,Rainfed,75.4,0.0,,
Nay Pyi Taw,2016,Sadawpe(Garden pea),0,0,0,314946615.9,26.23,754.74,60120000000.0,Cambisols / Fluvisols / Loam,Rainy,Rainfed,76.34,0.0,,
Nay Pyi Taw,2017,Sadawpe(Garden pea),0,0,0,304701296.0,26.08,972.17,63340000000.0,Cambisols / Fluvisols / Loam,Rainy,Rainfed,78.97,0.0,,
Nay Pyi Taw,2018,Sadawpe(Garden pea),0,0,0,380230690.0,25.73,812.09,67150000000.0,Cambisols / Fluvisols / Loam,Rainy,Rainfed,77.11,0.0,,
Nay Pyi Taw,2019,Sadawpe(Garden pea),0,0,0,413574673.8,26.57,787.91,68700000000.0,Cambisols / Fluvisols / Loam,Rainy,Rainfed,76.67,0.0,,
Nay Pyi Taw,2020,Sadawpe(Garden pea),0,0,0,391351453.3,26.28,762.33,78930000000.0,Cambisols / Fluvisols / Loam,Rainy,Rainfed,76.42,0.0,,
Nay Pyi Taw,2021,Sadawpe(Garden pea),2,2,0,388899650.8,26.24,851.96,65120000000.0,Cambisols / Fluvisols / Loam,Rainy,Rainfed,77.5,0.0,,
Nay Pyi Taw,2022,Sadawpe(Garden pea),0,0,0,586761617.0,25.96,1027.18,62240000000.0,Cambisols / Fluvisols / Loam,Rainy,Rainfed,79.65,0.0,,
Nay Pyi Taw,2023,Sadawpe(Garden pea),0,0,0,586702652.6,26.62,853.39,64800000000.0,Cambisols / Fluvisols / Loam,Rainy,Rainfed,77.45,0.0,,
Kachin,2012,Gram(Chick pea),0,0,0,243967785.0,23.38,914.61,59920000000.0,Acrisols / Red-Brown Lateritic,Winter,Irrigation,78.77,0.0,,
Kachin,2013,Gram(Chick pea),0,0,0,199816069.0,23.62,939.94,63260000000.0,Acrisols / Red-Brown Lateritic,Winter,Irrigation,79.03,0.0,,
Kachin,2014,Gram(Chick pea),0,0,0,267590796.3,24.01,833.48,67459999999.9999,Acrisols / Red-Brown Lateritic,Winter,Irrigation,77.68,0.0,,
Kachin,2015,Gram(Chick pea),0,0,0,238665203.2,23.27,1005.47,62720000000.0,Acrisols / Red-Brown Lateritic,Winter,Irrigation,79.88,0.0,,
Kachin,2016,Gram(Chick pea),0,0,0,314946615.9,23.17,1224.63,60120000000.0,Acrisols / Red-Brown Lateritic,Winter,Irrigation,82.52,0.0,,
Kachin,2017,Gram(Chick pea),0,0,0,304701296.0,23.28,1125.21,63340000000.0,Acrisols / Red-Brown Lateritic,Winter,Irrigation,81.31,0.0,,
Kachin,2018,Gram(Chick pea),0,0,0,380230690.0,22.85,1162.0,67150000000.0,Acrisols / Red-Brown Lateritic,Winter,Irrigation,81.83,0.0,,
Kachin,2019,Gram(Chick pea),0,0,0,413574673.8,23.49,1042.44,68700000000.0,Acrisols / Red-Brown Lateritic,Winter,Irrigation,80.28,0.0,,
Kachin,2020,Gram(Chick pea),0,0,0,391351453.3,22.87,1329.91,78930000000.0,Acrisols / Red-Brown Lateritic,Winter,Irrigation,83.84,0.0,,
Kachin,2021,Gram(Chick pea),0,0,0,388899650.8,23.65,1005.31,65120000000.0,Acrisols / Red-Brown Lateritic,Winter,Irrigation,79.81,0.0,,
Kachin,2022,Gram(Chick pea),0,0,0,586761617.0,22.99,1256.07,62240000000.0,Acrisols / Red-Brown Lateritic,Winter,Irrigation,82.93,0.0,,
Kachin,2023,Gram(Chick pea),0,0,0,586702652.6,23.84,1183.85,64800000000.0,Acrisols / Red-Brown Lateritic,Winter,Irrigation,81.91,0.0,,
Kayah,2012,Gram(Chick pea),464,464,145,243967785.0,22.51,1604.82,59920000000.0,Luvisols / Red Earth,Winter,Irrigation,87.21,0.3125,,
Kayah,2013,Gram(Chick pea),484,484,152,199816069.0,22.71,1317.07,63260000000.0,Luvisols / Red Earth,Winter,Irrigation,83.72,0.314049586776859,,
Kayah,2014,Gram(Chick pea),487,487,154,267590796.3,23.02,1089.18,67459999999.9999,Luvisols / Red Earth,Winter,Irrigation,80.93,0.316221765913757,,
Kayah,2015,Gram(Chick pea),434,434,139,238665203.2,23.36,1113.03,62720000000.0,Luvisols / Red Earth,Winter,Irrigation,81.15,0.320276497695852,,
Kayah,2016,Gram(Chick pea),348,348,111,314946615.9,23.41,1222.88,60120000000.0,Luvisols / Red Earth,Winter,Irrigation,82.46,0.318965517241379,,
Kayah,2017,Gram(Chick pea),361,361,113,304701296.0,23.16,1567.54,63340000000.0,Luvisols / Red Earth,Winter,Irrigation,86.64,0.313019390581717,,
Kayah,2018,Gram(Chick pea),358,358,115,380230690.0,22.69,1316.55,67150000000.0,Luvisols / Red Earth,Winter,Irrigation,83.71,0.321229050279329,,
Kayah,2019,Gram(Chick pea),341,341,110,413574673.8,23.24,1282.79,68700000000.0,Luvisols / Red Earth,Winter,Irrigation,83.21,0.32258064516129,,
Kayah,2020,Gram(Chick pea),369,369,114,391351453.3,23.16,1222.66,78930000000.0,Luvisols / Red Earth,Winter,Irrigation,82.5,0.308943089430894,,
Kayah,2021,Gram(Chick pea),168,168,54,388899650.8,23.01,1440.62,65120000000.0,Luvisols / Red Earth,Winter,Irrigation,85.15,0.321428571428571,,
Kayah,2022,Gram(Chick pea),369,369,117,586761617.0,22.94,1814.13,62240000000.0,Luvisols / Red Earth,Winter,Irrigation,89.64,0.317073170731707,,
Kayah,2023,Gram(Chick pea),134,134,42,586702652.6,23.4,1417.46,64800000000.0,Luvisols / Red Earth,Winter,Irrigation,84.8,0.313432835820895,,
Kayin,2012,Gram(Chick pea),0,0,0,243967785.0,26.77,2467.92,59920000000.0,Fluvisols / Gleysols / Alluvial,Winter,Irrigation,93.0,0.0,,
Kayin,2013,Gram(Chick pea),0,0,0,199816069.0,26.67,2022.51,63260000000.0,Fluvisols / Gleysols / Alluvial,Winter,Irrigation,91.47,0.0,,
Kayin,2014,Gram(Chick pea),0,0,0,267590796.3,26.61,1604.54,67459999999.9999,Fluvisols / Gleysols / Alluvial,Winter,Irrigation,86.46,0.0,,
Kayin,2015,Gram(Chick pea),0,0,0,238665203.2,26.97,1981.43,62720000000.0,Fluvisols / Gleysols / Alluvial,Winter,Irrigation,90.92,0.0,,
Kayin,2016,Gram(Chick pea),0,0,0,314946615.9,26.89,1804.66,60120000000.0,Fluvisols / Gleysols / Alluvial,Winter,Irrigation,88.82,0.0,,
Kayin,2017,Gram(Chick pea),0,0,0,304701296.0,26.65,2185.47,63340000000.0,Fluvisols / Gleysols / Alluvial,Winter,Irrigation,93.0,0.0,,
Kayin,2018,Gram(Chick pea),0,0,0,380230690.0,26.73,2484.66,67150000000.0,Fluvisols / Gleysols / Alluvial,Winter,Irrigation,93.0,0.0,,
Kayin,2019,Gram(Chick pea),0,0,0,413574673.8,26.95,2087.25,68700000000.0,Fluvisols / Gleysols / Alluvial,Winter,Irrigation,92.2,0.0,,
Kayin,2020,Gram(Chick pea),0,0,0,391351453.3,27.12,1531.95,78930000000.0,Fluvisols / Gleysols / Alluvial,Winter,Irrigation,85.5,0.0,,
Kayin,2021,Gram(Chick pea),0,0,0,388899650.8,26.67,2969.17,65120000000.0,Fluvisols / Gleysols / Alluvial,Winter,Irrigation,93.0,0.0,,
Kayin,2022,Gram(Chick pea),0,0,0,586761617.0,26.62,2622.64,62240000000.0,Fluvisols / Gleysols / Alluvial,Winter,Irrigation,93.0,0.0,,
Kayin,2023,Gram(Chick pea),0,0,0,586702652.6,26.96,2436.25,64800000000.0,Fluvisols / Gleysols / Alluvial,Winter,Irrigation,93.0,0.0,,
Chin,2012,Gram(Chick pea),0,0,0,243967785.0,22.62,716.7,59920000000.0,Cambisols / Mountainous Soil,Winter,Irrigation,76.53,0.0,,
Chin,2013,Gram(Chick pea),0,0,0,199816069.0,22.48,814.73,63260000000.0,Cambisols / Mountainous Soil,Winter,Irrigation,77.73,0.0,,
Chin,2014,Gram(Chick pea),0,0,0,267590796.3,22.97,716.65,67459999999.9999,Cambisols / Mountainous Soil,Winter,Irrigation,76.47,0.0,,
Chin,2015,Gram(Chick pea),0,0,0,238665203.2,22.61,913.76,62720000000.0,Cambisols / Mountainous Soil,Winter,Irrigation,78.9,0.0,,
Chin,2016,Gram(Chick pea),0,0,0,314946615.9,22.87,965.57,60120000000.0,Cambisols / Mountainous Soil,Winter,Irrigation,79.47,0.0,,
Chin,2017,Gram(Chick pea),0,0,0,304701296.0,22.26,1578.85,63340000000.0,Cambisols / Mountainous Soil,Winter,Irrigation,86.94,0.0,,
Chin,2018,Gram(Chick pea),250,250,58,380230690.0,21.95,1160.88,67150000000.0,Cambisols / Mountainous Soil,Winter,Irrigation,81.98,0.232,,
Chin,2019,Gram(Chick pea),250,250,58,413574673.8,22.53,1254.78,68700000000.0,Cambisols / Mountainous Soil,Winter,Irrigation,83.0,0.232,,
Chin,2020,Gram(Chick pea),153,153,36,391351453.3,22.26,1038.88,78930000000.0,Cambisols / Mountainous Soil,Winter,Irrigation,80.46,0.235294117647058,,
Chin,2021,Gram(Chick pea),130,130,30,388899650.8,22.92,753.21,65120000000.0,Cambisols / Mountainous Soil,Winter,Irrigation,76.91,0.23076923076923,,
Chin,2022,Gram(Chick pea),180,180,67,586761617.0,22.64,714.38,62240000000.0,Cambisols / Mountainous Soil,Winter,Irrigation,76.5,0.372222222222222,,
Chin,2023,Gram(Chick pea),130,130,50,586702652.6,23.13,770.15,64800000000.0,Cambisols / Mountainous Soil,Winter,Irrigation,77.08,0.384615384615384,,
Sagaing,2012,Gram(Chick pea),443633,443633,287895,243967785.0,28.48,302.6,59920000000.0,Luvisols / Cambisols / Savanna,Winter,Irrigation,70.5,0.648948567847748,,
Sagaing,2013,Gram(Chick pea),441679,441679,300670,199816069.0,28.47,362.75,63260000000.0,Luvisols / Cambisols / Savanna,Winter,Irrigation,71.23,0.68074325471666,,
Sagaing,2014,Gram(Chick pea),431670,431661,306755,267590796.3,29.02,272.71,67459999999.9999,Luvisols / Cambisols / Savanna,Winter,Irrigation,70.05,0.710638672476781,,
Sagaing,2015,Gram(Chick pea),430342,430342,306892,238665203.2,28.54,378.91,62720000000.0,Luvisols / Cambisols / Savanna,Winter,Irrigation,71.41,0.713135134381491,,
Sagaing,2016,Gram(Chick pea),426914,426913,304700,314946615.9,28.61,466.45,60120000000.0,Luvisols / Cambisols / Savanna,Winter,Irrigation,72.45,0.713728558277681,,
Sagaing,2017,Gram(Chick pea),471178,467133,311364,304701296.0,28.07,637.58,63340000000.0,Luvisols / Cambisols / Savanna,Winter,Irrigation,74.6,0.666542505025335,,
Sagaing,2018,Gram(Chick pea),468663,468658,312991,380230690.0,27.88,475.8,67150000000.0,Luvisols / Cambisols / Savanna,Winter,Irrigation,72.69,0.66784520908637,,
Sagaing,2019,Gram(Chick pea),464660,464655,286613,413574673.8,28.67,477.22,68700000000.0,Luvisols / Cambisols / Savanna,Winter,Irrigation,72.57,0.616829690845896,,
Sagaing,2020,Gram(Chick pea),426844,426785,275782,391351453.3,28.0,552.96,78930000000.0,Luvisols / Cambisols / Savanna,Winter,Irrigation,73.6,0.646184847171292,,
Sagaing,2021,Gram(Chick pea),432532,432532,267894,388899650.8,29.14,338.14,65120000000.0,Luvisols / Cambisols / Savanna,Winter,Irrigation,70.81,0.61936226683806,,
Sagaing,2022,Gram(Chick pea),421449,421449,255804,586761617.0,28.78,375.7,62240000000.0,Luvisols / Cambisols / Savanna,Winter,Irrigation,71.33,0.606963120092822,,
Sagaing,2023,Gram(Chick pea),421109,421109,255006,586702652.6,29.19,387.79,64800000000.0,Luvisols / Cambisols / Savanna,Winter,Irrigation,71.4,0.605558180898532,,
Tanintharyi,2012,Gram(Chick pea),0,0,0,243967785.0,26.24,2388.49,59920000000.0,Ferralsols / Plinthosols / Lateritic,Winter,Irrigation,93.0,0.0,,
Tanintharyi,2013,Gram(Chick pea),0,0,0,199816069.0,25.94,2304.57,63260000000.0,Ferralsols / Plinthosols / Lateritic,Winter,Irrigation,93.0,0.0,,
Tanintharyi,2014,Gram(Chick pea),0,0,0,267590796.3,25.99,1706.05,67459999999.9999,Ferralsols / Plinthosols / Lateritic,Winter,Irrigation,87.79,0.0,,
Tanintharyi,2015,Gram(Chick pea),0,0,0,238665203.2,26.43,1914.37,62720000000.0,Ferralsols / Plinthosols / Lateritic,Winter,Irrigation,90.22,0.0,,
Tanintharyi,2016,Gram(Chick pea),0,0,0,314946615.9,26.3,1870.73,60120000000.0,Ferralsols / Plinthosols / Lateritic,Winter,Irrigation,89.71,0.0,,
Tanintharyi,2017,Gram(Chick pea),0,0,0,304701296.0,26.08,2485.72,63340000000.0,Ferralsols / Plinthosols / Lateritic,Winter,Irrigation,93.0,0.0,,
Tanintharyi,2018,Gram(Chick pea),0,0,0,380230690.0,26.23,2273.98,67150000000.0,Ferralsols / Plinthosols / Lateritic,Winter,Irrigation,93.0,0.0,,
Tanintharyi,2019,Gram(Chick pea),0,0,0,413574673.8,26.44,1846.93,68700000000.0,Ferralsols / Plinthosols / Lateritic,Winter,Irrigation,89.4,0.0,,
Tanintharyi,2020,Gram(Chick pea),0,0,0,391351453.3,26.42,2375.71,78930000000.0,Ferralsols / Plinthosols / Lateritic,Winter,Irrigation,93.0,0.0,,
Tanintharyi,2021,Gram(Chick pea),0,0,0,388899650.8,25.97,2896.94,65120000000.0,Ferralsols / Plinthosols / Lateritic,Winter,Irrigation,93.0,0.0,,
Tanintharyi,2022,Gram(Chick pea),0,0,0,586761617.0,26.08,2726.62,62240000000.0,Ferralsols / Plinthosols / Lateritic,Winter,Irrigation,93.0,0.0,,
Tanintharyi,2023,Gram(Chick pea),0,0,0,586702652.6,26.46,2318.19,64800000000.0,Ferralsols / Plinthosols / Lateritic,Winter,Irrigation,93.0,0.0,,
Bago,2012,Gram(Chick pea),24688,24688,12647,243967785.0,27.33,1519.25,59920000000.0,Fluvisols / Gleysols / Alluvial,Winter,Irrigation,85.31,0.512273169151004,,
Bago,2013,Gram(Chick pea),24017,24017,12570,199816069.0,27.57,1187.91,63260000000.0,Fluvisols / Gleysols / Alluvial,Winter,Irrigation,81.29,0.523379273014947,,
Bago,2014,Gram(Chick pea),24822,24822,13034,267590796.3,27.57,1054.41,67459999999.9999,Fluvisols / Gleysols / Alluvial,Winter,Irrigation,79.69,0.525098702763677,,
Bago,2015,Gram(Chick pea),26637,26637,14265,238665203.2,27.77,1256.33,62720000000.0,Fluvisols / Gleysols / Alluvial,Winter,Irrigation,82.08,0.535533280774862,,
Bago,2016,Gram(Chick pea),27196,27157,15081,314946615.9,27.71,1212.7,60120000000.0,Fluvisols / Gleysols / Alluvial,Winter,Irrigation,81.56,0.555326435173251,,
Bago,2017,Gram(Chick pea),44796,44796,24765,304701296.0,27.49,1498.81,63340000000.0,Fluvisols / Gleysols / Alluvial,Winter,Irrigation,85.04,0.552839539244575,,
Bago,2018,Gram(Chick pea),49714,49516,27485,380230690.0,27.43,1690.27,67150000000.0,Fluvisols / Gleysols / Alluvial,Winter,Irrigation,87.35,0.555073107682365,,
Bago,2019,Gram(Chick pea),58740,58681,31775,413574673.8,28.09,1236.72,68700000000.0,Fluvisols / Gleysols / Alluvial,Winter,Irrigation,81.78,0.541487023056866,,
Bago,2020,Gram(Chick pea),47161,47161,25599,391351453.3,28.01,1004.02,78930000000.0,Fluvisols / Gleysols / Alluvial,Winter,Irrigation,79.01,0.54280019507644,,
Bago,2021,Gram(Chick pea),44148,44148,23849,388899650.8,27.31,1749.84,65120000000.0,Fluvisols / Gleysols / Alluvial,Winter,Irrigation,88.08,0.540205671831113,,
Bago,2022,Gram(Chick pea),37014,37014,20858,586761617.0,27.34,1789.55,62240000000.0,Fluvisols / Gleysols / Alluvial,Winter,Irrigation,88.55,0.56351650726752,,
Bago,2023,Gram(Chick pea),67752,67752,38708,586702652.6,28.01,1574.66,64800000000.0,Fluvisols / Gleysols / Alluvial,Winter,Irrigation,85.85,0.571318927854528,,
Magway,2012,Gram(Chick pea),212510,212503,121092,243967785.0,26.79,898.02,59920000000.0,Regosols / Luvisols / Sandy Savanna,Winter,Irrigation,77.95,0.569836661129489,,
Magway,2013,Gram(Chick pea),212534,212534,126295,199816069.0,26.96,878.15,63260000000.0,Regosols / Luvisols / Sandy Savanna,Winter,Irrigation,77.68,0.594234334271222,,
Magway,2014,Gram(Chick pea),224165,224165,136319,267590796.3,27.42,770.86,67459999999.9999,Regosols / Luvisols / Sandy Savanna,Winter,Irrigation,76.31,0.608119019472263,,
Magway,2015,Gram(Chick pea),221970,221970,136588,238665203.2,27.31,734.05,62720000000.0,Regosols / Luvisols / Sandy Savanna,Winter,Irrigation,75.89,0.61534441591206,,
Magway,2016,Gram(Chick pea),213712,213702,131762,314946615.9,27.18,941.74,60120000000.0,Regosols / Luvisols / Sandy Savanna,Winter,Irrigation,78.41,0.616568866926842,,
Magway,2017,Gram(Chick pea),158137,158010,73123,304701296.0,27.02,1107.58,63340000000.0,Regosols / Luvisols / Sandy Savanna,Winter,Irrigation,80.43,0.462774507942535,,
Magway,2018,Gram(Chick pea),174695,174690,77553,380230690.0,26.75,839.14,67150000000.0,Regosols / Luvisols / Sandy Savanna,Winter,Irrigation,77.25,0.443946419371458,,
Magway,2019,Gram(Chick pea),173885,173807,72114,413574673.8,27.7,769.91,68700000000.0,Regosols / Luvisols / Sandy Savanna,Winter,Irrigation,76.25,0.414908490452053,,
Magway,2020,Gram(Chick pea),195581,195581,84459,391351453.3,27.15,822.19,78930000000.0,Regosols / Luvisols / Sandy Savanna,Winter,Irrigation,76.98,0.431836425828684,,
Magway,2021,Gram(Chick pea),166496,166496,74270,388899650.8,27.77,689.55,65120000000.0,Regosols / Luvisols / Sandy Savanna,Winter,Irrigation,75.28,0.446076782625408,,
Magway,2022,Gram(Chick pea),159060,159060,72555,586761617.0,27.6,729.42,62240000000.0,Regosols / Luvisols / Sandy Savanna,Winter,Irrigation,75.79,0.456148623161071,,
Magway,2023,Gram(Chick pea),250579,250579,129259,586702652.6,28.03,696.9,64800000000.0,Regosols / Luvisols / Sandy Savanna,Winter,Irrigation,75.32,0.515841311522513,,
Mandalay,2012,Gram(Chick pea),202316,202316,89972,243967785.0,27.22,338.39,59920000000.0,Luvisols / Cambisols / Savanna,Winter,Irrigation,71.16,0.444710255244271,,
Mandalay,2013,Gram(Chick pea),259482,259482,116760,199816069.0,27.39,350.66,63260000000.0,Luvisols / Cambisols / Savanna,Winter,Irrigation,71.28,0.449973408560131,,
Mandalay,2014,Gram(Chick pea),242248,242248,108810,267590796.3,27.89,270.44,67459999999.9999,Luvisols / Cambisols / Savanna,Winter,Irrigation,70.23,0.449167794986955,,
Mandalay,2015,Gram(Chick pea),231295,231295,108567,238665203.2,27.41,376.48,62720000000.0,Luvisols / Cambisols / Savanna,Winter,Irrigation,71.58,0.469387578633347,,
Mandalay,2016,Gram(Chick pea),220915,220915,102908,314946615.9,27.59,376.98,60120000000.0,Luvisols / Cambisols / Savanna,Winter,Irrigation,71.56,0.465826222755358,,
Mandalay,2017,Gram(Chick pea),245961,245864,111759,304701296.0,27.37,461.76,63340000000.0,Luvisols / Cambisols / Savanna,Winter,Irrigation,72.61,0.454556177398887,,
Mandalay,2018,Gram(Chick pea),242851,242828,112109,380230690.0,27.03,394.62,67150000000.0,Luvisols / Cambisols / Savanna,Winter,Irrigation,71.87,0.461680695801143,,
Mandalay,2019,Gram(Chick pea),231208,231208,104491,413574673.8,27.69,414.37,68700000000.0,Luvisols / Cambisols / Savanna,Winter,Irrigation,71.99,0.451935054150375,,
Mandalay,2020,Gram(Chick pea),212344,212344,91172,391351453.3,27.18,470.39,78930000000.0,Luvisols / Cambisols / Savanna,Winter,Irrigation,72.75,0.429359906566703,,
Mandalay,2021,Gram(Chick pea),216829,216829,91819,388899650.8,27.8,383.44,65120000000.0,Luvisols / Cambisols / Savanna,Winter,Irrigation,71.6,0.42346272869404,,
Mandalay,2022,Gram(Chick pea),206013,206013,81001,586761617.0,27.53,425.89,62240000000.0,Luvisols / Cambisols / Savanna,Winter,Irrigation,72.16,0.393183925286268,,
Mandalay,2023,Gram(Chick pea),230052,230052,91188,586702652.6,28.02,431.5,64800000000.0,Luvisols / Cambisols / Savanna,Winter,Irrigation,72.13,0.396379948881122,,
Mon,2012,Gram(Chick pea),0,0,0,243967785.0,27.89,2936.46,59920000000.0,Ferralsols / Gleysols / Lateritic,Winter,Irrigation,93.0,0.0,,
Mon,2013,Gram(Chick pea),0,0,0,199816069.0,27.75,2472.26,63260000000.0,Ferralsols / Gleysols / Lateritic,Winter,Irrigation,93.0,0.0,,
Mon,2014,Gram(Chick pea),0,0,0,267590796.3,27.71,1805.43,67459999999.9999,Ferralsols / Gleysols / Lateritic,Winter,Irrigation,88.68,0.0,,
Mon,2015,Gram(Chick pea),0,0,0,238665203.2,27.96,2500.08,62720000000.0,Ferralsols / Gleysols / Lateritic,Winter,Irrigation,93.0,0.0,,
Mon,2016,Gram(Chick pea),0,0,0,314946615.9,27.84,2247.31,60120000000.0,Ferralsols / Gleysols / Lateritic,Winter,Irrigation,93.0,0.0,,
Mon,2017,Gram(Chick pea),0,0,0,304701296.0,27.68,2729.02,63340000000.0,Ferralsols / Gleysols / Lateritic,Winter,Irrigation,93.0,0.0,,
Mon,2018,Gram(Chick pea),0,0,0,380230690.0,27.86,3263.34,67150000000.0,Ferralsols / Gleysols / Lateritic,Winter,Irrigation,93.0,0.0,,
Mon,2019,Gram(Chick pea),0,0,0,413574673.8,28.11,2717.71,68700000000.0,Ferralsols / Gleysols / Lateritic,Winter,Irrigation,93.0,0.0,,
Mon,2020,Gram(Chick pea),0,0,0,391351453.3,28.13,1897.4,78930000000.0,Ferralsols / Gleysols / Lateritic,Winter,Irrigation,89.71,0.0,,
Mon,2021,Gram(Chick pea),0,0,0,388899650.8,27.71,3711.2,65120000000.0,Ferralsols / Gleysols / Lateritic,Winter,Irrigation,93.0,0.0,,
Mon,2022,Gram(Chick pea),0,0,0,586761617.0,27.71,3270.72,62240000000.0,Ferralsols / Gleysols / Lateritic,Winter,Irrigation,93.0,0.0,,
Mon,2023,Gram(Chick pea),0,0,0,586702652.6,28.09,3075.98,64800000000.0,Ferralsols / Gleysols / Lateritic,Winter,Irrigation,93.0,0.0,,
Rakhine,2012,Gram(Chick pea),6,6,2,243967785.0,26.54,2984.69,59920000000.0,Gleysols / Alluvial / Mountainous,Winter,Irrigation,93.0,0.333333333333333,,
Rakhine,2013,Gram(Chick pea),6,6,2,199816069.0,26.5,3116.99,63260000000.0,Gleysols / Alluvial / Mountainous,Winter,Irrigation,93.0,0.333333333333333,,
Rakhine,2014,Gram(Chick pea),6,6,2,267590796.3,26.74,2952.75,67459999999.9999,Gleysols / Alluvial / Mountainous,Winter,Irrigation,93.0,0.333333333333333,,
Rakhine,2015,Gram(Chick pea),6,6,2,238665203.2,26.5,8475.24,62720000000.0,Gleysols / Alluvial / Mountainous,Winter,Irrigation,93.0,0.333333333333333,,
Rakhine,2016,Gram(Chick pea),6,6,2,314946615.9,26.76,10036.74,60120000000.0,Gleysols / Alluvial / Mountainous,Winter,Irrigation,93.0,0.333333333333333,,
Rakhine,2017,Gram(Chick pea),6,6,2,304701296.0,26.66,7844.64,63340000000.0,Gleysols / Alluvial / Mountainous,Winter,Irrigation,93.0,0.333333333333333,,
Rakhine,2018,Gram(Chick pea),6,6,2,380230690.0,26.17,7927.61,67150000000.0,Gleysols / Alluvial / Mountainous,Winter,Irrigation,93.0,0.333333333333333,,
Rakhine,2019,Gram(Chick pea),6,6,2,413574673.8,26.66,8062.73,68700000000.0,Gleysols / Alluvial / Mountainous,Winter,Irrigation,93.0,0.333333333333333,,
Rakhine,2020,Gram(Chick pea),6,6,2,391351453.3,26.49,7855.92,78930000000.0,Gleysols / Alluvial / Mountainous,Winter,Irrigation,93.0,0.333333333333333,,
Rakhine,2021,Gram(Chick pea),6,6,2,388899650.8,26.93,5291.74,65120000000.0,Gleysols / Alluvial / Mountainous,Winter,Irrigation,93.0,0.333333333333333,,
Rakhine,2022,Gram(Chick pea),11,11,4,586761617.0,26.66,5117.41,62240000000.0,Gleysols / Alluvial / Mountainous,Winter,Irrigation,93.0,0.363636363636363,,
Rakhine,2023,Gram(Chick pea),11,11,4,586702652.6,26.9,5823.68,64800000000.0,Gleysols / Alluvial / Mountainous,Winter,Irrigation,93.0,0.363636363636363,,
Yangon,2012,Gram(Chick pea),0,0,0,243967785.0,27.5,1871.61,59920000000.0,Fluvisols / Gleysols / Alluvial,Winter,Irrigation,89.51,0.0,,
Yangon,2013,Gram(Chick pea),0,0,0,199816069.0,27.61,1492.96,63260000000.0,Fluvisols / Gleysols / Alluvial,Winter,Irrigation,84.95,0.0,,
Yangon,2014,Gram(Chick pea),0,0,0,267590796.3,27.67,1241.48,67459999999.9999,Fluvisols / Gleysols / Alluvial,Winter,Irrigation,81.92,0.0,,
Yangon,2015,Gram(Chick pea),0,0,0,238665203.2,27.86,1676.99,62720000000.0,Fluvisols / Gleysols / Alluvial,Winter,Irrigation,87.11,0.0,,
Yangon,2016,Gram(Chick pea),0,0,0,314946615.9,27.8,1521.79,60120000000.0,Fluvisols / Gleysols / Alluvial,Winter,Irrigation,85.26,0.0,,
Yangon,2017,Gram(Chick pea),0,0,0,304701296.0,27.54,1863.36,63340000000.0,Fluvisols / Gleysols / Alluvial,Winter,Irrigation,89.4,0.0,,
Yangon,2018,Gram(Chick pea),0,0,0,380230690.0,27.53,2226.31,67150000000.0,Fluvisols / Gleysols / Alluvial,Winter,Irrigation,93.0,0.0,,
Yangon,2019,Gram(Chick pea),0,0,0,413574673.8,28.09,1694.52,68700000000.0,Fluvisols / Gleysols / Alluvial,Winter,Irrigation,87.28,0.0,,
Yangon,2020,Gram(Chick pea),0,0,0,391351453.3,28.05,1262.54,78930000000.0,Fluvisols / Gleysols / Alluvial,Winter,Irrigation,82.1,0.0,,
Yangon,2021,Gram(Chick pea),0,0,0,388899650.8,27.4,2360.45,65120000000.0,Fluvisols / Gleysols / Alluvial,Winter,Irrigation,93.0,0.0,,
Yangon,2022,Gram(Chick pea),1,1,0,586761617.0,27.36,2242.28,62240000000.0,Fluvisols / Gleysols / Alluvial,Winter,Irrigation,93.0,0.0,,
Yangon,2023,Gram(Chick pea),15,15,3,586702652.6,28.02,2034.25,64800000000.0,Fluvisols / Gleysols / Alluvial,Winter,Irrigation,91.37,0.2,,
Shan,2012,Gram(Chick pea),1675,1675,789,243967785.0,21.06,671.3,59920000000.0,Acrisols / Ferralsols / Red Earth,Winter,Irrigation,76.26,0.471044776119403,,
Shan,2013,Gram(Chick pea),1601,1601,753,199816069.0,21.38,594.52,63260000000.0,Acrisols / Ferralsols / Red Earth,Winter,Irrigation,75.29,0.470331043098063,,
Shan,2014,Gram(Chick pea),1641,1641,755,267590796.3,21.82,438.2,67459999999.9999,Acrisols / Ferralsols / Red Earth,Winter,Irrigation,73.33,0.460085313833028,,
Shan,2015,Gram(Chick pea),1625,1625,752,238665203.2,21.68,533.62,62720000000.0,Acrisols / Ferralsols / Red Earth,Winter,Irrigation,74.5,0.46276923076923,,
Shan,2016,Gram(Chick pea),1547,1547,707,314946615.9,21.69,570.05,60120000000.0,Acrisols / Ferralsols / Red Earth,Winter,Irrigation,74.94,0.457013574660633,,
Shan,2017,Gram(Chick pea),1474,1474,671,304701296.0,21.52,759.17,63340000000.0,Acrisols / Ferralsols / Red Earth,Winter,Irrigation,77.24,0.455223880597014,,
Shan,2018,Gram(Chick pea),1586,1586,693,380230690.0,21.16,624.01,67150000000.0,Acrisols / Ferralsols / Red Earth,Winter,Irrigation,75.68,0.436948297604035,,
Shan,2019,Gram(Chick pea),1543,1543,669,413574673.8,21.87,584.23,68700000000.0,Acrisols / Ferralsols / Red Earth,Winter,Irrigation,75.07,0.433570965651328,,
Shan,2020,Gram(Chick pea),1624,1624,714,391351453.3,21.56,626.15,78930000000.0,Acrisols / Ferralsols / Red Earth,Winter,Irrigation,75.63,0.439655172413793,,
Shan,2021,Gram(Chick pea),1601,1601,701,388899650.8,21.67,658.43,65120000000.0,Acrisols / Ferralsols / Red Earth,Winter,Irrigation,76.0,0.43785134291068,,
Shan,2022,Gram(Chick pea),1456,1456,643,586761617.0,21.33,803.12,62240000000.0,Acrisols / Ferralsols / Red Earth,Winter,Irrigation,77.8,0.441620879120879,,
Shan,2023,Gram(Chick pea),1373,1373,612,586702652.6,22.07,653.29,64800000000.0,Acrisols / Ferralsols / Red Earth,Winter,Irrigation,75.87,0.445739257101238,,
Ayeyarwady,2012,Gram(Chick pea),4882,4882,2209,243967785.0,27.73,892.99,59920000000.0,Fluvisols / Gleysols / Alluvial,Winter,Irrigation,77.72,0.452478492421138,,
Ayeyarwady,2013,Gram(Chick pea),4917,4917,2339,199816069.0,27.91,705.85,63260000000.0,Fluvisols / Gleysols / Alluvial,Winter,Irrigation,75.45,0.475696562944885,,
Ayeyarwady,2014,Gram(Chick pea),4953,4953,2407,267590796.3,28.21,606.23,67459999999.9999,Fluvisols / Gleysols / Alluvial,Winter,Irrigation,74.2,0.485968100141328,,
Ayeyarwady,2015,Gram(Chick pea),5010,5010,2420,238665203.2,28.19,737.44,62720000000.0,Fluvisols / Gleysols / Alluvial,Winter,Irrigation,75.78,0.483033932135728,,
Ayeyarwady,2016,Gram(Chick pea),6485,6485,3008,314946615.9,28.14,712.5,60120000000.0,Fluvisols / Gleysols / Alluvial,Winter,Irrigation,75.48,0.463839629915188,,
Ayeyarwady,2017,Gram(Chick pea),8142,8142,3730,304701296.0,28.04,819.64,63340000000.0,Fluvisols / Gleysols / Alluvial,Winter,Irrigation,76.79,0.458118398427904,,
Ayeyarwady,2018,Gram(Chick pea),5489,5489,2641,380230690.0,27.76,972.0,67150000000.0,Fluvisols / Gleysols / Alluvial,Winter,Irrigation,78.67,0.481144106394607,,
Ayeyarwady,2019,Gram(Chick pea),5281,5281,2569,413574673.8,28.38,776.06,68700000000.0,Fluvisols / Gleysols / Alluvial,Winter,Irrigation,76.2,0.48646089755728,,
Ayeyarwady,2020,Gram(Chick pea),5427,5427,2671,391351453.3,28.37,575.94,78930000000.0,Fluvisols / Gleysols / Alluvial,Winter,Irrigation,73.8,0.492168785701124,,
Ayeyarwady,2021,Gram(Chick pea),5454,5454,2684,388899650.8,27.92,960.87,65120000000.0,Fluvisols / Gleysols / Alluvial,Winter,Irrigation,78.5,0.492115878254492,,
Ayeyarwady,2022,Gram(Chick pea),5563,5563,2791,586761617.0,27.91,944.56,62240000000.0,Fluvisols / Gleysols / Alluvial,Winter,Irrigation,78.31,0.501707711666367,,
Ayeyarwady,2023,Gram(Chick pea),5755,5755,2960,586702652.6,28.36,837.63,64800000000.0,Fluvisols / Gleysols / Alluvial,Winter,Irrigation,76.95,0.514335360556038,,
Nay Pyi Taw,2012,Gram(Chick pea),4080,4072,2325,243967785.0,25.41,942.84,59920000000.0,Cambisols / Fluvisols / Loam,Winter,Irrigation,78.74,0.570972495088408,,
Nay Pyi Taw,2013,Gram(Chick pea),4681,4681,2627,199816069.0,25.88,775.78,63260000000.0,Cambisols / Fluvisols / Loam,Winter,Irrigation,76.65,0.561204870754112,,
Nay Pyi Taw,2014,Gram(Chick pea),4206,4206,2419,267590796.3,26.38,617.16,67459999999.9999,Cambisols / Fluvisols / Loam,Winter,Irrigation,74.66,0.57513076557299,,
Nay Pyi Taw,2015,Gram(Chick pea),3163,3163,1833,238665203.2,26.35,678.38,62720000000.0,Cambisols / Fluvisols / Loam,Winter,Irrigation,75.4,0.579513120455264,,
Nay Pyi Taw,2016,Gram(Chick pea),2071,2071,1112,314946615.9,26.23,754.74,60120000000.0,Cambisols / Fluvisols / Loam,Winter,Irrigation,76.34,0.536938676967648,,
Nay Pyi Taw,2017,Gram(Chick pea),2417,2406,1237,304701296.0,26.08,972.17,63340000000.0,Cambisols / Fluvisols / Loam,Winter,Irrigation,78.97,0.514131338320864,,
Nay Pyi Taw,2018,Gram(Chick pea),1989,1989,955,380230690.0,25.73,812.09,67150000000.0,Cambisols / Fluvisols / Loam,Winter,Irrigation,77.11,0.480140774258421,,
Nay Pyi Taw,2019,Gram(Chick pea),2257,2257,1037,413574673.8,26.57,787.91,68700000000.0,Cambisols / Fluvisols / Loam,Winter,Irrigation,76.67,0.459459459459459,,
Nay Pyi Taw,2020,Gram(Chick pea),3010,3010,1435,391351453.3,26.28,762.33,78930000000.0,Cambisols / Fluvisols / Loam,Winter,Irrigation,76.42,0.476744186046511,,
Nay Pyi Taw,2021,Gram(Chick pea),3017,3017,1324,388899650.8,26.24,851.96,65120000000.0,Cambisols / Fluvisols / Loam,Winter,Irrigation,77.5,0.438846536294332,,
Nay Pyi Taw,2022,Gram(Chick pea),2408,2408,1042,586761617.0,25.96,1027.18,62240000000.0,Cambisols / Fluvisols / Loam,Winter,Irrigation,79.65,0.432724252491694,,
Nay Pyi Taw,2023,Gram(Chick pea),2276,2276,926,586702652.6,26.62,853.39,64800000000.0,Cambisols / Fluvisols / Loam,Winter,Irrigation,77.45,0.406854130052724,,
Kachin,2012,Peboke(Soy bean),16857,16852,7124,243967785.0,23.38,914.61,59920000000.0,Acrisols / Red-Brown Lateritic,Rainy,Rainfed,78.77,0.422739140754806,,
Kachin,2013,Peboke(Soy bean),10819,10819,4453,199816069.0,23.62,939.94,63260000000.0,Acrisols / Red-Brown Lateritic,Rainy,Rainfed,79.03,0.411590720029577,,
Kachin,2014,Peboke(Soy bean),11908,11908,4909,267590796.3,24.01,833.48,67459999999.9999,Acrisols / Red-Brown Lateritic,Rainy,Rainfed,77.68,0.41224386966745,,
Kachin,2015,Peboke(Soy bean),11401,11401,4721,238665203.2,23.27,1005.47,62720000000.0,Acrisols / Red-Brown Lateritic,Rainy,Rainfed,79.88,0.414086483641785,,
Kachin,2016,Peboke(Soy bean),11677,11677,4791,314946615.9,23.17,1224.63,60120000000.0,Acrisols / Red-Brown Lateritic,Rainy,Rainfed,82.52,0.410293739830435,,
Kachin,2017,Peboke(Soy bean),11922,11922,4908,304701296.0,23.28,1125.21,63340000000.0,Acrisols / Red-Brown Lateritic,Rainy,Rainfed,81.31,0.411675893306492,,
Kachin,2018,Peboke(Soy bean),14650,14650,6040,380230690.0,22.85,1162.0,67150000000.0,Acrisols / Red-Brown Lateritic,Rainy,Rainfed,81.83,0.412286689419795,,
Kachin,2019,Peboke(Soy bean),21282,21279,8948,413574673.8,23.49,1042.44,68700000000.0,Acrisols / Red-Brown Lateritic,Rainy,Rainfed,80.28,0.420508482541472,,
Kachin,2020,Peboke(Soy bean),16373,16312,6855,391351453.3,22.87,1329.91,78930000000.0,Acrisols / Red-Brown Lateritic,Rainy,Rainfed,83.84,0.420242766061795,,
Kachin,2021,Peboke(Soy bean),15389,15389,6476,388899650.8,23.65,1005.31,65120000000.0,Acrisols / Red-Brown Lateritic,Rainy,Rainfed,79.81,0.420820066281109,,
Kachin,2022,Peboke(Soy bean),18509,18509,7809,586761617.0,22.99,1256.07,62240000000.0,Acrisols / Red-Brown Lateritic,Rainy,Rainfed,82.93,0.421902858069047,,
Kachin,2023,Peboke(Soy bean),18916,18909,7935,586702652.6,23.84,1183.85,64800000000.0,Acrisols / Red-Brown Lateritic,Rainy,Rainfed,81.91,0.419641440583848,,
Kayah,2012,Peboke(Soy bean),10865,10865,3181,243967785.0,22.51,1604.82,59920000000.0,Luvisols / Red Earth,Rainy,Rainfed,87.21,0.292774965485503,,
Kayah,2013,Peboke(Soy bean),10633,10633,3116,199816069.0,22.71,1317.07,63260000000.0,Luvisols / Red Earth,Rainy,Rainfed,83.72,0.293049938869557,,
Kayah,2014,Peboke(Soy bean),9727,9727,2903,267590796.3,23.02,1089.18,67459999999.9999,Luvisols / Red Earth,Rainy,Rainfed,80.93,0.298447620026729,,
Kayah,2015,Peboke(Soy bean),7649,7619,2311,238665203.2,23.36,1113.03,62720000000.0,Luvisols / Red Earth,Rainy,Rainfed,81.15,0.303320645754035,,
Kayah,2016,Peboke(Soy bean),5713,5713,1701,314946615.9,23.41,1222.88,60120000000.0,Luvisols / Red Earth,Rainy,Rainfed,82.46,0.297741991948188,,
Kayah,2017,Peboke(Soy bean),1774,1774,509,304701296.0,23.16,1567.54,63340000000.0,Luvisols / Red Earth,Rainy,Rainfed,86.64,0.286922209695603,,
Kayah,2018,Peboke(Soy bean),1756,1756,509,380230690.0,22.69,1316.55,67150000000.0,Luvisols / Red Earth,Rainy,Rainfed,83.71,0.289863325740318,,
Kayah,2019,Peboke(Soy bean),1820,1813,515,413574673.8,23.24,1282.79,68700000000.0,Luvisols / Red Earth,Rainy,Rainfed,83.21,0.284059569773855,,
Kayah,2020,Peboke(Soy bean),1768,1764,509,391351453.3,23.16,1222.66,78930000000.0,Luvisols / Red Earth,Rainy,Rainfed,82.5,0.288548752834467,,
Kayah,2021,Peboke(Soy bean),1260,1260,358,388899650.8,23.01,1440.62,65120000000.0,Luvisols / Red Earth,Rainy,Rainfed,85.15,0.284126984126984,,
Kayah,2022,Peboke(Soy bean),1365,1365,396,586761617.0,22.94,1814.13,62240000000.0,Luvisols / Red Earth,Rainy,Rainfed,89.64,0.29010989010989,,
Kayah,2023,Peboke(Soy bean),1086,1086,308,586702652.6,23.4,1417.46,64800000000.0,Luvisols / Red Earth,Rainy,Rainfed,84.8,0.283609576427256,,
Kayin,2012,Peboke(Soy bean),9366,9366,3227,243967785.0,26.77,2467.92,59920000000.0,Fluvisols / Gleysols / Alluvial,Rainy,Rainfed,93.0,0.344544095665171,,
Kayin,2013,Peboke(Soy bean),9462,9462,3263,199816069.0,26.67,2022.51,63260000000.0,Fluvisols / Gleysols / Alluvial,Rainy,Rainfed,91.47,0.344853096596914,,
Kayin,2014,Peboke(Soy bean),9706,9706,3380,267590796.3,26.61,1604.54,67459999999.9999,Fluvisols / Gleysols / Alluvial,Rainy,Rainfed,86.46,0.348238203173294,,
Kayin,2015,Peboke(Soy bean),9745,9745,3404,238665203.2,26.97,1981.43,62720000000.0,Fluvisols / Gleysols / Alluvial,Rainy,Rainfed,90.92,0.349307337095946,,
Kayin,2016,Peboke(Soy bean),9730,9730,3446,314946615.9,26.89,1804.66,60120000000.0,Fluvisols / Gleysols / Alluvial,Rainy,Rainfed,88.82,0.354162384378211,,
Kayin,2017,Peboke(Soy bean),9915,9915,3581,304701296.0,26.65,2185.47,63340000000.0,Fluvisols / Gleysols / Alluvial,Rainy,Rainfed,93.0,0.361169944528492,,
Kayin,2018,Peboke(Soy bean),11355,11355,4103,380230690.0,26.73,2484.66,67150000000.0,Fluvisols / Gleysols / Alluvial,Rainy,Rainfed,93.0,0.361338617349185,,
Kayin,2019,Peboke(Soy bean),11314,11314,4107,413574673.8,26.95,2087.25,68700000000.0,Fluvisols / Gleysols / Alluvial,Rainy,Rainfed,92.2,0.363001590949266,,
Kayin,2020,Peboke(Soy bean),11335,11335,4132,391351453.3,27.12,1531.95,78930000000.0,Fluvisols / Gleysols / Alluvial,Rainy,Rainfed,85.5,0.364534627260696,,
Kayin,2021,Peboke(Soy bean),11403,11403,4162,388899650.8,26.67,2969.17,65120000000.0,Fluvisols / Gleysols / Alluvial,Rainy,Rainfed,93.0,0.364991668859072,,
Kayin,2022,Peboke(Soy bean),11936,11936,4361,586761617.0,26.62,2622.64,62240000000.0,Fluvisols / Gleysols / Alluvial,Rainy,Rainfed,93.0,0.36536528150134,,
Kayin,2023,Peboke(Soy bean),11962,11962,4373,586702652.6,26.96,2436.25,64800000000.0,Fluvisols / Gleysols / Alluvial,Rainy,Rainfed,93.0,0.365574318675806,,
Chin,2012,Peboke(Soy bean),1889,1889,342,243967785.0,22.62,716.7,59920000000.0,Cambisols / Mountainous Soil,Rainy,Rainfed,76.53,0.181048173636844,,
Chin,2013,Peboke(Soy bean),1713,1712,313,199816069.0,22.48,814.73,63260000000.0,Cambisols / Mountainous Soil,Rainy,Rainfed,77.73,0.182827102803738,,
Chin,2014,Peboke(Soy bean),1368,1368,255,267590796.3,22.97,716.65,67459999999.9999,Cambisols / Mountainous Soil,Rainy,Rainfed,76.47,0.186403508771929,,
Chin,2015,Peboke(Soy bean),1316,1316,243,238665203.2,22.61,913.76,62720000000.0,Cambisols / Mountainous Soil,Rainy,Rainfed,78.9,0.184650455927051,,
Chin,2016,Peboke(Soy bean),1174,1174,217,314946615.9,22.87,965.57,60120000000.0,Cambisols / Mountainous Soil,Rainy,Rainfed,79.47,0.184838160136286,,
Chin,2017,Peboke(Soy bean),1054,1054,190,304701296.0,22.26,1578.85,63340000000.0,Cambisols / Mountainous Soil,Rainy,Rainfed,86.94,0.180265654648956,,
Chin,2018,Peboke(Soy bean),921,921,168,380230690.0,21.95,1160.88,67150000000.0,Cambisols / Mountainous Soil,Rainy,Rainfed,81.98,0.182410423452768,,
Chin,2019,Peboke(Soy bean),892,892,160,413574673.8,22.53,1254.78,68700000000.0,Cambisols / Mountainous Soil,Rainy,Rainfed,83.0,0.179372197309417,,
Chin,2020,Peboke(Soy bean),1017,1017,178,391351453.3,22.26,1038.88,78930000000.0,Cambisols / Mountainous Soil,Rainy,Rainfed,80.46,0.175024582104228,,
Chin,2021,Peboke(Soy bean),883,658,103,388899650.8,22.92,753.21,65120000000.0,Cambisols / Mountainous Soil,Rainy,Rainfed,76.91,0.156534954407294,,
Chin,2022,Peboke(Soy bean),431,431,67,586761617.0,22.64,714.38,62240000000.0,Cambisols / Mountainous Soil,Rainy,Rainfed,76.5,0.155452436194895,,
Chin,2023,Peboke(Soy bean),457,457,70,586702652.6,23.13,770.15,64800000000.0,Cambisols / Mountainous Soil,Rainy,Rainfed,77.08,0.153172866520787,,
Sagaing,2012,Peboke(Soy bean),37742,37742,13407,243967785.0,28.48,302.6,59920000000.0,Luvisols / Cambisols / Savanna,Rainy,Rainfed,70.5,0.355227597901542,,
Sagaing,2013,Peboke(Soy bean),41478,41478,15049,199816069.0,28.47,362.75,63260000000.0,Luvisols / Cambisols / Savanna,Rainy,Rainfed,71.23,0.362818843724384,,
Sagaing,2014,Peboke(Soy bean),41596,41596,15319,267590796.3,29.02,272.71,67459999999.9999,Luvisols / Cambisols / Savanna,Rainy,Rainfed,70.05,0.368280603904221,,
Sagaing,2015,Peboke(Soy bean),40892,40892,15057,238665203.2,28.54,378.91,62720000000.0,Luvisols / Cambisols / Savanna,Rainy,Rainfed,71.41,0.368213831556294,,
Sagaing,2016,Peboke(Soy bean),38641,38641,14344,314946615.9,28.61,466.45,60120000000.0,Luvisols / Cambisols / Savanna,Rainy,Rainfed,72.45,0.371211925157216,,
Sagaing,2017,Peboke(Soy bean),38777,38777,14464,304701296.0,28.07,637.58,63340000000.0,Luvisols / Cambisols / Savanna,Rainy,Rainfed,74.6,0.373004616138432,,
Sagaing,2018,Peboke(Soy bean),42734,42734,15956,380230690.0,27.88,475.8,67150000000.0,Luvisols / Cambisols / Savanna,Rainy,Rainfed,72.69,0.373379510460055,,
Sagaing,2019,Peboke(Soy bean),39428,39417,14658,413574673.8,28.67,477.22,68700000000.0,Luvisols / Cambisols / Savanna,Rainy,Rainfed,72.57,0.37187000532765,,
Sagaing,2020,Peboke(Soy bean),37831,37275,14065,391351453.3,28.0,552.96,78930000000.0,Luvisols / Cambisols / Savanna,Rainy,Rainfed,73.6,0.377330650570087,,
Sagaing,2021,Peboke(Soy bean),37141,37141,13686,388899650.8,29.14,338.14,65120000000.0,Luvisols / Cambisols / Savanna,Rainy,Rainfed,70.81,0.368487655151988,,
Sagaing,2022,Peboke(Soy bean),36597,36597,13581,586761617.0,28.78,375.7,62240000000.0,Luvisols / Cambisols / Savanna,Rainy,Rainfed,71.33,0.371095991474711,,
Sagaing,2023,Peboke(Soy bean),36642,36642,13604,586702652.6,29.19,387.79,64800000000.0,Luvisols / Cambisols / Savanna,Rainy,Rainfed,71.4,0.371267943889525,,
Tanintharyi,2012,Peboke(Soy bean),0,0,0,243967785.0,26.24,2388.49,59920000000.0,Ferralsols / Plinthosols / Lateritic,Rainy,Rainfed,93.0,0.0,,
Tanintharyi,2013,Peboke(Soy bean),0,0,0,199816069.0,25.94,2304.57,63260000000.0,Ferralsols / Plinthosols / Lateritic,Rainy,Rainfed,93.0,0.0,,
Tanintharyi,2014,Peboke(Soy bean),0,0,0,267590796.3,25.99,1706.05,67459999999.9999,Ferralsols / Plinthosols / Lateritic,Rainy,Rainfed,87.79,0.0,,
Tanintharyi,2015,Peboke(Soy bean),0,0,0,238665203.2,26.43,1914.37,62720000000.0,Ferralsols / Plinthosols / Lateritic,Rainy,Rainfed,90.22,0.0,,
Tanintharyi,2016,Peboke(Soy bean),0,0,0,314946615.9,26.3,1870.73,60120000000.0,Ferralsols / Plinthosols / Lateritic,Rainy,Rainfed,89.71,0.0,,
Tanintharyi,2017,Peboke(Soy bean),0,0,0,304701296.0,26.08,2485.72,63340000000.0,Ferralsols / Plinthosols / Lateritic,Rainy,Rainfed,93.0,0.0,,
Tanintharyi,2018,Peboke(Soy bean),5,5,0,380230690.0,26.23,2273.98,67150000000.0,Ferralsols / Plinthosols / Lateritic,Rainy,Rainfed,93.0,0.0,,
Tanintharyi,2019,Peboke(Soy bean),0,0,0,413574673.8,26.44,1846.93,68700000000.0,Ferralsols / Plinthosols / Lateritic,Rainy,Rainfed,89.4,0.0,,
Tanintharyi,2020,Peboke(Soy bean),0,0,0,391351453.3,26.42,2375.71,78930000000.0,Ferralsols / Plinthosols / Lateritic,Rainy,Rainfed,93.0,0.0,,
Tanintharyi,2021,Peboke(Soy bean),0,0,0,388899650.8,25.97,2896.94,65120000000.0,Ferralsols / Plinthosols / Lateritic,Rainy,Rainfed,93.0,0.0,,
Tanintharyi,2022,Peboke(Soy bean),0,0,0,586761617.0,26.08,2726.62,62240000000.0,Ferralsols / Plinthosols / Lateritic,Rainy,Rainfed,93.0,0.0,,
Tanintharyi,2023,Peboke(Soy bean),0,0,0,586702652.6,26.46,2318.19,64800000000.0,Ferralsols / Plinthosols / Lateritic,Rainy,Rainfed,93.0,0.0,,
Bago,2012,Peboke(Soy bean),19310,19310,8781,243967785.0,27.33,1519.25,59920000000.0,Fluvisols / Gleysols / Alluvial,Rainy,Rainfed,85.31,0.454738477472812,,
Bago,2013,Peboke(Soy bean),19888,19888,9265,199816069.0,27.57,1187.91,63260000000.0,Fluvisols / Gleysols / Alluvial,Rainy,Rainfed,81.29,0.46585880933226,,
Bago,2014,Peboke(Soy bean),21368,21368,10038,267590796.3,27.57,1054.41,67459999999.9999,Fluvisols / Gleysols / Alluvial,Rainy,Rainfed,79.69,0.46976787719955,,
Bago,2015,Peboke(Soy bean),21536,21536,10111,238665203.2,27.77,1256.33,62720000000.0,Fluvisols / Gleysols / Alluvial,Rainy,Rainfed,82.08,0.46949294205052,,
Bago,2016,Peboke(Soy bean),18666,18666,8829,314946615.9,27.71,1212.7,60120000000.0,Fluvisols / Gleysols / Alluvial,Rainy,Rainfed,81.56,0.472999035679845,,
Bago,2017,Peboke(Soy bean),22279,22279,10351,304701296.0,27.49,1498.81,63340000000.0,Fluvisols / Gleysols / Alluvial,Rainy,Rainfed,85.04,0.464607926747161,,
Bago,2018,Peboke(Soy bean),21344,21344,9950,380230690.0,27.43,1690.27,67150000000.0,Fluvisols / Gleysols / Alluvial,Rainy,Rainfed,87.35,0.46617316341829,,
Bago,2019,Peboke(Soy bean),19100,19100,9073,413574673.8,28.09,1236.72,68700000000.0,Fluvisols / Gleysols / Alluvial,Rainy,Rainfed,81.78,0.475026178010471,,
Bago,2020,Peboke(Soy bean),20366,20366,9738,391351453.3,28.01,1004.02,78930000000.0,Fluvisols / Gleysols / Alluvial,Rainy,Rainfed,79.01,0.478149857605813,,
Bago,2021,Peboke(Soy bean),18675,18675,9051,388899650.8,27.31,1749.84,65120000000.0,Fluvisols / Gleysols / Alluvial,Rainy,Rainfed,88.08,0.484658634538152,,
Bago,2022,Peboke(Soy bean),23269,23269,11382,586761617.0,27.34,1789.55,62240000000.0,Fluvisols / Gleysols / Alluvial,Rainy,Rainfed,88.55,0.489148652713911,,
Bago,2023,Peboke(Soy bean),45521,45521,22196,586702652.6,28.01,1574.66,64800000000.0,Fluvisols / Gleysols / Alluvial,Rainy,Rainfed,85.85,0.487599130071835,,
Magway,2012,Peboke(Soy bean),12648,12648,4736,243967785.0,26.79,898.02,59920000000.0,Regosols / Luvisols / Sandy Savanna,Rainy,Rainfed,77.95,0.374446552814674,,
Magway,2013,Peboke(Soy bean),12661,12661,4786,199816069.0,26.96,878.15,63260000000.0,Regosols / Luvisols / Sandy Savanna,Rainy,Rainfed,77.68,0.378011215543795,,
Magway,2014,Peboke(Soy bean),12646,12646,4840,267590796.3,27.42,770.86,67459999999.9999,Regosols / Luvisols / Sandy Savanna,Rainy,Rainfed,76.31,0.382729716906531,,
Magway,2015,Peboke(Soy bean),12660,12660,4864,238665203.2,27.31,734.05,62720000000.0,Regosols / Luvisols / Sandy Savanna,Rainy,Rainfed,75.89,0.384202211690363,,
Magway,2016,Peboke(Soy bean),12099,12099,4665,314946615.9,27.18,941.74,60120000000.0,Regosols / Luvisols / Sandy Savanna,Rainy,Rainfed,78.41,0.385569055293825,,
Magway,2017,Peboke(Soy bean),6959,6959,2466,304701296.0,27.02,1107.58,63340000000.0,Regosols / Luvisols / Sandy Savanna,Rainy,Rainfed,80.43,0.354361258801551,,
Magway,2018,Peboke(Soy bean),3438,3438,1057,380230690.0,26.75,839.14,67150000000.0,Regosols / Luvisols / Sandy Savanna,Rainy,Rainfed,77.25,0.307446189645142,,
Magway,2019,Peboke(Soy bean),3329,3329,1004,413574673.8,27.7,769.91,68700000000.0,Regosols / Luvisols / Sandy Savanna,Rainy,Rainfed,76.25,0.301592069690597,,
Magway,2020,Peboke(Soy bean),3048,2985,887,391351453.3,27.15,822.19,78930000000.0,Regosols / Luvisols / Sandy Savanna,Rainy,Rainfed,76.98,0.29715242881072,,
Magway,2021,Peboke(Soy bean),3067,3067,912,388899650.8,27.77,689.55,65120000000.0,Regosols / Luvisols / Sandy Savanna,Rainy,Rainfed,75.28,0.297358982719269,,
Magway,2022,Peboke(Soy bean),2991,2991,892,586761617.0,27.6,729.42,62240000000.0,Regosols / Luvisols / Sandy Savanna,Rainy,Rainfed,75.79,0.298228017385489,,
Magway,2023,Peboke(Soy bean),3069,3069,930,586702652.6,28.03,696.9,64800000000.0,Regosols / Luvisols / Sandy Savanna,Rainy,Rainfed,75.32,0.303030303030303,,
Mandalay,2012,Peboke(Soy bean),27752,27752,7890,243967785.0,27.22,338.39,59920000000.0,Luvisols / Cambisols / Savanna,Rainy,Rainfed,71.16,0.284303833957912,,
Mandalay,2013,Peboke(Soy bean),27952,27952,8027,199816069.0,27.39,350.66,63260000000.0,Luvisols / Cambisols / Savanna,Rainy,Rainfed,71.28,0.287170864338866,,
Mandalay,2014,Peboke(Soy bean),27496,27496,7990,267590796.3,27.89,270.44,67459999999.9999,Luvisols / Cambisols / Savanna,Rainy,Rainfed,70.23,0.29058772185045,,
Mandalay,2015,Peboke(Soy bean),27743,27743,8024,238665203.2,27.41,376.48,62720000000.0,Luvisols / Cambisols / Savanna,Rainy,Rainfed,71.58,0.289226111091086,,
Mandalay,2016,Peboke(Soy bean),27667,27641,8074,314946615.9,27.59,376.98,60120000000.0,Luvisols / Cambisols / Savanna,Rainy,Rainfed,71.56,0.29210231178322,,
Mandalay,2017,Peboke(Soy bean),26402,26402,7679,304701296.0,27.37,461.76,63340000000.0,Luvisols / Cambisols / Savanna,Rainy,Rainfed,72.61,0.290849178092568,,
Mandalay,2018,Peboke(Soy bean),26185,26185,7570,380230690.0,27.03,394.62,67150000000.0,Luvisols / Cambisols / Savanna,Rainy,Rainfed,71.87,0.289096811151422,,
Mandalay,2019,Peboke(Soy bean),26087,26087,7513,413574673.8,27.69,414.37,68700000000.0,Luvisols / Cambisols / Savanna,Rainy,Rainfed,71.99,0.287997853336911,,
Mandalay,2020,Peboke(Soy bean),24404,24279,6863,391351453.3,27.18,470.39,78930000000.0,Luvisols / Cambisols / Savanna,Rainy,Rainfed,72.75,0.28267226821533,,
Mandalay,2021,Peboke(Soy bean),26461,26461,7512,388899650.8,27.8,383.44,65120000000.0,Luvisols / Cambisols / Savanna,Rainy,Rainfed,71.6,0.283889497751407,,
Mandalay,2022,Peboke(Soy bean),25606,25606,7290,586761617.0,27.53,425.89,62240000000.0,Luvisols / Cambisols / Savanna,Rainy,Rainfed,72.16,0.284698898695618,,
Mandalay,2023,Peboke(Soy bean),28855,28855,8268,586702652.6,28.02,431.5,64800000000.0,Luvisols / Cambisols / Savanna,Rainy,Rainfed,72.13,0.286536128920464,,
Mon,2012,Peboke(Soy bean),945,945,291,243967785.0,27.89,2936.46,59920000000.0,Ferralsols / Gleysols / Lateritic,Rainy,Rainfed,93.0,0.307936507936507,,
Mon,2013,Peboke(Soy bean),913,913,295,199816069.0,27.75,2472.26,63260000000.0,Ferralsols / Gleysols / Lateritic,Rainy,Rainfed,93.0,0.323110624315443,,
Mon,2014,Peboke(Soy bean),1280,1280,413,267590796.3,27.71,1805.43,67459999999.9999,Ferralsols / Gleysols / Lateritic,Rainy,Rainfed,88.68,0.32265625,,
Mon,2015,Peboke(Soy bean),1535,1535,498,238665203.2,27.96,2500.08,62720000000.0,Ferralsols / Gleysols / Lateritic,Rainy,Rainfed,93.0,0.32442996742671,,
Mon,2016,Peboke(Soy bean),1278,1278,427,314946615.9,27.84,2247.31,60120000000.0,Ferralsols / Gleysols / Lateritic,Rainy,Rainfed,93.0,0.334115805946791,,
Mon,2017,Peboke(Soy bean),1180,1180,392,304701296.0,27.68,2729.02,63340000000.0,Ferralsols / Gleysols / Lateritic,Rainy,Rainfed,93.0,0.332203389830508,,
Mon,2018,Peboke(Soy bean),659,659,237,380230690.0,27.86,3263.34,67150000000.0,Ferralsols / Gleysols / Lateritic,Rainy,Rainfed,93.0,0.359635811836115,,
Mon,2019,Peboke(Soy bean),1207,1207,414,413574673.8,28.11,2717.71,68700000000.0,Ferralsols / Gleysols / Lateritic,Rainy,Rainfed,93.0,0.342999171499585,,
Mon,2020,Peboke(Soy bean),565,565,195,391351453.3,28.13,1897.4,78930000000.0,Ferralsols / Gleysols / Lateritic,Rainy,Rainfed,89.71,0.345132743362831,,
Mon,2021,Peboke(Soy bean),772,772,272,388899650.8,27.71,3711.2,65120000000.0,Ferralsols / Gleysols / Lateritic,Rainy,Rainfed,93.0,0.352331606217616,,
Mon,2022,Peboke(Soy bean),710,710,245,586761617.0,27.71,3270.72,62240000000.0,Ferralsols / Gleysols / Lateritic,Rainy,Rainfed,93.0,0.345070422535211,,
Mon,2023,Peboke(Soy bean),778,778,271,586702652.6,28.09,3075.98,64800000000.0,Ferralsols / Gleysols / Lateritic,Rainy,Rainfed,93.0,0.348329048843187,,
Rakhine,2012,Peboke(Soy bean),0,0,0,243967785.0,26.54,2984.69,59920000000.0,Gleysols / Alluvial / Mountainous,Rainy,Rainfed,93.0,0.0,,
Rakhine,2013,Peboke(Soy bean),0,0,0,199816069.0,26.5,3116.99,63260000000.0,Gleysols / Alluvial / Mountainous,Rainy,Rainfed,93.0,0.0,,
Rakhine,2014,Peboke(Soy bean),0,0,0,267590796.3,26.74,2952.75,67459999999.9999,Gleysols / Alluvial / Mountainous,Rainy,Rainfed,93.0,0.0,,
Rakhine,2015,Peboke(Soy bean),0,0,0,238665203.2,26.5,8475.24,62720000000.0,Gleysols / Alluvial / Mountainous,Rainy,Rainfed,93.0,0.0,,
Rakhine,2016,Peboke(Soy bean),0,0,0,314946615.9,26.76,10036.74,60120000000.0,Gleysols / Alluvial / Mountainous,Rainy,Rainfed,93.0,0.0,,
Rakhine,2017,Peboke(Soy bean),0,0,0,304701296.0,26.66,7844.64,63340000000.0,Gleysols / Alluvial / Mountainous,Rainy,Rainfed,93.0,0.0,,
Rakhine,2018,Peboke(Soy bean),0,0,0,380230690.0,26.17,7927.61,67150000000.0,Gleysols / Alluvial / Mountainous,Rainy,Rainfed,93.0,0.0,,
Rakhine,2019,Peboke(Soy bean),0,0,0,413574673.8,26.66,8062.73,68700000000.0,Gleysols / Alluvial / Mountainous,Rainy,Rainfed,93.0,0.0,,
Rakhine,2020,Peboke(Soy bean),0,0,0,391351453.3,26.49,7855.92,78930000000.0,Gleysols / Alluvial / Mountainous,Rainy,Rainfed,93.0,0.0,,
Rakhine,2021,Peboke(Soy bean),0,0,0,388899650.8,26.93,5291.74,65120000000.0,Gleysols / Alluvial / Mountainous,Rainy,Rainfed,93.0,0.0,,
Rakhine,2022,Peboke(Soy bean),0,0,0,586761617.0,26.66,5117.41,62240000000.0,Gleysols / Alluvial / Mountainous,Rainy,Rainfed,93.0,0.0,,
Rakhine,2023,Peboke(Soy bean),1,1,0,586702652.6,26.9,5823.68,64800000000.0,Gleysols / Alluvial / Mountainous,Rainy,Rainfed,93.0,0.0,,
Yangon,2012,Peboke(Soy bean),7,7,1,243967785.0,27.5,1871.61,59920000000.0,Fluvisols / Gleysols / Alluvial,Rainy,Rainfed,89.51,0.142857142857142,,
Yangon,2013,Peboke(Soy bean),5,5,1,199816069.0,27.61,1492.96,63260000000.0,Fluvisols / Gleysols / Alluvial,Rainy,Rainfed,84.95,0.2,,
Yangon,2014,Peboke(Soy bean),5,5,1,267590796.3,27.67,1241.48,67459999999.9999,Fluvisols / Gleysols / Alluvial,Rainy,Rainfed,81.92,0.2,,
Yangon,2015,Peboke(Soy bean),8,8,2,238665203.2,27.86,1676.99,62720000000.0,Fluvisols / Gleysols / Alluvial,Rainy,Rainfed,87.11,0.25,,
Yangon,2016,Peboke(Soy bean),12,12,5,314946615.9,27.8,1521.79,60120000000.0,Fluvisols / Gleysols / Alluvial,Rainy,Rainfed,85.26,0.416666666666666,,
Yangon,2017,Peboke(Soy bean),18,18,8,304701296.0,27.54,1863.36,63340000000.0,Fluvisols / Gleysols / Alluvial,Rainy,Rainfed,89.4,0.444444444444444,,
Yangon,2018,Peboke(Soy bean),247,247,87,380230690.0,27.53,2226.31,67150000000.0,Fluvisols / Gleysols / Alluvial,Rainy,Rainfed,93.0,0.352226720647773,,
Yangon,2019,Peboke(Soy bean),144,144,55,413574673.8,28.09,1694.52,68700000000.0,Fluvisols / Gleysols / Alluvial,Rainy,Rainfed,87.28,0.381944444444444,,
Yangon,2020,Peboke(Soy bean),68,68,31,391351453.3,28.05,1262.54,78930000000.0,Fluvisols / Gleysols / Alluvial,Rainy,Rainfed,82.1,0.455882352941176,,
Yangon,2021,Peboke(Soy bean),52,52,23,388899650.8,27.4,2360.45,65120000000.0,Fluvisols / Gleysols / Alluvial,Rainy,Rainfed,93.0,0.442307692307692,,
Yangon,2022,Peboke(Soy bean),139,139,47,586761617.0,27.36,2242.28,62240000000.0,Fluvisols / Gleysols / Alluvial,Rainy,Rainfed,93.0,0.338129496402877,,
Yangon,2023,Peboke(Soy bean),107,107,39,586702652.6,28.02,2034.25,64800000000.0,Fluvisols / Gleysols / Alluvial,Rainy,Rainfed,91.37,0.364485981308411,,
Shan,2012,Peboke(Soy bean),211130,211130,92934,243967785.0,21.06,671.3,59920000000.0,Acrisols / Ferralsols / Red Earth,Rainy,Rainfed,76.26,0.440174300194193,,
Shan,2013,Peboke(Soy bean),206443,206443,90394,199816069.0,21.38,594.52,63260000000.0,Acrisols / Ferralsols / Red Earth,Rainy,Rainfed,75.29,0.437864204647287,,
Shan,2014,Peboke(Soy bean),195149,194180,84621,267590796.3,21.82,438.2,67459999999.9999,Acrisols / Ferralsols / Red Earth,Rainy,Rainfed,73.33,0.435786383767638,,
Shan,2015,Peboke(Soy bean),192090,191685,83411,238665203.2,21.68,533.62,62720000000.0,Acrisols / Ferralsols / Red Earth,Rainy,Rainfed,74.5,0.43514620340663,,
Shan,2016,Peboke(Soy bean),189326,188922,82384,314946615.9,21.69,570.05,60120000000.0,Acrisols / Ferralsols / Red Earth,Rainy,Rainfed,74.94,0.436074147002466,,
Shan,2017,Peboke(Soy bean),185729,185580,80121,304701296.0,21.52,759.17,63340000000.0,Acrisols / Ferralsols / Red Earth,Rainy,Rainfed,77.24,0.431732945360491,,
Shan,2018,Peboke(Soy bean),181704,181305,77661,380230690.0,21.16,624.01,67150000000.0,Acrisols / Ferralsols / Red Earth,Rainy,Rainfed,75.68,0.428344502357905,,
Shan,2019,Peboke(Soy bean),176931,176931,75451,413574673.8,21.87,584.23,68700000000.0,Acrisols / Ferralsols / Red Earth,Rainy,Rainfed,75.07,0.426443076679609,,
Shan,2020,Peboke(Soy bean),170968,170890,71931,391351453.3,21.56,626.15,78930000000.0,Acrisols / Ferralsols / Red Earth,Rainy,Rainfed,75.63,0.420919889987711,,
Shan,2021,Peboke(Soy bean),171254,171087,72005,388899650.8,21.67,658.43,65120000000.0,Acrisols / Ferralsols / Red Earth,Rainy,Rainfed,76.0,0.420867745649874,,
Shan,2022,Peboke(Soy bean),169981,169979,70675,586761617.0,21.33,803.12,62240000000.0,Acrisols / Ferralsols / Red Earth,Rainy,Rainfed,77.8,0.415786655998682,,
Shan,2023,Peboke(Soy bean),168739,168653,70574,586702652.6,22.07,653.29,64800000000.0,Acrisols / Ferralsols / Red Earth,Rainy,Rainfed,75.87,0.418456831482392,,
Ayeyarwady,2012,Peboke(Soy bean),40502,40502,20621,243967785.0,27.73,892.99,59920000000.0,Fluvisols / Gleysols / Alluvial,Rainy,Rainfed,77.72,0.509135351340674,,
Ayeyarwady,2013,Peboke(Soy bean),40742,40742,21473,199816069.0,27.91,705.85,63260000000.0,Fluvisols / Gleysols / Alluvial,Rainy,Rainfed,75.45,0.527048254872122,,
Ayeyarwady,2014,Peboke(Soy bean),40784,40784,21683,267590796.3,28.21,606.23,67459999999.9999,Fluvisols / Gleysols / Alluvial,Rainy,Rainfed,74.2,0.531654570419772,,
Ayeyarwady,2015,Peboke(Soy bean),40051,40051,21583,238665203.2,28.19,737.44,62720000000.0,Fluvisols / Gleysols / Alluvial,Rainy,Rainfed,75.78,0.538887917904671,,
Ayeyarwady,2016,Peboke(Soy bean),37271,37271,20187,314946615.9,28.14,712.5,60120000000.0,Fluvisols / Gleysols / Alluvial,Rainy,Rainfed,75.48,0.541627538837165,,
Ayeyarwady,2017,Peboke(Soy bean),38927,38927,20690,304701296.0,28.04,819.64,63340000000.0,Fluvisols / Gleysols / Alluvial,Rainy,Rainfed,76.79,0.53150769388856,,
Ayeyarwady,2018,Peboke(Soy bean),38028,38028,20199,380230690.0,27.76,972.0,67150000000.0,Fluvisols / Gleysols / Alluvial,Rainy,Rainfed,78.67,0.531161249605553,,
Ayeyarwady,2019,Peboke(Soy bean),37514,37514,19894,413574673.8,28.38,776.06,68700000000.0,Fluvisols / Gleysols / Alluvial,Rainy,Rainfed,76.2,0.53030868475769,,
Ayeyarwady,2020,Peboke(Soy bean),37001,37001,19651,391351453.3,28.37,575.94,78930000000.0,Fluvisols / Gleysols / Alluvial,Rainy,Rainfed,73.8,0.531093754222858,,
Ayeyarwady,2021,Peboke(Soy bean),34619,34619,19006,388899650.8,27.92,960.87,65120000000.0,Fluvisols / Gleysols / Alluvial,Rainy,Rainfed,78.5,0.549004881712354,,
Ayeyarwady,2022,Peboke(Soy bean),34804,34804,19081,586761617.0,27.91,944.56,62240000000.0,Fluvisols / Gleysols / Alluvial,Rainy,Rainfed,78.31,0.548241581427422,,
Ayeyarwady,2023,Peboke(Soy bean),27530,27530,14972,586702652.6,28.36,837.63,64800000000.0,Fluvisols / Gleysols / Alluvial,Rainy,Rainfed,76.95,0.543843080276062,,
Nay Pyi Taw,2012,Peboke(Soy bean),393,393,72,243967785.0,25.41,942.84,59920000000.0,Cambisols / Fluvisols / Loam,Rainy,Rainfed,78.74,0.183206106870229,,
Nay Pyi Taw,2013,Peboke(Soy bean),591,591,125,199816069.0,25.88,775.78,63260000000.0,Cambisols / Fluvisols / Loam,Rainy,Rainfed,76.65,0.21150592216582,,
Nay Pyi Taw,2014,Peboke(Soy bean),563,563,116,267590796.3,26.38,617.16,67459999999.9999,Cambisols / Fluvisols / Loam,Rainy,Rainfed,74.66,0.206039076376554,,
Nay Pyi Taw,2015,Peboke(Soy bean),572,572,119,238665203.2,26.35,678.38,62720000000.0,Cambisols / Fluvisols / Loam,Rainy,Rainfed,75.4,0.208041958041958,,
Nay Pyi Taw,2016,Peboke(Soy bean),551,551,116,314946615.9,26.23,754.74,60120000000.0,Cambisols / Fluvisols / Loam,Rainy,Rainfed,76.34,0.210526315789473,,
Nay Pyi Taw,2017,Peboke(Soy bean),512,512,108,304701296.0,26.08,972.17,63340000000.0,Cambisols / Fluvisols / Loam,Rainy,Rainfed,78.97,0.2109375,,
Nay Pyi Taw,2018,Peboke(Soy bean),819,819,180,380230690.0,25.73,812.09,67150000000.0,Cambisols / Fluvisols / Loam,Rainy,Rainfed,77.11,0.219780219780219,,
Nay Pyi Taw,2019,Peboke(Soy bean),679,679,147,413574673.8,26.57,787.91,68700000000.0,Cambisols / Fluvisols / Loam,Rainy,Rainfed,76.67,0.216494845360824,,
Nay Pyi Taw,2020,Peboke(Soy bean),461,461,98,391351453.3,26.28,762.33,78930000000.0,Cambisols / Fluvisols / Loam,Rainy,Rainfed,76.42,0.212581344902386,,
Nay Pyi Taw,2021,Peboke(Soy bean),462,462,99,388899650.8,26.24,851.96,65120000000.0,Cambisols / Fluvisols / Loam,Rainy,Rainfed,77.5,0.214285714285714,,
Nay Pyi Taw,2022,Peboke(Soy bean),451,451,98,586761617.0,25.96,1027.18,62240000000.0,Cambisols / Fluvisols / Loam,Rainy,Rainfed,79.65,0.217294900221729,,
Nay Pyi Taw,2023,Peboke(Soy bean),618,618,137,586702652.6,26.62,853.39,64800000000.0,Cambisols / Fluvisols / Loam,Rainy,Rainfed,77.45,0.22168284789644,,
Kachin,2012,Chillie,0,0,0,243967785.0,23.38,914.61,59920000000.0,Acrisols / Red-Brown Lateritic,Rainy,Rainfed,78.77,0.0,,
Kachin,2013,Chillie,0,0,0,199816069.0,23.62,939.94,63260000000.0,Acrisols / Red-Brown Lateritic,Rainy,Rainfed,79.03,0.0,,
Kachin,2014,Chillie,0,0,0,267590796.3,24.01,833.48,67459999999.9999,Acrisols / Red-Brown Lateritic,Rainy,Rainfed,77.68,0.0,,
Kachin,2015,Chillie,0,0,0,238665203.2,23.27,1005.47,62720000000.0,Acrisols / Red-Brown Lateritic,Rainy,Rainfed,79.88,0.0,,
Kachin,2016,Chillie,0,0,0,314946615.9,23.17,1224.63,60120000000.0,Acrisols / Red-Brown Lateritic,Rainy,Rainfed,82.52,0.0,,
Kachin,2017,Chillie,0,0,0,304701296.0,23.28,1125.21,63340000000.0,Acrisols / Red-Brown Lateritic,Rainy,Rainfed,81.31,0.0,,
Kachin,2018,Chillie,0,0,0,380230690.0,22.85,1162.0,67150000000.0,Acrisols / Red-Brown Lateritic,Rainy,Rainfed,81.83,0.0,,
Kachin,2019,Chillie,0,0,0,413574673.8,23.49,1042.44,68700000000.0,Acrisols / Red-Brown Lateritic,Rainy,Rainfed,80.28,0.0,,
Kachin,2020,Chillie,0,0,0,391351453.3,22.87,1329.91,78930000000.0,Acrisols / Red-Brown Lateritic,Rainy,Rainfed,83.84,0.0,,
Kachin,2021,Chillie,0,0,0,388899650.8,23.65,1005.31,65120000000.0,Acrisols / Red-Brown Lateritic,Rainy,Rainfed,79.81,0.0,,
Kachin,2022,Chillie,0,0,0,586761617.0,22.99,1256.07,62240000000.0,Acrisols / Red-Brown Lateritic,Rainy,Rainfed,82.93,0.0,,
Kachin,2023,Chillie,0,0,0,586702652.6,23.84,1183.85,64800000000.0,Acrisols / Red-Brown Lateritic,Rainy,Rainfed,81.91,0.0,,
Kayah,2012,Chillie,5326,5326,1247,243967785.0,22.51,1604.82,59920000000.0,Luvisols / Red Earth,Rainy,Rainfed,87.21,0.234134434847915,,
Kayah,2013,Chillie,5328,5328,1257,199816069.0,22.71,1317.07,63260000000.0,Luvisols / Red Earth,Rainy,Rainfed,83.72,0.235923423423423,,
Kayah,2014,Chillie,5213,5213,1230,267590796.3,23.02,1089.18,67459999999.9999,Luvisols / Red Earth,Rainy,Rainfed,80.93,0.235948590063303,,
Kayah,2015,Chillie,4936,4936,1167,238665203.2,23.36,1113.03,62720000000.0,Luvisols / Red Earth,Rainy,Rainfed,81.15,0.236426256077795,,
Kayah,2016,Chillie,4280,4280,1050,314946615.9,23.41,1222.88,60120000000.0,Luvisols / Red Earth,Rainy,Rainfed,82.46,0.245327102803738,,
Kayah,2017,Chillie,2954,2954,703,304701296.0,23.16,1567.54,63340000000.0,Luvisols / Red Earth,Rainy,Rainfed,86.64,0.237982396750169,,
Kayah,2018,Chillie,2770,2770,719,380230690.0,22.69,1316.55,67150000000.0,Luvisols / Red Earth,Rainy,Rainfed,83.71,0.25956678700361,,
Kayah,2019,Chillie,2786,2786,714,413574673.8,23.24,1282.79,68700000000.0,Luvisols / Red Earth,Rainy,Rainfed,83.21,0.256281407035175,,
Kayah,2020,Chillie,2796,2796,714,391351453.3,23.16,1222.66,78930000000.0,Luvisols / Red Earth,Rainy,Rainfed,82.5,0.255364806866952,,
Kayah,2021,Chillie,2487,2487,625,388899650.8,23.01,1440.62,65120000000.0,Luvisols / Red Earth,Rainy,Rainfed,85.15,0.251306795335745,,
Kayah,2022,Chillie,1475,1475,368,586761617.0,22.94,1814.13,62240000000.0,Luvisols / Red Earth,Rainy,Rainfed,89.64,0.249491525423728,,
Kayah,2023,Chillie,1577,1577,391,586702652.6,23.4,1417.46,64800000000.0,Luvisols / Red Earth,Rainy,Rainfed,84.8,0.247939124920735,,
Kayin,2012,Chillie,2727,2727,865,243967785.0,26.77,2467.92,59920000000.0,Fluvisols / Gleysols / Alluvial,Rainy,Rainfed,93.0,0.317198386505317,,
Kayin,2013,Chillie,2760,2760,883,199816069.0,26.67,2022.51,63260000000.0,Fluvisols / Gleysols / Alluvial,Rainy,Rainfed,91.47,0.319927536231884,,
Kayin,2014,Chillie,2773,2773,889,267590796.3,26.61,1604.54,67459999999.9999,Fluvisols / Gleysols / Alluvial,Rainy,Rainfed,86.46,0.320591417237648,,
Kayin,2015,Chillie,2807,2807,901,238665203.2,26.97,1981.43,62720000000.0,Fluvisols / Gleysols / Alluvial,Rainy,Rainfed,90.92,0.32098325614535,,
Kayin,2016,Chillie,2851,2851,917,314946615.9,26.89,1804.66,60120000000.0,Fluvisols / Gleysols / Alluvial,Rainy,Rainfed,88.82,0.321641529287969,,
Kayin,2017,Chillie,2861,2861,919,304701296.0,26.65,2185.47,63340000000.0,Fluvisols / Gleysols / Alluvial,Rainy,Rainfed,93.0,0.321216357916812,,
Kayin,2018,Chillie,2877,2877,926,380230690.0,26.73,2484.66,67150000000.0,Fluvisols / Gleysols / Alluvial,Rainy,Rainfed,93.0,0.321863051790059,,
Kayin,2019,Chillie,2984,2984,962,413574673.8,26.95,2087.25,68700000000.0,Fluvisols / Gleysols / Alluvial,Rainy,Rainfed,92.2,0.322386058981233,,
Kayin,2020,Chillie,2993,2993,965,391351453.3,27.12,1531.95,78930000000.0,Fluvisols / Gleysols / Alluvial,Rainy,Rainfed,85.5,0.322418977614433,,
Kayin,2021,Chillie,2995,2995,967,388899650.8,26.67,2969.17,65120000000.0,Fluvisols / Gleysols / Alluvial,Rainy,Rainfed,93.0,0.322871452420701,,
Kayin,2022,Chillie,3011,3011,977,586761617.0,26.62,2622.64,62240000000.0,Fluvisols / Gleysols / Alluvial,Rainy,Rainfed,93.0,0.324476917967452,,
Kayin,2023,Chillie,3022,3022,981,586702652.6,26.96,2436.25,64800000000.0,Fluvisols / Gleysols / Alluvial,Rainy,Rainfed,93.0,0.324619457313037,,
Chin,2012,Chillie,2889,2889,482,243967785.0,22.62,716.7,59920000000.0,Cambisols / Mountainous Soil,Rainy,Rainfed,76.53,0.166839736933194,,
Chin,2013,Chillie,3234,3234,539,199816069.0,22.48,814.73,63260000000.0,Cambisols / Mountainous Soil,Rainy,Rainfed,77.73,0.166666666666666,,
Chin,2014,Chillie,3177,3177,527,267590796.3,22.97,716.65,67459999999.9999,Cambisols / Mountainous Soil,Rainy,Rainfed,76.47,0.16587976078061,,
Chin,2015,Chillie,2532,2532,421,238665203.2,22.61,913.76,62720000000.0,Cambisols / Mountainous Soil,Rainy,Rainfed,78.9,0.166271721958925,,
Chin,2016,Chillie,2481,2481,411,314946615.9,22.87,965.57,60120000000.0,Cambisols / Mountainous Soil,Rainy,Rainfed,79.47,0.165659008464328,,
Chin,2017,Chillie,2440,2440,404,304701296.0,22.26,1578.85,63340000000.0,Cambisols / Mountainous Soil,Rainy,Rainfed,86.94,0.165573770491803,,
Chin,2018,Chillie,2314,2314,386,380230690.0,21.95,1160.88,67150000000.0,Cambisols / Mountainous Soil,Rainy,Rainfed,81.98,0.166810717372515,,
Chin,2019,Chillie,2180,2180,363,413574673.8,22.53,1254.78,68700000000.0,Cambisols / Mountainous Soil,Rainy,Rainfed,83.0,0.166513761467889,,
Chin,2020,Chillie,1936,1936,321,391351453.3,22.26,1038.88,78930000000.0,Cambisols / Mountainous Soil,Rainy,Rainfed,80.46,0.165805785123966,,
Chin,2021,Chillie,1766,1076,173,388899650.8,22.92,753.21,65120000000.0,Cambisols / Mountainous Soil,Rainy,Rainfed,76.91,0.160780669144981,,
Chin,2022,Chillie,1108,1108,178,586761617.0,22.64,714.38,62240000000.0,Cambisols / Mountainous Soil,Rainy,Rainfed,76.5,0.160649819494584,,
Chin,2023,Chillie,1292,1292,206,586702652.6,23.13,770.15,64800000000.0,Cambisols / Mountainous Soil,Rainy,Rainfed,77.08,0.159442724458204,,
Sagaing,2012,Chillie,4518,4518,2138,243967785.0,28.48,302.6,59920000000.0,Luvisols / Cambisols / Savanna,Rainy,Rainfed,70.5,0.473218238158477,,
Sagaing,2013,Chillie,5306,5306,2576,199816069.0,28.47,362.75,63260000000.0,Luvisols / Cambisols / Savanna,Rainy,Rainfed,71.23,0.485488126649076,,
Sagaing,2014,Chillie,5352,5352,2599,267590796.3,29.02,272.71,67459999999.9999,Luvisols / Cambisols / Savanna,Rainy,Rainfed,70.05,0.485612855007473,,
Sagaing,2015,Chillie,5557,5557,2704,238665203.2,28.54,378.91,62720000000.0,Luvisols / Cambisols / Savanna,Rainy,Rainfed,71.41,0.486593485693719,,
Sagaing,2016,Chillie,5449,5449,2698,314946615.9,28.61,466.45,60120000000.0,Luvisols / Cambisols / Savanna,Rainy,Rainfed,72.45,0.495136722334373,,
Sagaing,2017,Chillie,4065,4065,2016,304701296.0,28.07,637.58,63340000000.0,Luvisols / Cambisols / Savanna,Rainy,Rainfed,74.6,0.495940959409594,,
Sagaing,2018,Chillie,4345,4345,2140,380230690.0,27.88,475.8,67150000000.0,Luvisols / Cambisols / Savanna,Rainy,Rainfed,72.69,0.492520138089758,,
Sagaing,2019,Chillie,4584,4584,2244,413574673.8,28.67,477.22,68700000000.0,Luvisols / Cambisols / Savanna,Rainy,Rainfed,72.57,0.489528795811518,,
Sagaing,2020,Chillie,4234,4234,2083,391351453.3,28.0,552.96,78930000000.0,Luvisols / Cambisols / Savanna,Rainy,Rainfed,73.6,0.491969768540387,,
Sagaing,2021,Chillie,4170,4170,2047,388899650.8,29.14,338.14,65120000000.0,Luvisols / Cambisols / Savanna,Rainy,Rainfed,70.81,0.490887290167865,,
Sagaing,2022,Chillie,3785,3785,1832,586761617.0,28.78,375.7,62240000000.0,Luvisols / Cambisols / Savanna,Rainy,Rainfed,71.33,0.484015852047556,,
Sagaing,2023,Chillie,2734,2734,1344,586702652.6,29.19,387.79,64800000000.0,Luvisols / Cambisols / Savanna,Rainy,Rainfed,71.4,0.491587417702999,,
Tanintharyi,2012,Chillie,0,0,0,243967785.0,26.24,2388.49,59920000000.0,Ferralsols / Plinthosols / Lateritic,Rainy,Rainfed,93.0,0.0,,
Tanintharyi,2013,Chillie,0,0,0,199816069.0,25.94,2304.57,63260000000.0,Ferralsols / Plinthosols / Lateritic,Rainy,Rainfed,93.0,0.0,,
Tanintharyi,2014,Chillie,0,0,0,267590796.3,25.99,1706.05,67459999999.9999,Ferralsols / Plinthosols / Lateritic,Rainy,Rainfed,87.79,0.0,,
Tanintharyi,2015,Chillie,0,0,0,238665203.2,26.43,1914.37,62720000000.0,Ferralsols / Plinthosols / Lateritic,Rainy,Rainfed,90.22,0.0,,
Tanintharyi,2016,Chillie,0,0,0,314946615.9,26.3,1870.73,60120000000.0,Ferralsols / Plinthosols / Lateritic,Rainy,Rainfed,89.71,0.0,,
Tanintharyi,2017,Chillie,0,0,0,304701296.0,26.08,2485.72,63340000000.0,Ferralsols / Plinthosols / Lateritic,Rainy,Rainfed,93.0,0.0,,
Tanintharyi,2018,Chillie,0,0,0,380230690.0,26.23,2273.98,67150000000.0,Ferralsols / Plinthosols / Lateritic,Rainy,Rainfed,93.0,0.0,,
Tanintharyi,2019,Chillie,0,0,0,413574673.8,26.44,1846.93,68700000000.0,Ferralsols / Plinthosols / Lateritic,Rainy,Rainfed,89.4,0.0,,
Tanintharyi,2020,Chillie,0,0,0,391351453.3,26.42,2375.71,78930000000.0,Ferralsols / Plinthosols / Lateritic,Rainy,Rainfed,93.0,0.0,,
Tanintharyi,2021,Chillie,0,0,0,388899650.8,25.97,2896.94,65120000000.0,Ferralsols / Plinthosols / Lateritic,Rainy,Rainfed,93.0,0.0,,
Tanintharyi,2022,Chillie,0,0,0,586761617.0,26.08,2726.62,62240000000.0,Ferralsols / Plinthosols / Lateritic,Rainy,Rainfed,93.0,0.0,,
Tanintharyi,2023,Chillie,0,0,0,586702652.6,26.46,2318.19,64800000000.0,Ferralsols / Plinthosols / Lateritic,Rainy,Rainfed,93.0,0.0,,
Bago,2012,Chillie,5546,5546,3102,243967785.0,27.33,1519.25,59920000000.0,Fluvisols / Gleysols / Alluvial,Rainy,Rainfed,85.31,0.559322033898305,,
Bago,2013,Chillie,5566,5566,3197,199816069.0,27.57,1187.91,63260000000.0,Fluvisols / Gleysols / Alluvial,Rainy,Rainfed,81.29,0.574380165289256,,
Bago,2014,Chillie,5471,5471,3145,267590796.3,27.57,1054.41,67459999999.9999,Fluvisols / Gleysols / Alluvial,Rainy,Rainfed,79.69,0.574849204898556,,
Bago,2015,Chillie,5297,5297,3008,238665203.2,27.77,1256.33,62720000000.0,Fluvisols / Gleysols / Alluvial,Rainy,Rainfed,82.08,0.567868604870681,,
Bago,2016,Chillie,5481,5481,3076,314946615.9,27.71,1212.7,60120000000.0,Fluvisols / Gleysols / Alluvial,Rainy,Rainfed,81.56,0.561211457763181,,
Bago,2017,Chillie,5465,5465,3079,304701296.0,27.49,1498.81,63340000000.0,Fluvisols / Gleysols / Alluvial,Rainy,Rainfed,85.04,0.563403476669716,,
Bago,2018,Chillie,6007,6007,3528,380230690.0,27.43,1690.27,67150000000.0,Fluvisols / Gleysols / Alluvial,Rainy,Rainfed,87.35,0.587314799400699,,
Bago,2019,Chillie,6204,6204,3427,413574673.8,28.09,1236.72,68700000000.0,Fluvisols / Gleysols / Alluvial,Rainy,Rainfed,81.78,0.552385557704706,,
Bago,2020,Chillie,5391,5391,2975,391351453.3,28.01,1004.02,78930000000.0,Fluvisols / Gleysols / Alluvial,Rainy,Rainfed,79.01,0.551845668707104,,
Bago,2021,Chillie,5845,5845,3173,388899650.8,27.31,1749.84,65120000000.0,Fluvisols / Gleysols / Alluvial,Rainy,Rainfed,88.08,0.542857142857142,,
Bago,2022,Chillie,5894,5894,3236,586761617.0,27.34,1789.55,62240000000.0,Fluvisols / Gleysols / Alluvial,Rainy,Rainfed,88.55,0.549032914828639,,
Bago,2023,Chillie,8011,8011,5512,586702652.6,28.01,1574.66,64800000000.0,Fluvisols / Gleysols / Alluvial,Rainy,Rainfed,85.85,0.688053925851953,,
Magway,2012,Chillie,26291,26291,13011,243967785.0,26.79,898.02,59920000000.0,Regosols / Luvisols / Sandy Savanna,Rainy,Rainfed,77.95,0.494884180898406,,
Magway,2013,Chillie,26550,26550,13247,199816069.0,26.96,878.15,63260000000.0,Regosols / Luvisols / Sandy Savanna,Rainy,Rainfed,77.68,0.49894538606403,,
Magway,2014,Chillie,26605,26605,13309,267590796.3,27.42,770.86,67459999999.9999,Regosols / Luvisols / Sandy Savanna,Rainy,Rainfed,76.31,0.500244314978387,,
Magway,2015,Chillie,26393,26393,13294,238665203.2,27.31,734.05,62720000000.0,Regosols / Luvisols / Sandy Savanna,Rainy,Rainfed,75.89,0.503694161330655,,
Magway,2016,Chillie,26392,26392,13200,314946615.9,27.18,941.74,60120000000.0,Regosols / Luvisols / Sandy Savanna,Rainy,Rainfed,78.41,0.500151561079114,,
Magway,2017,Chillie,25825,25825,11995,304701296.0,27.02,1107.58,63340000000.0,Regosols / Luvisols / Sandy Savanna,Rainy,Rainfed,80.43,0.464472410454985,,
Magway,2018,Chillie,23795,23795,11128,380230690.0,26.75,839.14,67150000000.0,Regosols / Luvisols / Sandy Savanna,Rainy,Rainfed,77.25,0.467661273376759,,
Magway,2019,Chillie,29901,29779,17900,413574673.8,27.7,769.91,68700000000.0,Regosols / Luvisols / Sandy Savanna,Rainy,Rainfed,76.25,0.601094731186406,,
Magway,2020,Chillie,25015,24608,15228,391351453.3,27.15,822.19,78930000000.0,Regosols / Luvisols / Sandy Savanna,Rainy,Rainfed,76.98,0.618823146944083,,
Magway,2021,Chillie,27339,27338,20611,388899650.8,27.77,689.55,65120000000.0,Regosols / Luvisols / Sandy Savanna,Rainy,Rainfed,75.28,0.753932255468578,,
Magway,2022,Chillie,30471,30471,24519,586761617.0,27.6,729.42,62240000000.0,Regosols / Luvisols / Sandy Savanna,Rainy,Rainfed,75.79,0.804666732302845,,
Magway,2023,Chillie,33184,32805,28036,586702652.6,28.03,696.9,64800000000.0,Regosols / Luvisols / Sandy Savanna,Rainy,Rainfed,75.32,0.854625819234872,,
Mandalay,2012,Chillie,112445,112445,29445,243967785.0,27.22,338.39,59920000000.0,Luvisols / Cambisols / Savanna,Rainy,Rainfed,71.16,0.261861354439948,,
Mandalay,2013,Chillie,104568,104448,28267,199816069.0,27.39,350.66,63260000000.0,Luvisols / Cambisols / Savanna,Rainy,Rainfed,71.28,0.270632276348039,,
Mandalay,2014,Chillie,109953,109939,34507,267590796.3,27.89,270.44,67459999999.9999,Luvisols / Cambisols / Savanna,Rainy,Rainfed,70.23,0.313874057431848,,
Mandalay,2015,Chillie,106347,106347,39524,238665203.2,27.41,376.48,62720000000.0,Luvisols / Cambisols / Savanna,Rainy,Rainfed,71.58,0.371651292467112,,
Mandalay,2016,Chillie,112796,110380,44254,314946615.9,27.59,376.98,60120000000.0,Luvisols / Cambisols / Savanna,Rainy,Rainfed,71.56,0.400924080449356,,
Mandalay,2017,Chillie,116996,116404,49454,304701296.0,27.37,461.76,63340000000.0,Luvisols / Cambisols / Savanna,Rainy,Rainfed,72.61,0.424847943369643,,
Mandalay,2018,Chillie,116451,116206,48342,380230690.0,27.03,394.62,67150000000.0,Luvisols / Cambisols / Savanna,Rainy,Rainfed,71.87,0.416002616043922,,
Mandalay,2019,Chillie,105993,105983,45316,413574673.8,27.69,414.37,68700000000.0,Luvisols / Cambisols / Savanna,Rainy,Rainfed,71.99,0.427578007793702,,
Mandalay,2020,Chillie,98274,98263,42830,391351453.3,27.18,470.39,78930000000.0,Luvisols / Cambisols / Savanna,Rainy,Rainfed,72.75,0.435871080671259,,
Mandalay,2021,Chillie,114117,114117,46997,388899650.8,27.8,383.44,65120000000.0,Luvisols / Cambisols / Savanna,Rainy,Rainfed,71.6,0.411831716571588,,
Mandalay,2022,Chillie,111459,111453,51090,586761617.0,27.53,425.89,62240000000.0,Luvisols / Cambisols / Savanna,Rainy,Rainfed,72.16,0.458399504723964,,
Mandalay,2023,Chillie,110340,110278,49936,586702652.6,28.02,431.5,64800000000.0,Luvisols / Cambisols / Savanna,Rainy,Rainfed,72.13,0.452819238651408,,
Mon,2012,Chillie,2006,2006,1989,243967785.0,27.89,2936.46,59920000000.0,Ferralsols / Gleysols / Lateritic,Rainy,Rainfed,93.0,0.991525423728813,,
Mon,2013,Chillie,2010,2010,1948,199816069.0,27.75,2472.26,63260000000.0,Ferralsols / Gleysols / Lateritic,Rainy,Rainfed,93.0,0.969154228855721,,
Mon,2014,Chillie,2389,2389,2152,267590796.3,27.71,1805.43,67459999999.9999,Ferralsols / Gleysols / Lateritic,Rainy,Rainfed,88.68,0.90079531184596,,
Mon,2015,Chillie,2628,2628,2405,238665203.2,27.96,2500.08,62720000000.0,Ferralsols / Gleysols / Lateritic,Rainy,Rainfed,93.0,0.915144596651446,,
Mon,2016,Chillie,2469,2469,2228,314946615.9,27.84,2247.31,60120000000.0,Ferralsols / Gleysols / Lateritic,Rainy,Rainfed,93.0,0.902389631429728,,
Mon,2017,Chillie,2312,2312,2067,304701296.0,27.68,2729.02,63340000000.0,Ferralsols / Gleysols / Lateritic,Rainy,Rainfed,93.0,0.894031141868512,,
Mon,2018,Chillie,2389,2389,2148,380230690.0,27.86,3263.34,67150000000.0,Ferralsols / Gleysols / Lateritic,Rainy,Rainfed,93.0,0.899120971117622,,
Mon,2019,Chillie,2161,2161,1937,413574673.8,28.11,2717.71,68700000000.0,Ferralsols / Gleysols / Lateritic,Rainy,Rainfed,93.0,0.896344285053216,,
Mon,2020,Chillie,2157,2157,1936,391351453.3,28.13,1897.4,78930000000.0,Ferralsols / Gleysols / Lateritic,Rainy,Rainfed,89.71,0.897542883634677,,
Mon,2021,Chillie,2178,2178,1992,388899650.8,27.71,3711.2,65120000000.0,Ferralsols / Gleysols / Lateritic,Rainy,Rainfed,93.0,0.914600550964187,,
Mon,2022,Chillie,1446,1446,1267,586761617.0,27.71,3270.72,62240000000.0,Ferralsols / Gleysols / Lateritic,Rainy,Rainfed,93.0,0.876210235131397,,
Mon,2023,Chillie,1664,1664,1463,586702652.6,28.09,3075.98,64800000000.0,Ferralsols / Gleysols / Lateritic,Rainy,Rainfed,93.0,0.87920673076923,,
Rakhine,2012,Chillie,33662,33662,14854,243967785.0,26.54,2984.69,59920000000.0,Gleysols / Alluvial / Mountainous,Rainy,Rainfed,93.0,0.441269086804111,,
Rakhine,2013,Chillie,33547,33547,14855,199816069.0,26.5,3116.99,63260000000.0,Gleysols / Alluvial / Mountainous,Rainy,Rainfed,93.0,0.442811577786389,,
Rakhine,2014,Chillie,34139,34139,15269,267590796.3,26.74,2952.75,67459999999.9999,Gleysols / Alluvial / Mountainous,Rainy,Rainfed,93.0,0.447259732271009,,
Rakhine,2015,Chillie,34394,34394,15420,238665203.2,26.5,8475.24,62720000000.0,Gleysols / Alluvial / Mountainous,Rainy,Rainfed,93.0,0.448334011746234,,
Rakhine,2016,Chillie,34333,34333,15462,314946615.9,26.76,10036.74,60120000000.0,Gleysols / Alluvial / Mountainous,Rainy,Rainfed,93.0,0.450353886930941,,
Rakhine,2017,Chillie,28127,28127,13119,304701296.0,26.66,7844.64,63340000000.0,Gleysols / Alluvial / Mountainous,Rainy,Rainfed,93.0,0.466420165677107,,
Rakhine,2018,Chillie,25802,25802,12224,380230690.0,26.17,7927.61,67150000000.0,Gleysols / Alluvial / Mountainous,Rainy,Rainfed,93.0,0.473761723897372,,
Rakhine,2019,Chillie,25409,25409,12021,413574673.8,26.66,8062.73,68700000000.0,Gleysols / Alluvial / Mountainous,Rainy,Rainfed,93.0,0.47310008264788,,
Rakhine,2020,Chillie,25263,25263,11945,391351453.3,26.49,7855.92,78930000000.0,Gleysols / Alluvial / Mountainous,Rainy,Rainfed,93.0,0.472825871828365,,
Rakhine,2021,Chillie,25566,25566,12089,388899650.8,26.93,5291.74,65120000000.0,Gleysols / Alluvial / Mountainous,Rainy,Rainfed,93.0,0.472854572479073,,
Rakhine,2022,Chillie,25545,25545,12095,586761617.0,26.66,5117.41,62240000000.0,Gleysols / Alluvial / Mountainous,Rainy,Rainfed,93.0,0.473478175768252,,
Rakhine,2023,Chillie,21562,21562,10405,586702652.6,26.9,5823.68,64800000000.0,Gleysols / Alluvial / Mountainous,Rainy,Rainfed,93.0,0.482561914479176,,
Yangon,2012,Chillie,1438,1438,751,243967785.0,27.5,1871.61,59920000000.0,Fluvisols / Gleysols / Alluvial,Rainy,Rainfed,89.51,0.522253129346314,,
Yangon,2013,Chillie,198,198,146,199816069.0,27.61,1492.96,63260000000.0,Fluvisols / Gleysols / Alluvial,Rainy,Rainfed,84.95,0.737373737373737,,
Yangon,2014,Chillie,984,984,762,267590796.3,27.67,1241.48,67459999999.9999,Fluvisols / Gleysols / Alluvial,Rainy,Rainfed,81.92,0.774390243902439,,
Yangon,2015,Chillie,978,978,767,238665203.2,27.86,1676.99,62720000000.0,Fluvisols / Gleysols / Alluvial,Rainy,Rainfed,87.11,0.784253578732106,,
Yangon,2016,Chillie,979,979,474,314946615.9,27.8,1521.79,60120000000.0,Fluvisols / Gleysols / Alluvial,Rainy,Rainfed,85.26,0.484167517875383,,
Yangon,2017,Chillie,566,566,308,304701296.0,27.54,1863.36,63340000000.0,Fluvisols / Gleysols / Alluvial,Rainy,Rainfed,89.4,0.54416961130742,,
Yangon,2018,Chillie,338,338,217,380230690.0,27.53,2226.31,67150000000.0,Fluvisols / Gleysols / Alluvial,Rainy,Rainfed,93.0,0.642011834319526,,
Yangon,2019,Chillie,333,333,217,413574673.8,28.09,1694.52,68700000000.0,Fluvisols / Gleysols / Alluvial,Rainy,Rainfed,87.28,0.651651651651651,,
Yangon,2020,Chillie,337,337,220,391351453.3,28.05,1262.54,78930000000.0,Fluvisols / Gleysols / Alluvial,Rainy,Rainfed,82.1,0.652818991097922,,
Yangon,2021,Chillie,492,492,286,388899650.8,27.4,2360.45,65120000000.0,Fluvisols / Gleysols / Alluvial,Rainy,Rainfed,93.0,0.58130081300813,,
Yangon,2022,Chillie,694,694,480,586761617.0,27.36,2242.28,62240000000.0,Fluvisols / Gleysols / Alluvial,Rainy,Rainfed,93.0,0.69164265129683,,
Yangon,2023,Chillie,788,788,535,586702652.6,28.02,2034.25,64800000000.0,Fluvisols / Gleysols / Alluvial,Rainy,Rainfed,91.37,0.678934010152284,,
Shan,2012,Chillie,8054,8054,3123,243967785.0,21.06,671.3,59920000000.0,Acrisols / Ferralsols / Red Earth,Rainy,Rainfed,76.26,0.387757635957288,,
Shan,2013,Chillie,7138,7138,2801,199816069.0,21.38,594.52,63260000000.0,Acrisols / Ferralsols / Red Earth,Rainy,Rainfed,75.29,0.392406836648921,,
Shan,2014,Chillie,7781,7781,3068,267590796.3,21.82,438.2,67459999999.9999,Acrisols / Ferralsols / Red Earth,Rainy,Rainfed,73.33,0.394293792571648,,
Shan,2015,Chillie,7989,7989,3175,238665203.2,21.68,533.62,62720000000.0,Acrisols / Ferralsols / Red Earth,Rainy,Rainfed,74.5,0.397421454499937,,
Shan,2016,Chillie,7755,7755,3051,314946615.9,21.69,570.05,60120000000.0,Acrisols / Ferralsols / Red Earth,Rainy,Rainfed,74.94,0.393423597678916,,
Shan,2017,Chillie,7873,7873,3135,304701296.0,21.52,759.17,63340000000.0,Acrisols / Ferralsols / Red Earth,Rainy,Rainfed,77.24,0.398196367331385,,
Shan,2018,Chillie,7476,7476,2920,380230690.0,21.16,624.01,67150000000.0,Acrisols / Ferralsols / Red Earth,Rainy,Rainfed,75.68,0.390583199571963,,
Shan,2019,Chillie,7579,7579,2913,413574673.8,21.87,584.23,68700000000.0,Acrisols / Ferralsols / Red Earth,Rainy,Rainfed,75.07,0.384351497559044,,
Shan,2020,Chillie,7552,7552,3222,391351453.3,21.56,626.15,78930000000.0,Acrisols / Ferralsols / Red Earth,Rainy,Rainfed,75.63,0.426641949152542,,
Shan,2021,Chillie,7602,7602,3372,388899650.8,21.67,658.43,65120000000.0,Acrisols / Ferralsols / Red Earth,Rainy,Rainfed,76.0,0.443567482241515,,
Shan,2022,Chillie,8026,8026,3272,586761617.0,21.33,803.12,62240000000.0,Acrisols / Ferralsols / Red Earth,Rainy,Rainfed,77.8,0.407675056067779,,
Shan,2023,Chillie,7954,7954,3296,586702652.6,22.07,653.29,64800000000.0,Acrisols / Ferralsols / Red Earth,Rainy,Rainfed,75.87,0.414382700528036,,
Ayeyarwady,2012,Chillie,70098,70098,44851,243967785.0,27.73,892.99,59920000000.0,Fluvisols / Gleysols / Alluvial,Rainy,Rainfed,77.72,0.63983280550087,,
Ayeyarwady,2013,Chillie,70649,70649,44165,199816069.0,27.91,705.85,63260000000.0,Fluvisols / Gleysols / Alluvial,Rainy,Rainfed,75.45,0.625132698268906,,
Ayeyarwady,2014,Chillie,66677,66677,42121,267590796.3,28.21,606.23,67459999999.9999,Fluvisols / Gleysols / Alluvial,Rainy,Rainfed,74.2,0.631717083852003,,
Ayeyarwady,2015,Chillie,66704,66663,42183,238665203.2,28.19,737.44,62720000000.0,Fluvisols / Gleysols / Alluvial,Rainy,Rainfed,75.78,0.632779802889158,,
Ayeyarwady,2016,Chillie,64628,64628,40915,314946615.9,28.14,712.5,60120000000.0,Fluvisols / Gleysols / Alluvial,Rainy,Rainfed,75.48,0.633084731076313,,
Ayeyarwady,2017,Chillie,66519,66519,41745,304701296.0,28.04,819.64,63340000000.0,Fluvisols / Gleysols / Alluvial,Rainy,Rainfed,76.79,0.627565056600369,,
Ayeyarwady,2018,Chillie,66119,66119,41544,380230690.0,27.76,972.0,67150000000.0,Fluvisols / Gleysols / Alluvial,Rainy,Rainfed,78.67,0.628321662457085,,
Ayeyarwady,2019,Chillie,73158,73158,47164,413574673.8,28.38,776.06,68700000000.0,Fluvisols / Gleysols / Alluvial,Rainy,Rainfed,76.2,0.644686842177205,,
Ayeyarwady,2020,Chillie,71742,71742,46206,391351453.3,28.37,575.94,78930000000.0,Fluvisols / Gleysols / Alluvial,Rainy,Rainfed,73.8,0.644057874048674,,
Ayeyarwady,2021,Chillie,71850,71850,46599,388899650.8,27.92,960.87,65120000000.0,Fluvisols / Gleysols / Alluvial,Rainy,Rainfed,78.5,0.648559498956158,,
Ayeyarwady,2022,Chillie,71334,71334,47243,586761617.0,27.91,944.56,62240000000.0,Fluvisols / Gleysols / Alluvial,Rainy,Rainfed,78.31,0.662278857206942,,
Ayeyarwady,2023,Chillie,72887,72887,52566,586702652.6,28.36,837.63,64800000000.0,Fluvisols / Gleysols / Alluvial,Rainy,Rainfed,76.95,0.721198567645807,,
Nay Pyi Taw,2012,Chillie,4612,4612,1651,243967785.0,25.41,942.84,59920000000.0,Cambisols / Fluvisols / Loam,Rainy,Rainfed,78.74,0.357979184735472,,
Nay Pyi Taw,2013,Chillie,4376,4376,1579,199816069.0,25.88,775.78,63260000000.0,Cambisols / Fluvisols / Loam,Rainy,Rainfed,76.65,0.360831809872029,,
Nay Pyi Taw,2014,Chillie,5026,4953,1801,267590796.3,26.38,617.16,67459999999.9999,Cambisols / Fluvisols / Loam,Rainy,Rainfed,74.66,0.3636180092873,,
Nay Pyi Taw,2015,Chillie,5013,5013,1823,238665203.2,26.35,678.38,62720000000.0,Cambisols / Fluvisols / Loam,Rainy,Rainfed,75.4,0.363654498304408,,
Nay Pyi Taw,2016,Chillie,4474,4463,1632,314946615.9,26.23,754.74,60120000000.0,Cambisols / Fluvisols / Loam,Rainy,Rainfed,76.34,0.365673313914407,,
Nay Pyi Taw,2017,Chillie,4486,4486,1648,304701296.0,26.08,972.17,63340000000.0,Cambisols / Fluvisols / Loam,Rainy,Rainfed,78.97,0.3673651359786,,
Nay Pyi Taw,2018,Chillie,5003,5003,1851,380230690.0,25.73,812.09,67150000000.0,Cambisols / Fluvisols / Loam,Rainy,Rainfed,77.11,0.369978013192084,,
Nay Pyi Taw,2019,Chillie,5222,5222,1932,413574673.8,26.57,787.91,68700000000.0,Cambisols / Fluvisols / Loam,Rainy,Rainfed,76.67,0.369973190348525,,
Nay Pyi Taw,2020,Chillie,4459,4459,1650,391351453.3,26.28,762.33,78930000000.0,Cambisols / Fluvisols / Loam,Rainy,Rainfed,76.42,0.370038125140165,,
Nay Pyi Taw,2021,Chillie,4505,4505,1814,388899650.8,26.24,851.96,65120000000.0,Cambisols / Fluvisols / Loam,Rainy,Rainfed,77.5,0.40266370699223,,
Nay Pyi Taw,2022,Chillie,3406,3406,1371,586761617.0,25.96,1027.18,62240000000.0,Cambisols / Fluvisols / Loam,Rainy,Rainfed,79.65,0.40252495596007,,
Nay Pyi Taw,2023,Chillie,789,789,318,586702652.6,26.62,853.39,64800000000.0,Cambisols / Fluvisols / Loam,Rainy,Rainfed,77.45,0.403041825095057,,
Kachin,2012,Onion,1408,1408,5151,243967785.0,23.38,914.61,59920000000.0,Acrisols / Red-Brown Lateritic,Rainy,Rainfed,78.77,3.65838068181818,,
Kachin,2013,Onion,1320,1320,4798,199816069.0,23.62,939.94,63260000000.0,Acrisols / Red-Brown Lateritic,Rainy,Rainfed,79.03,3.63484848484848,,
Kachin,2014,Onion,1304,1304,4668,267590796.3,24.01,833.48,67459999999.9999,Acrisols / Red-Brown Lateritic,Rainy,Rainfed,77.68,3.57975460122699,,
Kachin,2015,Onion,1328,1328,4997,238665203.2,23.27,1005.47,62720000000.0,Acrisols / Red-Brown Lateritic,Rainy,Rainfed,79.88,3.76280120481927,,
Kachin,2016,Onion,1292,1292,4868,314946615.9,23.17,1224.63,60120000000.0,Acrisols / Red-Brown Lateritic,Rainy,Rainfed,82.52,3.76780185758513,,
Kachin,2017,Onion,1350,1350,5083,304701296.0,23.28,1125.21,63340000000.0,Acrisols / Red-Brown Lateritic,Rainy,Rainfed,81.31,3.76518518518518,,
Kachin,2018,Onion,1352,1352,5079,380230690.0,22.85,1162.0,67150000000.0,Acrisols / Red-Brown Lateritic,Rainy,Rainfed,81.83,3.75665680473372,,
Kachin,2019,Onion,1336,1336,4967,413574673.8,23.49,1042.44,68700000000.0,Acrisols / Red-Brown Lateritic,Rainy,Rainfed,80.28,3.71781437125748,,
Kachin,2020,Onion,1388,1388,5241,391351453.3,22.87,1329.91,78930000000.0,Acrisols / Red-Brown Lateritic,Rainy,Rainfed,83.84,3.77593659942363,,
Kachin,2021,Onion,1380,1380,5562,388899650.8,23.65,1005.31,65120000000.0,Acrisols / Red-Brown Lateritic,Rainy,Rainfed,79.81,4.03043478260869,,
Kachin,2022,Onion,1679,1679,6854,586761617.0,22.99,1256.07,62240000000.0,Acrisols / Red-Brown Lateritic,Rainy,Rainfed,82.93,4.08219178082191,,
Kachin,2023,Onion,1687,1687,6800,586702652.6,23.84,1183.85,64800000000.0,Acrisols / Red-Brown Lateritic,Rainy,Rainfed,81.91,4.03082394783639,,
Kayah,2012,Onion,2823,2823,6693,243967785.0,22.51,1604.82,59920000000.0,Luvisols / Red Earth,Rainy,Rainfed,87.21,2.37088204038257,,
Kayah,2013,Onion,2884,2884,6854,199816069.0,22.71,1317.07,63260000000.0,Luvisols / Red Earth,Rainy,Rainfed,83.72,2.37656033287101,,
Kayah,2014,Onion,2601,2601,6194,267590796.3,23.02,1089.18,67459999999.9999,Luvisols / Red Earth,Rainy,Rainfed,80.93,2.38139177239523,,
Kayah,2015,Onion,2584,2584,6156,238665203.2,23.36,1113.03,62720000000.0,Luvisols / Red Earth,Rainy,Rainfed,81.15,2.38235294117647,,
Kayah,2016,Onion,2222,2222,5305,314946615.9,23.41,1222.88,60120000000.0,Luvisols / Red Earth,Rainy,Rainfed,82.46,2.38748874887488,,
Kayah,2017,Onion,2088,2088,4994,304701296.0,23.16,1567.54,63340000000.0,Luvisols / Red Earth,Rainy,Rainfed,86.64,2.39176245210727,,
Kayah,2018,Onion,2018,2018,4746,380230690.0,22.69,1316.55,67150000000.0,Luvisols / Red Earth,Rainy,Rainfed,83.71,2.35183349851337,,
Kayah,2019,Onion,2060,2060,4825,413574673.8,23.24,1282.79,68700000000.0,Luvisols / Red Earth,Rainy,Rainfed,83.21,2.34223300970873,,
Kayah,2020,Onion,2056,2056,4827,391351453.3,23.16,1222.66,78930000000.0,Luvisols / Red Earth,Rainy,Rainfed,82.5,2.34776264591439,,
Kayah,2021,Onion,817,817,1867,388899650.8,23.01,1440.62,65120000000.0,Luvisols / Red Earth,Rainy,Rainfed,85.15,2.28518971848225,,
Kayah,2022,Onion,2054,2054,4854,586761617.0,22.94,1814.13,62240000000.0,Luvisols / Red Earth,Rainy,Rainfed,89.64,2.36319376825705,,
Kayah,2023,Onion,415,415,980,586702652.6,23.4,1417.46,64800000000.0,Luvisols / Red Earth,Rainy,Rainfed,84.8,2.36144578313253,,
Kayin,2012,Onion,54,54,125,243967785.0,26.77,2467.92,59920000000.0,Fluvisols / Gleysols / Alluvial,Rainy,Rainfed,93.0,2.31481481481481,,
Kayin,2013,Onion,51,51,139,199816069.0,26.67,2022.51,63260000000.0,Fluvisols / Gleysols / Alluvial,Rainy,Rainfed,91.47,2.72549019607843,,
Kayin,2014,Onion,51,51,139,267590796.3,26.61,1604.54,67459999999.9999,Fluvisols / Gleysols / Alluvial,Rainy,Rainfed,86.46,2.72549019607843,,
Kayin,2015,Onion,34,34,81,238665203.2,26.97,1981.43,62720000000.0,Fluvisols / Gleysols / Alluvial,Rainy,Rainfed,90.92,2.38235294117647,,
Kayin,2016,Onion,18,18,47,314946615.9,26.89,1804.66,60120000000.0,Fluvisols / Gleysols / Alluvial,Rainy,Rainfed,88.82,2.61111111111111,,
Kayin,2017,Onion,5,5,12,304701296.0,26.65,2185.47,63340000000.0,Fluvisols / Gleysols / Alluvial,Rainy,Rainfed,93.0,2.4,,
Kayin,2018,Onion,5,5,12,380230690.0,26.73,2484.66,67150000000.0,Fluvisols / Gleysols / Alluvial,Rainy,Rainfed,93.0,2.4,,
Kayin,2019,Onion,5,5,12,413574673.8,26.95,2087.25,68700000000.0,Fluvisols / Gleysols / Alluvial,Rainy,Rainfed,92.2,2.4,,
Kayin,2020,Onion,5,5,12,391351453.3,27.12,1531.95,78930000000.0,Fluvisols / Gleysols / Alluvial,Rainy,Rainfed,85.5,2.4,,
Kayin,2021,Onion,5,5,12,388899650.8,26.67,2969.17,65120000000.0,Fluvisols / Gleysols / Alluvial,Rainy,Rainfed,93.0,2.4,,
Kayin,2022,Onion,5,5,12,586761617.0,26.62,2622.64,62240000000.0,Fluvisols / Gleysols / Alluvial,Rainy,Rainfed,93.0,2.4,,
Kayin,2023,Onion,5,5,12,586702652.6,26.96,2436.25,64800000000.0,Fluvisols / Gleysols / Alluvial,Rainy,Rainfed,93.0,2.4,,
Chin,2012,Onion,1668,1668,3419,243967785.0,22.62,716.7,59920000000.0,Cambisols / Mountainous Soil,Rainy,Rainfed,76.53,2.04976019184652,,
Chin,2013,Onion,1657,1657,3401,199816069.0,22.48,814.73,63260000000.0,Cambisols / Mountainous Soil,Rainy,Rainfed,77.73,2.05250452625226,,
Chin,2014,Onion,1622,1622,3321,267590796.3,22.97,716.65,67459999999.9999,Cambisols / Mountainous Soil,Rainy,Rainfed,76.47,2.04747225647348,,
Chin,2015,Onion,1651,1651,3406,238665203.2,22.61,913.76,62720000000.0,Cambisols / Mountainous Soil,Rainy,Rainfed,78.9,2.06299212598425,,
Chin,2016,Onion,1666,1666,3440,314946615.9,22.87,965.57,60120000000.0,Cambisols / Mountainous Soil,Rainy,Rainfed,79.47,2.06482593037214,,
Chin,2017,Onion,1578,1578,3246,304701296.0,22.26,1578.85,63340000000.0,Cambisols / Mountainous Soil,Rainy,Rainfed,86.94,2.05703422053231,,
Chin,2018,Onion,1336,1336,2504,380230690.0,21.95,1160.88,67150000000.0,Cambisols / Mountainous Soil,Rainy,Rainfed,81.98,1.87425149700598,,
Chin,2019,Onion,1321,1321,2467,413574673.8,22.53,1254.78,68700000000.0,Cambisols / Mountainous Soil,Rainy,Rainfed,83.0,1.8675246025738,,
Chin,2020,Onion,1399,1399,2667,391351453.3,22.26,1038.88,78930000000.0,Cambisols / Mountainous Soil,Rainy,Rainfed,80.46,1.90636168691922,,
Chin,2021,Onion,693,521,1013,388899650.8,22.92,753.21,65120000000.0,Cambisols / Mountainous Soil,Rainy,Rainfed,76.91,1.94433781190019,,
Chin,2022,Onion,618,618,1246,586761617.0,22.64,714.38,62240000000.0,Cambisols / Mountainous Soil,Rainy,Rainfed,76.5,2.01618122977346,,
Chin,2023,Onion,676,676,1320,586702652.6,23.13,770.15,64800000000.0,Cambisols / Mountainous Soil,Rainy,Rainfed,77.08,1.95266272189349,,
Sagaing,2012,Onion,35072,35072,246433,243967785.0,28.48,302.6,59920000000.0,Luvisols / Cambisols / Savanna,Rainy,Rainfed,70.5,7.02648836678832,,
Sagaing,2013,Onion,35159,35159,248368,199816069.0,28.47,362.75,63260000000.0,Luvisols / Cambisols / Savanna,Rainy,Rainfed,71.23,7.06413720526749,,
Sagaing,2014,Onion,37291,37291,263447,267590796.3,29.02,272.71,67459999999.9999,Luvisols / Cambisols / Savanna,Rainy,Rainfed,70.05,7.06462685366442,,
Sagaing,2015,Onion,37711,37711,270497,238665203.2,28.54,378.91,62720000000.0,Luvisols / Cambisols / Savanna,Rainy,Rainfed,71.41,7.17289385060062,,
Sagaing,2016,Onion,41085,41085,296159,314946615.9,28.61,466.45,60120000000.0,Luvisols / Cambisols / Savanna,Rainy,Rainfed,72.45,7.20844590483144,,
Sagaing,2017,Onion,45245,45199,324799,304701296.0,28.07,637.58,63340000000.0,Luvisols / Cambisols / Savanna,Rainy,Rainfed,74.6,7.18597756587535,,
Sagaing,2018,Onion,44834,44834,321681,380230690.0,27.88,475.8,67150000000.0,Luvisols / Cambisols / Savanna,Rainy,Rainfed,72.69,7.1749342017219,,
Sagaing,2019,Onion,47614,47614,347081,413574673.8,28.67,477.22,68700000000.0,Luvisols / Cambisols / Savanna,Rainy,Rainfed,72.57,7.28947368421052,,
Sagaing,2020,Onion,54412,54234,394544,391351453.3,28.0,552.96,78930000000.0,Luvisols / Cambisols / Savanna,Rainy,Rainfed,73.6,7.27484603754102,,
Sagaing,2021,Onion,49518,49518,364128,388899650.8,29.14,338.14,65120000000.0,Luvisols / Cambisols / Savanna,Rainy,Rainfed,70.81,7.35344723130982,,
Sagaing,2022,Onion,47074,47074,345755,586761617.0,28.78,375.7,62240000000.0,Luvisols / Cambisols / Savanna,Rainy,Rainfed,71.33,7.34492501168373,,
Sagaing,2023,Onion,50791,50791,355983,586702652.6,29.19,387.79,64800000000.0,Luvisols / Cambisols / Savanna,Rainy,Rainfed,71.4,7.00878108326278,,
Tanintharyi,2012,Onion,0,0,0,243967785.0,26.24,2388.49,59920000000.0,Ferralsols / Plinthosols / Lateritic,Rainy,Rainfed,93.0,0.0,,
Tanintharyi,2013,Onion,0,0,0,199816069.0,25.94,2304.57,63260000000.0,Ferralsols / Plinthosols / Lateritic,Rainy,Rainfed,93.0,0.0,,
Tanintharyi,2014,Onion,0,0,0,267590796.3,25.99,1706.05,67459999999.9999,Ferralsols / Plinthosols / Lateritic,Rainy,Rainfed,87.79,0.0,,
Tanintharyi,2015,Onion,0,0,0,238665203.2,26.43,1914.37,62720000000.0,Ferralsols / Plinthosols / Lateritic,Rainy,Rainfed,90.22,0.0,,
Tanintharyi,2016,Onion,0,0,0,314946615.9,26.3,1870.73,60120000000.0,Ferralsols / Plinthosols / Lateritic,Rainy,Rainfed,89.71,0.0,,
Tanintharyi,2017,Onion,0,0,0,304701296.0,26.08,2485.72,63340000000.0,Ferralsols / Plinthosols / Lateritic,Rainy,Rainfed,93.0,0.0,,
Tanintharyi,2018,Onion,0,0,0,380230690.0,26.23,2273.98,67150000000.0,Ferralsols / Plinthosols / Lateritic,Rainy,Rainfed,93.0,0.0,,
Tanintharyi,2019,Onion,0,0,0,413574673.8,26.44,1846.93,68700000000.0,Ferralsols / Plinthosols / Lateritic,Rainy,Rainfed,89.4,0.0,,
Tanintharyi,2020,Onion,0,0,0,391351453.3,26.42,2375.71,78930000000.0,Ferralsols / Plinthosols / Lateritic,Rainy,Rainfed,93.0,0.0,,
Tanintharyi,2021,Onion,0,0,0,388899650.8,25.97,2896.94,65120000000.0,Ferralsols / Plinthosols / Lateritic,Rainy,Rainfed,93.0,0.0,,
Tanintharyi,2022,Onion,0,0,0,586761617.0,26.08,2726.62,62240000000.0,Ferralsols / Plinthosols / Lateritic,Rainy,Rainfed,93.0,0.0,,
Tanintharyi,2023,Onion,0,0,0,586702652.6,26.46,2318.19,64800000000.0,Ferralsols / Plinthosols / Lateritic,Rainy,Rainfed,93.0,0.0,,
Bago,2012,Onion,2103,2103,13023,243967785.0,27.33,1519.25,59920000000.0,Fluvisols / Gleysols / Alluvial,Rainy,Rainfed,85.31,6.1925820256776,,
Bago,2013,Onion,2157,2157,13326,199816069.0,27.57,1187.91,63260000000.0,Fluvisols / Gleysols / Alluvial,Rainy,Rainfed,81.29,6.17802503477051,,
Bago,2014,Onion,2120,2120,13145,267590796.3,27.57,1054.41,67459999999.9999,Fluvisols / Gleysols / Alluvial,Rainy,Rainfed,79.69,6.2004716981132,,
Bago,2015,Onion,2105,2105,13083,238665203.2,27.77,1256.33,62720000000.0,Fluvisols / Gleysols / Alluvial,Rainy,Rainfed,82.08,6.21520190023752,,
Bago,2016,Onion,2044,2044,12735,314946615.9,27.71,1212.7,60120000000.0,Fluvisols / Gleysols / Alluvial,Rainy,Rainfed,81.56,6.23043052837573,,
Bago,2017,Onion,2011,2011,11808,304701296.0,27.49,1498.81,63340000000.0,Fluvisols / Gleysols / Alluvial,Rainy,Rainfed,85.04,5.87170561909497,,
Bago,2018,Onion,1968,1968,12443,380230690.0,27.43,1690.27,67150000000.0,Fluvisols / Gleysols / Alluvial,Rainy,Rainfed,87.35,6.32266260162601,,
Bago,2019,Onion,1947,1947,12367,413574673.8,28.09,1236.72,68700000000.0,Fluvisols / Gleysols / Alluvial,Rainy,Rainfed,81.78,6.35182331792501,,
Bago,2020,Onion,1954,1954,12415,391351453.3,28.01,1004.02,78930000000.0,Fluvisols / Gleysols / Alluvial,Rainy,Rainfed,79.01,6.35363357215967,,
Bago,2021,Onion,1953,1953,12411,388899650.8,27.31,1749.84,65120000000.0,Fluvisols / Gleysols / Alluvial,Rainy,Rainfed,88.08,6.35483870967741,,
Bago,2022,Onion,1716,1716,10971,586761617.0,27.34,1789.55,62240000000.0,Fluvisols / Gleysols / Alluvial,Rainy,Rainfed,88.55,6.39335664335664,,
Bago,2023,Onion,3577,3567,23137,586702652.6,28.01,1574.66,64800000000.0,Fluvisols / Gleysols / Alluvial,Rainy,Rainfed,85.85,6.48640313989346,,
Magway,2012,Onion,49166,49166,473107,243967785.0,26.79,898.02,59920000000.0,Regosols / Luvisols / Sandy Savanna,Rainy,Rainfed,77.95,9.62264573078957,,
Magway,2013,Onion,49173,49173,477106,199816069.0,26.96,878.15,63260000000.0,Regosols / Luvisols / Sandy Savanna,Rainy,Rainfed,77.68,9.70260102088544,,
Magway,2014,Onion,49180,49180,478298,267590796.3,27.42,770.86,67459999999.9999,Regosols / Luvisols / Sandy Savanna,Rainy,Rainfed,76.31,9.72545750305002,,
Magway,2015,Onion,49264,49264,479308,238665203.2,27.31,734.05,62720000000.0,Regosols / Luvisols / Sandy Savanna,Rainy,Rainfed,75.89,9.72937642091588,,
Magway,2016,Onion,42109,42109,407578,314946615.9,27.18,941.74,60120000000.0,Regosols / Luvisols / Sandy Savanna,Rainy,Rainfed,78.41,9.67911847823505,,
Magway,2017,Onion,34603,33690,260955,304701296.0,27.02,1107.58,63340000000.0,Regosols / Luvisols / Sandy Savanna,Rainy,Rainfed,80.43,7.74577025823686,,
Magway,2018,Onion,33920,33920,262016,380230690.0,26.75,839.14,67150000000.0,Regosols / Luvisols / Sandy Savanna,Rainy,Rainfed,77.25,7.72452830188679,,
Magway,2019,Onion,33658,33621,259665,413574673.8,27.7,769.91,68700000000.0,Regosols / Luvisols / Sandy Savanna,Rainy,Rainfed,76.25,7.72329793878825,,
Magway,2020,Onion,36142,35975,276490,391351453.3,27.15,822.19,78930000000.0,Regosols / Luvisols / Sandy Savanna,Rainy,Rainfed,76.98,7.6856150104239,,
Magway,2021,Onion,34791,34598,265573,388899650.8,27.77,689.55,65120000000.0,Regosols / Luvisols / Sandy Savanna,Rainy,Rainfed,75.28,7.67596392855078,,
Magway,2022,Onion,37931,37931,297746,586761617.0,27.6,729.42,62240000000.0,Regosols / Luvisols / Sandy Savanna,Rainy,Rainfed,75.79,7.84967440879491,,
Magway,2023,Onion,38824,38824,307056,586702652.6,28.03,696.9,64800000000.0,Regosols / Luvisols / Sandy Savanna,Rainy,Rainfed,75.32,7.90892231609313,,
Mandalay,2012,Onion,68921,68921,343716,243967785.0,27.22,338.39,59920000000.0,Luvisols / Cambisols / Savanna,Rainy,Rainfed,71.16,4.98710117380769,,
Mandalay,2013,Onion,80312,80312,399737,199816069.0,27.39,350.66,63260000000.0,Luvisols / Cambisols / Savanna,Rainy,Rainfed,71.28,4.9773010259986,,
Mandalay,2014,Onion,83410,83399,426810,267590796.3,27.89,270.44,67459999999.9999,Luvisols / Cambisols / Savanna,Rainy,Rainfed,70.23,5.11768726243719,,
Mandalay,2015,Onion,78837,78837,417489,238665203.2,27.41,376.48,62720000000.0,Luvisols / Cambisols / Savanna,Rainy,Rainfed,71.58,5.29559724494843,,
Mandalay,2016,Onion,66265,66258,343784,314946615.9,27.59,376.98,60120000000.0,Luvisols / Cambisols / Savanna,Rainy,Rainfed,71.56,5.1885659090223,,
Mandalay,2017,Onion,72133,71960,353942,304701296.0,27.37,461.76,63340000000.0,Luvisols / Cambisols / Savanna,Rainy,Rainfed,72.61,4.91859366314619,,
Mandalay,2018,Onion,75065,75063,365754,380230690.0,27.03,394.62,67150000000.0,Luvisols / Cambisols / Savanna,Rainy,Rainfed,71.87,4.8726269933256,,
Mandalay,2019,Onion,74133,74133,359718,413574673.8,27.69,414.37,68700000000.0,Luvisols / Cambisols / Savanna,Rainy,Rainfed,71.99,4.85233296912306,,
Mandalay,2020,Onion,74267,74251,365225,391351453.3,27.18,470.39,78930000000.0,Luvisols / Cambisols / Savanna,Rainy,Rainfed,72.75,4.91878897253909,,
Mandalay,2021,Onion,68028,67991,327187,388899650.8,27.8,383.44,65120000000.0,Luvisols / Cambisols / Savanna,Rainy,Rainfed,71.6,4.812210439617,,
Mandalay,2022,Onion,70040,70040,331958,586761617.0,27.53,425.89,62240000000.0,Luvisols / Cambisols / Savanna,Rainy,Rainfed,72.16,4.73954882924043,,
Mandalay,2023,Onion,76489,76489,382220,586702652.6,28.02,431.5,64800000000.0,Luvisols / Cambisols / Savanna,Rainy,Rainfed,72.13,4.99705840055432,,
Mon,2012,Onion,0,0,0,243967785.0,27.89,2936.46,59920000000.0,Ferralsols / Gleysols / Lateritic,Rainy,Rainfed,93.0,0.0,,
Mon,2013,Onion,0,0,0,199816069.0,27.75,2472.26,63260000000.0,Ferralsols / Gleysols / Lateritic,Rainy,Rainfed,93.0,0.0,,
Mon,2014,Onion,0,0,0,267590796.3,27.71,1805.43,67459999999.9999,Ferralsols / Gleysols / Lateritic,Rainy,Rainfed,88.68,0.0,,
Mon,2015,Onion,0,0,0,238665203.2,27.96,2500.08,62720000000.0,Ferralsols / Gleysols / Lateritic,Rainy,Rainfed,93.0,0.0,,
Mon,2016,Onion,0,0,0,314946615.9,27.84,2247.31,60120000000.0,Ferralsols / Gleysols / Lateritic,Rainy,Rainfed,93.0,0.0,,
Mon,2017,Onion,0,0,0,304701296.0,27.68,2729.02,63340000000.0,Ferralsols / Gleysols / Lateritic,Rainy,Rainfed,93.0,0.0,,
Mon,2018,Onion,0,0,0,380230690.0,27.86,3263.34,67150000000.0,Ferralsols / Gleysols / Lateritic,Rainy,Rainfed,93.0,0.0,,
Mon,2019,Onion,0,0,0,413574673.8,28.11,2717.71,68700000000.0,Ferralsols / Gleysols / Lateritic,Rainy,Rainfed,93.0,0.0,,
Mon,2020,Onion,0,0,0,391351453.3,28.13,1897.4,78930000000.0,Ferralsols / Gleysols / Lateritic,Rainy,Rainfed,89.71,0.0,,
Mon,2021,Onion,0,0,0,388899650.8,27.71,3711.2,65120000000.0,Ferralsols / Gleysols / Lateritic,Rainy,Rainfed,93.0,0.0,,
Mon,2022,Onion,0,0,0,586761617.0,27.71,3270.72,62240000000.0,Ferralsols / Gleysols / Lateritic,Rainy,Rainfed,93.0,0.0,,
Mon,2023,Onion,0,0,0,586702652.6,28.09,3075.98,64800000000.0,Ferralsols / Gleysols / Lateritic,Rainy,Rainfed,93.0,0.0,,
Rakhine,2012,Onion,1755,1755,6618,243967785.0,26.54,2984.69,59920000000.0,Gleysols / Alluvial / Mountainous,Rainy,Rainfed,93.0,3.77094017094017,,
Rakhine,2013,Onion,1753,1753,6553,199816069.0,26.5,3116.99,63260000000.0,Gleysols / Alluvial / Mountainous,Rainy,Rainfed,93.0,3.73816314888762,,
Rakhine,2014,Onion,1756,1756,6614,267590796.3,26.74,2952.75,67459999999.9999,Gleysols / Alluvial / Mountainous,Rainy,Rainfed,93.0,3.76651480637813,,
Rakhine,2015,Onion,1752,1752,6583,238665203.2,26.5,8475.24,62720000000.0,Gleysols / Alluvial / Mountainous,Rainy,Rainfed,93.0,3.7574200913242,,
Rakhine,2016,Onion,1775,1775,6705,314946615.9,26.76,10036.74,60120000000.0,Gleysols / Alluvial / Mountainous,Rainy,Rainfed,93.0,3.77746478873239,,
Rakhine,2017,Onion,834,834,3089,304701296.0,26.66,7844.64,63340000000.0,Gleysols / Alluvial / Mountainous,Rainy,Rainfed,93.0,3.70383693045563,,
Rakhine,2018,Onion,768,768,2848,380230690.0,26.17,7927.61,67150000000.0,Gleysols / Alluvial / Mountainous,Rainy,Rainfed,93.0,3.70833333333333,,
Rakhine,2019,Onion,767,767,2844,413574673.8,26.66,8062.73,68700000000.0,Gleysols / Alluvial / Mountainous,Rainy,Rainfed,93.0,3.70795306388526,,
Rakhine,2020,Onion,766,766,2822,391351453.3,26.49,7855.92,78930000000.0,Gleysols / Alluvial / Mountainous,Rainy,Rainfed,93.0,3.6840731070496,,
Rakhine,2021,Onion,768,768,2815,388899650.8,26.93,5291.74,65120000000.0,Gleysols / Alluvial / Mountainous,Rainy,Rainfed,93.0,3.66536458333333,,
Rakhine,2022,Onion,772,772,2842,586761617.0,26.66,5117.41,62240000000.0,Gleysols / Alluvial / Mountainous,Rainy,Rainfed,93.0,3.68134715025906,,
Rakhine,2023,Onion,757,757,2803,586702652.6,26.9,5823.68,64800000000.0,Gleysols / Alluvial / Mountainous,Rainy,Rainfed,93.0,3.70277410832232,,
Yangon,2012,Onion,2,2,5,243967785.0,27.5,1871.61,59920000000.0,Fluvisols / Gleysols / Alluvial,Rainy,Rainfed,89.51,2.5,,
Yangon,2013,Onion,0,0,0,199816069.0,27.61,1492.96,63260000000.0,Fluvisols / Gleysols / Alluvial,Rainy,Rainfed,84.95,0.0,,
Yangon,2014,Onion,0,0,0,267590796.3,27.67,1241.48,67459999999.9999,Fluvisols / Gleysols / Alluvial,Rainy,Rainfed,81.92,0.0,,
Yangon,2015,Onion,0,0,0,238665203.2,27.86,1676.99,62720000000.0,Fluvisols / Gleysols / Alluvial,Rainy,Rainfed,87.11,0.0,,
Yangon,2016,Onion,0,0,0,314946615.9,27.8,1521.79,60120000000.0,Fluvisols / Gleysols / Alluvial,Rainy,Rainfed,85.26,0.0,,
Yangon,2017,Onion,0,0,0,304701296.0,27.54,1863.36,63340000000.0,Fluvisols / Gleysols / Alluvial,Rainy,Rainfed,89.4,0.0,,
Yangon,2018,Onion,0,0,0,380230690.0,27.53,2226.31,67150000000.0,Fluvisols / Gleysols / Alluvial,Rainy,Rainfed,93.0,0.0,,
Yangon,2019,Onion,0,0,0,413574673.8,28.09,1694.52,68700000000.0,Fluvisols / Gleysols / Alluvial,Rainy,Rainfed,87.28,0.0,,
Yangon,2020,Onion,0,0,0,391351453.3,28.05,1262.54,78930000000.0,Fluvisols / Gleysols / Alluvial,Rainy,Rainfed,82.1,0.0,,
Yangon,2021,Onion,0,0,0,388899650.8,27.4,2360.45,65120000000.0,Fluvisols / Gleysols / Alluvial,Rainy,Rainfed,93.0,0.0,,
Yangon,2022,Onion,0,0,0,586761617.0,27.36,2242.28,62240000000.0,Fluvisols / Gleysols / Alluvial,Rainy,Rainfed,93.0,0.0,,
Yangon,2023,Onion,0,0,0,586702652.6,28.02,2034.25,64800000000.0,Fluvisols / Gleysols / Alluvial,Rainy,Rainfed,91.37,0.0,,
Shan,2012,Onion,11594,11594,27913,243967785.0,21.06,671.3,59920000000.0,Acrisols / Ferralsols / Red Earth,Rainy,Rainfed,76.26,2.40753838192168,,
Shan,2013,Onion,12154,12154,28944,199816069.0,21.38,594.52,63260000000.0,Acrisols / Ferralsols / Red Earth,Rainy,Rainfed,75.29,2.38143820964291,,
Shan,2014,Onion,11117,11117,27240,267590796.3,21.82,438.2,67459999999.9999,Acrisols / Ferralsols / Red Earth,Rainy,Rainfed,73.33,2.45030134028964,,
Shan,2015,Onion,10988,10988,26951,238665203.2,21.68,533.62,62720000000.0,Acrisols / Ferralsols / Red Earth,Rainy,Rainfed,74.5,2.45276665453221,,
Shan,2016,Onion,11419,11419,27632,314946615.9,21.69,570.05,60120000000.0,Acrisols / Ferralsols / Red Earth,Rainy,Rainfed,74.94,2.4198266047815,,
Shan,2017,Onion,11263,11263,27224,304701296.0,21.52,759.17,63340000000.0,Acrisols / Ferralsols / Red Earth,Rainy,Rainfed,77.24,2.41711799698126,,
Shan,2018,Onion,10997,10997,26489,380230690.0,21.16,624.01,67150000000.0,Acrisols / Ferralsols / Red Earth,Rainy,Rainfed,75.68,2.40874784032008,,
Shan,2019,Onion,11121,11121,25863,413574673.8,21.87,584.23,68700000000.0,Acrisols / Ferralsols / Red Earth,Rainy,Rainfed,75.07,2.32560021580793,,
Shan,2020,Onion,11599,11599,27199,391351453.3,21.56,626.15,78930000000.0,Acrisols / Ferralsols / Red Earth,Rainy,Rainfed,75.63,2.34494352961462,,
Shan,2021,Onion,11138,11138,26507,388899650.8,21.67,658.43,65120000000.0,Acrisols / Ferralsols / Red Earth,Rainy,Rainfed,76.0,2.37987071287484,,
Shan,2022,Onion,11311,11311,27601,586761617.0,21.33,803.12,62240000000.0,Acrisols / Ferralsols / Red Earth,Rainy,Rainfed,77.8,2.44019096454778,,
Shan,2023,Onion,11640,11640,28764,586702652.6,22.07,653.29,64800000000.0,Acrisols / Ferralsols / Red Earth,Rainy,Rainfed,75.87,2.47113402061855,,
Ayeyarwady,2012,Onion,1838,1838,7824,243967785.0,27.73,892.99,59920000000.0,Fluvisols / Gleysols / Alluvial,Rainy,Rainfed,77.72,4.25680087051142,,
Ayeyarwady,2013,Onion,1851,1851,8260,199816069.0,27.91,705.85,63260000000.0,Fluvisols / Gleysols / Alluvial,Rainy,Rainfed,75.45,4.46245272825499,,
Ayeyarwady,2014,Onion,1809,1809,8243,267590796.3,28.21,606.23,67459999999.9999,Fluvisols / Gleysols / Alluvial,Rainy,Rainfed,74.2,4.55666113875069,,
Ayeyarwady,2015,Onion,1754,1754,8069,238665203.2,28.19,737.44,62720000000.0,Fluvisols / Gleysols / Alluvial,Rainy,Rainfed,75.78,4.60034207525655,,
Ayeyarwady,2016,Onion,1644,1644,7535,314946615.9,28.14,712.5,60120000000.0,Fluvisols / Gleysols / Alluvial,Rainy,Rainfed,75.48,4.58333333333333,,
Ayeyarwady,2017,Onion,1620,1620,7447,304701296.0,28.04,819.64,63340000000.0,Fluvisols / Gleysols / Alluvial,Rainy,Rainfed,76.79,4.59691358024691,,
Ayeyarwady,2018,Onion,1353,1353,6371,380230690.0,27.76,972.0,67150000000.0,Fluvisols / Gleysols / Alluvial,Rainy,Rainfed,78.67,4.70879526977088,,
Ayeyarwady,2019,Onion,1328,1328,6260,413574673.8,28.38,776.06,68700000000.0,Fluvisols / Gleysols / Alluvial,Rainy,Rainfed,76.2,4.71385542168674,,
Ayeyarwady,2020,Onion,1240,1240,6212,391351453.3,28.37,575.94,78930000000.0,Fluvisols / Gleysols / Alluvial,Rainy,Rainfed,73.8,5.00967741935483,,
Ayeyarwady,2021,Onion,1239,1239,6193,388899650.8,27.92,960.87,65120000000.0,Fluvisols / Gleysols / Alluvial,Rainy,Rainfed,78.5,4.99838579499596,,
Ayeyarwady,2022,Onion,1164,1164,5224,586761617.0,27.91,944.56,62240000000.0,Fluvisols / Gleysols / Alluvial,Rainy,Rainfed,78.31,4.48797250859106,,
Ayeyarwady,2023,Onion,1136,1136,5087,586702652.6,28.36,837.63,64800000000.0,Fluvisols / Gleysols / Alluvial,Rainy,Rainfed,76.95,4.47799295774647,,
Nay Pyi Taw,2012,Onion,1592,1592,8331,243967785.0,25.41,942.84,59920000000.0,Cambisols / Fluvisols / Loam,Rainy,Rainfed,78.74,5.23304020100502,,
Nay Pyi Taw,2013,Onion,1355,1355,7394,199816069.0,25.88,775.78,63260000000.0,Cambisols / Fluvisols / Loam,Rainy,Rainfed,76.65,5.45682656826568,,
Nay Pyi Taw,2014,Onion,1215,1215,6792,267590796.3,26.38,617.16,67459999999.9999,Cambisols / Fluvisols / Loam,Rainy,Rainfed,74.66,5.59012345679012,,
Nay Pyi Taw,2015,Onion,1449,1449,7849,238665203.2,26.35,678.38,62720000000.0,Cambisols / Fluvisols / Loam,Rainy,Rainfed,75.4,5.41683919944789,,
Nay Pyi Taw,2016,Onion,1348,1348,7333,314946615.9,26.23,754.74,60120000000.0,Cambisols / Fluvisols / Loam,Rainy,Rainfed,76.34,5.43991097922848,,
Nay Pyi Taw,2017,Onion,830,830,4447,304701296.0,26.08,972.17,63340000000.0,Cambisols / Fluvisols / Loam,Rainy,Rainfed,78.97,5.3578313253012,,
Nay Pyi Taw,2018,Onion,807,807,4267,380230690.0,25.73,812.09,67150000000.0,Cambisols / Fluvisols / Loam,Rainy,Rainfed,77.11,5.28748451053283,,
Nay Pyi Taw,2019,Onion,1253,1253,6851,413574673.8,26.57,787.91,68700000000.0,Cambisols / Fluvisols / Loam,Rainy,Rainfed,76.67,5.46767757382282,,
Nay Pyi Taw,2020,Onion,2157,2157,11908,391351453.3,26.28,762.33,78930000000.0,Cambisols / Fluvisols / Loam,Rainy,Rainfed,76.42,5.52063050533147,,
Nay Pyi Taw,2021,Onion,2185,2185,12022,388899650.8,26.24,851.96,65120000000.0,Cambisols / Fluvisols / Loam,Rainy,Rainfed,77.5,5.5020594965675,,
Nay Pyi Taw,2022,Onion,1004,1004,5425,586761617.0,25.96,1027.18,62240000000.0,Cambisols / Fluvisols / Loam,Rainy,Rainfed,79.65,5.40338645418326,,
Nay Pyi Taw,2023,Onion,473,473,2533,586702652.6,26.62,853.39,64800000000.0,Cambisols / Fluvisols / Loam,Rainy,Rainfed,77.45,5.35517970401691,,
Kachin,2012,Garlic,3126,3126,7637,243967785.0,23.38,914.61,59920000000.0,Acrisols / Red-Brown Lateritic,Rainy,Rainfed,78.77,2.44305822136916,,
Kachin,2013,Garlic,3082,3082,7665,199816069.0,23.62,939.94,63260000000.0,Acrisols / Red-Brown Lateritic,Rainy,Rainfed,79.03,2.4870214146658,,
Kachin,2014,Garlic,3107,3107,7753,267590796.3,24.01,833.48,67459999999.9999,Acrisols / Red-Brown Lateritic,Rainy,Rainfed,77.68,2.49533311876408,,
Kachin,2015,Garlic,3126,3126,7944,238665203.2,23.27,1005.47,62720000000.0,Acrisols / Red-Brown Lateritic,Rainy,Rainfed,79.88,2.54126679462571,,
Kachin,2016,Garlic,2996,2996,7623,314946615.9,23.17,1224.63,60120000000.0,Acrisols / Red-Brown Lateritic,Rainy,Rainfed,82.52,2.54439252336448,,
Kachin,2017,Garlic,3032,3032,7726,304701296.0,23.28,1125.21,63340000000.0,Acrisols / Red-Brown Lateritic,Rainy,Rainfed,81.31,2.54815303430079,,
Kachin,2018,Garlic,3052,3052,7804,380230690.0,22.85,1162.0,67150000000.0,Acrisols / Red-Brown Lateritic,Rainy,Rainfed,81.83,2.5570117955439,,
Kachin,2019,Garlic,3947,3947,10095,413574673.8,23.49,1042.44,68700000000.0,Acrisols / Red-Brown Lateritic,Rainy,Rainfed,80.28,2.55763871294654,,
Kachin,2020,Garlic,3699,3699,9446,391351453.3,22.87,1329.91,78930000000.0,Acrisols / Red-Brown Lateritic,Rainy,Rainfed,83.84,2.55366315220329,,
Kachin,2021,Garlic,2816,2816,7183,388899650.8,23.65,1005.31,65120000000.0,Acrisols / Red-Brown Lateritic,Rainy,Rainfed,79.81,2.55078125,,
Kachin,2022,Garlic,2577,2577,6565,586761617.0,22.99,1256.07,62240000000.0,Acrisols / Red-Brown Lateritic,Rainy,Rainfed,82.93,2.54753589445091,,
Kachin,2023,Garlic,2572,2572,6563,586702652.6,23.84,1183.85,64800000000.0,Acrisols / Red-Brown Lateritic,Rainy,Rainfed,81.91,2.55171073094867,,
Kayah,2012,Garlic,3155,3155,7459,243967785.0,22.51,1604.82,59920000000.0,Luvisols / Red Earth,Rainy,Rainfed,87.21,2.36418383518225,,
Kayah,2013,Garlic,3186,3186,7538,199816069.0,22.71,1317.07,63260000000.0,Luvisols / Red Earth,Rainy,Rainfed,83.72,2.36597614563716,,
Kayah,2014,Garlic,3254,3254,7723,267590796.3,23.02,1089.18,67459999999.9999,Luvisols / Red Earth,Rainy,Rainfed,80.93,2.37338660110633,,
Kayah,2015,Garlic,3223,3223,7625,238665203.2,23.36,1113.03,62720000000.0,Luvisols / Red Earth,Rainy,Rainfed,81.15,2.36580825318026,,
Kayah,2016,Garlic,2964,2964,7021,314946615.9,23.41,1222.88,60120000000.0,Luvisols / Red Earth,Rainy,Rainfed,82.46,2.3687584345479,,
Kayah,2017,Garlic,2738,2738,6489,304701296.0,23.16,1567.54,63340000000.0,Luvisols / Red Earth,Rainy,Rainfed,86.64,2.3699780861943,,
Kayah,2018,Garlic,2679,2679,6371,380230690.0,22.69,1316.55,67150000000.0,Luvisols / Red Earth,Rainy,Rainfed,83.71,2.37812616648002,,
Kayah,2019,Garlic,2223,2223,5296,413574673.8,23.24,1282.79,68700000000.0,Luvisols / Red Earth,Rainy,Rainfed,83.21,2.38236617183985,,
Kayah,2020,Garlic,2107,2107,5021,391351453.3,23.16,1222.66,78930000000.0,Luvisols / Red Earth,Rainy,Rainfed,82.5,2.38300901756051,,
Kayah,2021,Garlic,1093,1093,2597,388899650.8,23.01,1440.62,65120000000.0,Luvisols / Red Earth,Rainy,Rainfed,85.15,2.37602927721866,,
Kayah,2022,Garlic,2107,2107,5000,586761617.0,22.94,1814.13,62240000000.0,Luvisols / Red Earth,Rainy,Rainfed,89.64,2.37304224015187,,
Kayah,2023,Garlic,556,556,1315,586702652.6,23.4,1417.46,64800000000.0,Luvisols / Red Earth,Rainy,Rainfed,84.8,2.36510791366906,,
Kayin,2012,Garlic,5,5,5,243967785.0,26.77,2467.92,59920000000.0,Fluvisols / Gleysols / Alluvial,Rainy,Rainfed,93.0,1.0,,
Kayin,2013,Garlic,5,5,5,199816069.0,26.67,2022.51,63260000000.0,Fluvisols / Gleysols / Alluvial,Rainy,Rainfed,91.47,1.0,,
Kayin,2014,Garlic,5,5,5,267590796.3,26.61,1604.54,67459999999.9999,Fluvisols / Gleysols / Alluvial,Rainy,Rainfed,86.46,1.0,,
Kayin,2015,Garlic,5,5,5,238665203.2,26.97,1981.43,62720000000.0,Fluvisols / Gleysols / Alluvial,Rainy,Rainfed,90.92,1.0,,
Kayin,2016,Garlic,5,5,5,314946615.9,26.89,1804.66,60120000000.0,Fluvisols / Gleysols / Alluvial,Rainy,Rainfed,88.82,1.0,,
Kayin,2017,Garlic,0,0,0,304701296.0,26.65,2185.47,63340000000.0,Fluvisols / Gleysols / Alluvial,Rainy,Rainfed,93.0,0.0,,
Kayin,2018,Garlic,0,0,0,380230690.0,26.73,2484.66,67150000000.0,Fluvisols / Gleysols / Alluvial,Rainy,Rainfed,93.0,0.0,,
Kayin,2019,Garlic,0,0,0,413574673.8,26.95,2087.25,68700000000.0,Fluvisols / Gleysols / Alluvial,Rainy,Rainfed,92.2,0.0,,
Kayin,2020,Garlic,0,0,0,391351453.3,27.12,1531.95,78930000000.0,Fluvisols / Gleysols / Alluvial,Rainy,Rainfed,85.5,0.0,,
Kayin,2021,Garlic,0,0,0,388899650.8,26.67,2969.17,65120000000.0,Fluvisols / Gleysols / Alluvial,Rainy,Rainfed,93.0,0.0,,
Kayin,2022,Garlic,0,0,0,586761617.0,26.62,2622.64,62240000000.0,Fluvisols / Gleysols / Alluvial,Rainy,Rainfed,93.0,0.0,,
Kayin,2023,Garlic,0,0,0,586702652.6,26.96,2436.25,64800000000.0,Fluvisols / Gleysols / Alluvial,Rainy,Rainfed,93.0,0.0,,
Chin,2012,Garlic,1322,1322,1947,243967785.0,22.62,716.7,59920000000.0,Cambisols / Mountainous Soil,Rainy,Rainfed,76.53,1.47276853252647,,
Chin,2013,Garlic,1374,1374,2036,199816069.0,22.48,814.73,63260000000.0,Cambisols / Mountainous Soil,Rainy,Rainfed,77.73,1.48180494905385,,
Chin,2014,Garlic,1378,1378,2045,267590796.3,22.97,716.65,67459999999.9999,Cambisols / Mountainous Soil,Rainy,Rainfed,76.47,1.48403483309143,,
Chin,2015,Garlic,1358,1358,2031,238665203.2,22.61,913.76,62720000000.0,Cambisols / Mountainous Soil,Rainy,Rainfed,78.9,1.49558173784977,,
Chin,2016,Garlic,1326,1326,1976,314946615.9,22.87,965.57,60120000000.0,Cambisols / Mountainous Soil,Rainy,Rainfed,79.47,1.49019607843137,,
Chin,2017,Garlic,1295,1295,1924,304701296.0,22.26,1578.85,63340000000.0,Cambisols / Mountainous Soil,Rainy,Rainfed,86.94,1.48571428571428,,
Chin,2018,Garlic,1327,1327,1946,380230690.0,21.95,1160.88,67150000000.0,Cambisols / Mountainous Soil,Rainy,Rainfed,81.98,1.46646571213262,,
Chin,2019,Garlic,1350,1350,1981,413574673.8,22.53,1254.78,68700000000.0,Cambisols / Mountainous Soil,Rainy,Rainfed,83.0,1.4674074074074,,
Chin,2020,Garlic,1202,1202,1847,391351453.3,22.26,1038.88,78930000000.0,Cambisols / Mountainous Soil,Rainy,Rainfed,80.46,1.53660565723793,,
Chin,2021,Garlic,838,534,906,388899650.8,22.92,753.21,65120000000.0,Cambisols / Mountainous Soil,Rainy,Rainfed,76.91,1.69662921348314,,
Chin,2022,Garlic,668,668,1154,586761617.0,22.64,714.38,62240000000.0,Cambisols / Mountainous Soil,Rainy,Rainfed,76.5,1.72754491017964,,
Chin,2023,Garlic,730,730,1230,586702652.6,23.13,770.15,64800000000.0,Cambisols / Mountainous Soil,Rainy,Rainfed,77.08,1.68493150684931,,
Sagaing,2012,Garlic,10598,10598,42936,243967785.0,28.48,302.6,59920000000.0,Luvisols / Cambisols / Savanna,Rainy,Rainfed,70.5,4.0513304397056,,
Sagaing,2013,Garlic,10714,10714,45270,199816069.0,28.47,362.75,63260000000.0,Luvisols / Cambisols / Savanna,Rainy,Rainfed,71.23,4.22531267500466,,
Sagaing,2014,Garlic,10306,10306,43405,267590796.3,29.02,272.71,67459999999.9999,Luvisols / Cambisols / Savanna,Rainy,Rainfed,70.05,4.21162429652629,,
Sagaing,2015,Garlic,10554,10554,44570,238665203.2,28.54,378.91,62720000000.0,Luvisols / Cambisols / Savanna,Rainy,Rainfed,71.41,4.22304339586886,,
Sagaing,2016,Garlic,11243,11243,48281,314946615.9,28.61,466.45,60120000000.0,Luvisols / Cambisols / Savanna,Rainy,Rainfed,72.45,4.29431646357733,,
Sagaing,2017,Garlic,11601,11601,50827,304701296.0,28.07,637.58,63340000000.0,Luvisols / Cambisols / Savanna,Rainy,Rainfed,74.6,4.38126023618653,,
Sagaing,2018,Garlic,12033,12033,52543,380230690.0,27.88,475.8,67150000000.0,Luvisols / Cambisols / Savanna,Rainy,Rainfed,72.69,4.366575251392,,
Sagaing,2019,Garlic,13096,13096,56999,413574673.8,28.67,477.22,68700000000.0,Luvisols / Cambisols / Savanna,Rainy,Rainfed,72.57,4.35239767868051,,
Sagaing,2020,Garlic,13313,13313,59474,391351453.3,28.0,552.96,78930000000.0,Luvisols / Cambisols / Savanna,Rainy,Rainfed,73.6,4.46736272816044,,
Sagaing,2021,Garlic,13790,13790,57698,388899650.8,29.14,338.14,65120000000.0,Luvisols / Cambisols / Savanna,Rainy,Rainfed,70.81,4.18404641044235,,
Sagaing,2022,Garlic,13193,13193,55925,586761617.0,28.78,375.7,62240000000.0,Luvisols / Cambisols / Savanna,Rainy,Rainfed,71.33,4.23899037368301,,
Sagaing,2023,Garlic,13439,13439,56586,586702652.6,29.19,387.79,64800000000.0,Luvisols / Cambisols / Savanna,Rainy,Rainfed,71.4,4.21058114443038,,
Tanintharyi,2012,Garlic,0,0,0,243967785.0,26.24,2388.49,59920000000.0,Ferralsols / Plinthosols / Lateritic,Rainy,Rainfed,93.0,0.0,,
Tanintharyi,2013,Garlic,0,0,0,199816069.0,25.94,2304.57,63260000000.0,Ferralsols / Plinthosols / Lateritic,Rainy,Rainfed,93.0,0.0,,
Tanintharyi,2014,Garlic,0,0,0,267590796.3,25.99,1706.05,67459999999.9999,Ferralsols / Plinthosols / Lateritic,Rainy,Rainfed,87.79,0.0,,
Tanintharyi,2015,Garlic,0,0,0,238665203.2,26.43,1914.37,62720000000.0,Ferralsols / Plinthosols / Lateritic,Rainy,Rainfed,90.22,0.0,,
Tanintharyi,2016,Garlic,0,0,0,314946615.9,26.3,1870.73,60120000000.0,Ferralsols / Plinthosols / Lateritic,Rainy,Rainfed,89.71,0.0,,
Tanintharyi,2017,Garlic,0,0,0,304701296.0,26.08,2485.72,63340000000.0,Ferralsols / Plinthosols / Lateritic,Rainy,Rainfed,93.0,0.0,,
Tanintharyi,2018,Garlic,0,0,0,380230690.0,26.23,2273.98,67150000000.0,Ferralsols / Plinthosols / Lateritic,Rainy,Rainfed,93.0,0.0,,
Tanintharyi,2019,Garlic,0,0,0,413574673.8,26.44,1846.93,68700000000.0,Ferralsols / Plinthosols / Lateritic,Rainy,Rainfed,89.4,0.0,,
Tanintharyi,2020,Garlic,0,0,0,391351453.3,26.42,2375.71,78930000000.0,Ferralsols / Plinthosols / Lateritic,Rainy,Rainfed,93.0,0.0,,
Tanintharyi,2021,Garlic,0,0,0,388899650.8,25.97,2896.94,65120000000.0,Ferralsols / Plinthosols / Lateritic,Rainy,Rainfed,93.0,0.0,,
Tanintharyi,2022,Garlic,0,0,0,586761617.0,26.08,2726.62,62240000000.0,Ferralsols / Plinthosols / Lateritic,Rainy,Rainfed,93.0,0.0,,
Tanintharyi,2023,Garlic,0,0,0,586702652.6,26.46,2318.19,64800000000.0,Ferralsols / Plinthosols / Lateritic,Rainy,Rainfed,93.0,0.0,,
Bago,2012,Garlic,31,31,31,243967785.0,27.33,1519.25,59920000000.0,Fluvisols / Gleysols / Alluvial,Rainy,Rainfed,85.31,1.0,,
Bago,2013,Garlic,31,31,31,199816069.0,27.57,1187.91,63260000000.0,Fluvisols / Gleysols / Alluvial,Rainy,Rainfed,81.29,1.0,,
Bago,2014,Garlic,31,31,31,267590796.3,27.57,1054.41,67459999999.9999,Fluvisols / Gleysols / Alluvial,Rainy,Rainfed,79.69,1.0,,
Bago,2015,Garlic,31,31,31,238665203.2,27.77,1256.33,62720000000.0,Fluvisols / Gleysols / Alluvial,Rainy,Rainfed,82.08,1.0,,
Bago,2016,Garlic,31,31,32,314946615.9,27.71,1212.7,60120000000.0,Fluvisols / Gleysols / Alluvial,Rainy,Rainfed,81.56,1.03225806451612,,
Bago,2017,Garlic,31,31,32,304701296.0,27.49,1498.81,63340000000.0,Fluvisols / Gleysols / Alluvial,Rainy,Rainfed,85.04,1.03225806451612,,
Bago,2018,Garlic,32,32,33,380230690.0,27.43,1690.27,67150000000.0,Fluvisols / Gleysols / Alluvial,Rainy,Rainfed,87.35,1.03125,,
Bago,2019,Garlic,45,45,46,413574673.8,28.09,1236.72,68700000000.0,Fluvisols / Gleysols / Alluvial,Rainy,Rainfed,81.78,1.02222222222222,,
Bago,2020,Garlic,45,45,46,391351453.3,28.01,1004.02,78930000000.0,Fluvisols / Gleysols / Alluvial,Rainy,Rainfed,79.01,1.02222222222222,,
Bago,2021,Garlic,46,46,47,388899650.8,27.31,1749.84,65120000000.0,Fluvisols / Gleysols / Alluvial,Rainy,Rainfed,88.08,1.02173913043478,,
Bago,2022,Garlic,54,54,55,586761617.0,27.34,1789.55,62240000000.0,Fluvisols / Gleysols / Alluvial,Rainy,Rainfed,88.55,1.01851851851851,,
Bago,2023,Garlic,50,50,51,586702652.6,28.01,1574.66,64800000000.0,Fluvisols / Gleysols / Alluvial,Rainy,Rainfed,85.85,1.02,,
Magway,2012,Garlic,3740,3740,10815,243967785.0,26.79,898.02,59920000000.0,Regosols / Luvisols / Sandy Savanna,Rainy,Rainfed,77.95,2.89171122994652,,
Magway,2013,Garlic,3745,3745,10970,199816069.0,26.96,878.15,63260000000.0,Regosols / Luvisols / Sandy Savanna,Rainy,Rainfed,77.68,2.92923898531375,,
Magway,2014,Garlic,3746,3746,11645,267590796.3,27.42,770.86,67459999999.9999,Regosols / Luvisols / Sandy Savanna,Rainy,Rainfed,76.31,3.10864922584089,,
Magway,2015,Garlic,3751,3751,11675,238665203.2,27.31,734.05,62720000000.0,Regosols / Luvisols / Sandy Savanna,Rainy,Rainfed,75.89,3.11250333244468,,
Magway,2016,Garlic,3570,3570,11151,314946615.9,27.18,941.74,60120000000.0,Regosols / Luvisols / Sandy Savanna,Rainy,Rainfed,78.41,3.1235294117647,,
Magway,2017,Garlic,2860,2860,7976,304701296.0,27.02,1107.58,63340000000.0,Regosols / Luvisols / Sandy Savanna,Rainy,Rainfed,80.43,2.78881118881118,,
Magway,2018,Garlic,2752,2752,7647,380230690.0,26.75,839.14,67150000000.0,Regosols / Luvisols / Sandy Savanna,Rainy,Rainfed,77.25,2.77870639534883,,
Magway,2019,Garlic,2811,2811,7966,413574673.8,27.7,769.91,68700000000.0,Regosols / Luvisols / Sandy Savanna,Rainy,Rainfed,76.25,2.83386695126289,,
Magway,2020,Garlic,2778,2778,7899,391351453.3,27.15,822.19,78930000000.0,Regosols / Luvisols / Sandy Savanna,Rainy,Rainfed,76.98,2.84341252699784,,
Magway,2021,Garlic,2879,2879,8208,388899650.8,27.77,689.55,65120000000.0,Regosols / Luvisols / Sandy Savanna,Rainy,Rainfed,75.28,2.850989927058,,
Magway,2022,Garlic,2781,2781,7946,586761617.0,27.6,729.42,62240000000.0,Regosols / Luvisols / Sandy Savanna,Rainy,Rainfed,75.79,2.85724559510967,,
Magway,2023,Garlic,2778,2778,7940,586702652.6,28.03,696.9,64800000000.0,Regosols / Luvisols / Sandy Savanna,Rainy,Rainfed,75.32,2.85817134629229,,
Mandalay,2012,Garlic,2310,2310,4856,243967785.0,27.22,338.39,59920000000.0,Luvisols / Cambisols / Savanna,Rainy,Rainfed,71.16,2.1021645021645,,
Mandalay,2013,Garlic,2598,2598,5483,199816069.0,27.39,350.66,63260000000.0,Luvisols / Cambisols / Savanna,Rainy,Rainfed,71.28,2.11046959199384,,
Mandalay,2014,Garlic,2593,2593,5441,267590796.3,27.89,270.44,67459999999.9999,Luvisols / Cambisols / Savanna,Rainy,Rainfed,70.23,2.09834168916313,,
Mandalay,2015,Garlic,2512,2512,5383,238665203.2,27.41,376.48,62720000000.0,Luvisols / Cambisols / Savanna,Rainy,Rainfed,71.58,2.14291401273885,,
Mandalay,2016,Garlic,2357,2357,5106,314946615.9,27.59,376.98,60120000000.0,Luvisols / Cambisols / Savanna,Rainy,Rainfed,71.56,2.16631310988544,,
Mandalay,2017,Garlic,2334,2334,5063,304701296.0,27.37,461.76,63340000000.0,Luvisols / Cambisols / Savanna,Rainy,Rainfed,72.61,2.16923736075407,,
Mandalay,2018,Garlic,2466,2466,5319,380230690.0,27.03,394.62,67150000000.0,Luvisols / Cambisols / Savanna,Rainy,Rainfed,71.87,2.15693430656934,,
Mandalay,2019,Garlic,2296,2296,4939,413574673.8,27.69,414.37,68700000000.0,Luvisols / Cambisols / Savanna,Rainy,Rainfed,71.99,2.15113240418118,,
Mandalay,2020,Garlic,2521,2521,5415,391351453.3,27.18,470.39,78930000000.0,Luvisols / Cambisols / Savanna,Rainy,Rainfed,72.75,2.14795715985719,,
Mandalay,2021,Garlic,2646,2646,5700,388899650.8,27.8,383.44,65120000000.0,Luvisols / Cambisols / Savanna,Rainy,Rainfed,71.6,2.15419501133786,,
Mandalay,2022,Garlic,2420,2420,5191,586761617.0,27.53,425.89,62240000000.0,Luvisols / Cambisols / Savanna,Rainy,Rainfed,72.16,2.14504132231404,,
Mandalay,2023,Garlic,2528,2528,5451,586702652.6,28.02,431.5,64800000000.0,Luvisols / Cambisols / Savanna,Rainy,Rainfed,72.13,2.15625,,
Mon,2012,Garlic,0,0,0,243967785.0,27.89,2936.46,59920000000.0,Ferralsols / Gleysols / Lateritic,Rainy,Rainfed,93.0,0.0,,
Mon,2013,Garlic,0,0,0,199816069.0,27.75,2472.26,63260000000.0,Ferralsols / Gleysols / Lateritic,Rainy,Rainfed,93.0,0.0,,
Mon,2014,Garlic,0,0,0,267590796.3,27.71,1805.43,67459999999.9999,Ferralsols / Gleysols / Lateritic,Rainy,Rainfed,88.68,0.0,,
Mon,2015,Garlic,0,0,0,238665203.2,27.96,2500.08,62720000000.0,Ferralsols / Gleysols / Lateritic,Rainy,Rainfed,93.0,0.0,,
Mon,2016,Garlic,0,0,0,314946615.9,27.84,2247.31,60120000000.0,Ferralsols / Gleysols / Lateritic,Rainy,Rainfed,93.0,0.0,,
Mon,2017,Garlic,0,0,0,304701296.0,27.68,2729.02,63340000000.0,Ferralsols / Gleysols / Lateritic,Rainy,Rainfed,93.0,0.0,,
Mon,2018,Garlic,0,0,0,380230690.0,27.86,3263.34,67150000000.0,Ferralsols / Gleysols / Lateritic,Rainy,Rainfed,93.0,0.0,,
Mon,2019,Garlic,0,0,0,413574673.8,28.11,2717.71,68700000000.0,Ferralsols / Gleysols / Lateritic,Rainy,Rainfed,93.0,0.0,,
Mon,2020,Garlic,0,0,0,391351453.3,28.13,1897.4,78930000000.0,Ferralsols / Gleysols / Lateritic,Rainy,Rainfed,89.71,0.0,,
Mon,2021,Garlic,0,0,0,388899650.8,27.71,3711.2,65120000000.0,Ferralsols / Gleysols / Lateritic,Rainy,Rainfed,93.0,0.0,,
Mon,2022,Garlic,0,0,0,586761617.0,27.71,3270.72,62240000000.0,Ferralsols / Gleysols / Lateritic,Rainy,Rainfed,93.0,0.0,,
Mon,2023,Garlic,0,0,0,586702652.6,28.09,3075.98,64800000000.0,Ferralsols / Gleysols / Lateritic,Rainy,Rainfed,93.0,0.0,,
Rakhine,2012,Garlic,704,704,920,243967785.0,26.54,2984.69,59920000000.0,Gleysols / Alluvial / Mountainous,Rainy,Rainfed,93.0,1.30681818181818,,
Rakhine,2013,Garlic,735,735,962,199816069.0,26.5,3116.99,63260000000.0,Gleysols / Alluvial / Mountainous,Rainy,Rainfed,93.0,1.30884353741496,,
Rakhine,2014,Garlic,760,760,995,267590796.3,26.74,2952.75,67459999999.9999,Gleysols / Alluvial / Mountainous,Rainy,Rainfed,93.0,1.30921052631578,,
Rakhine,2015,Garlic,760,760,996,238665203.2,26.5,8475.24,62720000000.0,Gleysols / Alluvial / Mountainous,Rainy,Rainfed,93.0,1.31052631578947,,
Rakhine,2016,Garlic,803,803,1054,314946615.9,26.76,10036.74,60120000000.0,Gleysols / Alluvial / Mountainous,Rainy,Rainfed,93.0,1.31257783312577,,
Rakhine,2017,Garlic,251,251,331,304701296.0,26.66,7844.64,63340000000.0,Gleysols / Alluvial / Mountainous,Rainy,Rainfed,93.0,1.31872509960159,,
Rakhine,2018,Garlic,212,212,283,380230690.0,26.17,7927.61,67150000000.0,Gleysols / Alluvial / Mountainous,Rainy,Rainfed,93.0,1.33490566037735,,
Rakhine,2019,Garlic,216,216,283,413574673.8,26.66,8062.73,68700000000.0,Gleysols / Alluvial / Mountainous,Rainy,Rainfed,93.0,1.31018518518518,,
Rakhine,2020,Garlic,210,210,234,391351453.3,26.49,7855.92,78930000000.0,Gleysols / Alluvial / Mountainous,Rainy,Rainfed,93.0,1.11428571428571,,
Rakhine,2021,Garlic,211,211,235,388899650.8,26.93,5291.74,65120000000.0,Gleysols / Alluvial / Mountainous,Rainy,Rainfed,93.0,1.11374407582938,,
Rakhine,2022,Garlic,294,294,341,586761617.0,26.66,5117.41,62240000000.0,Gleysols / Alluvial / Mountainous,Rainy,Rainfed,93.0,1.15986394557823,,
Rakhine,2023,Garlic,211,211,243,586702652.6,26.9,5823.68,64800000000.0,Gleysols / Alluvial / Mountainous,Rainy,Rainfed,93.0,1.15165876777251,,
Yangon,2012,Garlic,0,0,0,243967785.0,27.5,1871.61,59920000000.0,Fluvisols / Gleysols / Alluvial,Rainy,Rainfed,89.51,0.0,,
Yangon,2013,Garlic,0,0,0,199816069.0,27.61,1492.96,63260000000.0,Fluvisols / Gleysols / Alluvial,Rainy,Rainfed,84.95,0.0,,
Yangon,2014,Garlic,0,0,0,267590796.3,27.67,1241.48,67459999999.9999,Fluvisols / Gleysols / Alluvial,Rainy,Rainfed,81.92,0.0,,
Yangon,2015,Garlic,0,0,0,238665203.2,27.86,1676.99,62720000000.0,Fluvisols / Gleysols / Alluvial,Rainy,Rainfed,87.11,0.0,,
Yangon,2016,Garlic,0,0,0,314946615.9,27.8,1521.79,60120000000.0,Fluvisols / Gleysols / Alluvial,Rainy,Rainfed,85.26,0.0,,
Yangon,2017,Garlic,0,0,0,304701296.0,27.54,1863.36,63340000000.0,Fluvisols / Gleysols / Alluvial,Rainy,Rainfed,89.4,0.0,,
Yangon,2018,Garlic,0,0,0,380230690.0,27.53,2226.31,67150000000.0,Fluvisols / Gleysols / Alluvial,Rainy,Rainfed,93.0,0.0,,
Yangon,2019,Garlic,0,0,0,413574673.8,28.09,1694.52,68700000000.0,Fluvisols / Gleysols / Alluvial,Rainy,Rainfed,87.28,0.0,,
Yangon,2020,Garlic,0,0,0,391351453.3,28.05,1262.54,78930000000.0,Fluvisols / Gleysols / Alluvial,Rainy,Rainfed,82.1,0.0,,
Yangon,2021,Garlic,0,0,0,388899650.8,27.4,2360.45,65120000000.0,Fluvisols / Gleysols / Alluvial,Rainy,Rainfed,93.0,0.0,,
Yangon,2022,Garlic,0,0,0,586761617.0,27.36,2242.28,62240000000.0,Fluvisols / Gleysols / Alluvial,Rainy,Rainfed,93.0,0.0,,
Yangon,2023,Garlic,0,0,0,586702652.6,28.02,2034.25,64800000000.0,Fluvisols / Gleysols / Alluvial,Rainy,Rainfed,91.37,0.0,,
Shan,2012,Garlic,46229,46229,132146,243967785.0,21.06,671.3,59920000000.0,Acrisols / Ferralsols / Red Earth,Rainy,Rainfed,76.26,2.85850872828743,,
Shan,2013,Garlic,46572,46572,131983,199816069.0,21.38,594.52,63260000000.0,Acrisols / Ferralsols / Red Earth,Rainy,Rainfed,75.29,2.83395602507944,,
Shan,2014,Garlic,45148,44722,129827,267590796.3,21.82,438.2,67459999999.9999,Acrisols / Ferralsols / Red Earth,Rainy,Rainfed,73.33,2.90297839989267,,
Shan,2015,Garlic,44285,44285,128812,238665203.2,21.68,533.62,62720000000.0,Acrisols / Ferralsols / Red Earth,Rainy,Rainfed,74.5,2.90870497911256,,
Shan,2016,Garlic,45558,45558,130606,314946615.9,21.69,570.05,60120000000.0,Acrisols / Ferralsols / Red Earth,Rainy,Rainfed,74.94,2.86680714693357,,
Shan,2017,Garlic,44269,44234,123292,304701296.0,21.52,759.17,63340000000.0,Acrisols / Ferralsols / Red Earth,Rainy,Rainfed,77.24,2.78726771261925,,
Shan,2018,Garlic,43559,43559,121475,380230690.0,21.16,624.01,67150000000.0,Acrisols / Ferralsols / Red Earth,Rainy,Rainfed,75.68,2.78874629812438,,
Shan,2019,Garlic,43893,43892,121287,413574673.8,21.87,584.23,68700000000.0,Acrisols / Ferralsols / Red Earth,Rainy,Rainfed,75.07,2.76330538594732,,
Shan,2020,Garlic,43663,43663,120409,391351453.3,21.56,626.15,78930000000.0,Acrisols / Ferralsols / Red Earth,Rainy,Rainfed,75.63,2.75768957698738,,
Shan,2021,Garlic,43699,43699,120489,388899650.8,21.67,658.43,65120000000.0,Acrisols / Ferralsols / Red Earth,Rainy,Rainfed,76.0,2.75724844962127,,
Shan,2022,Garlic,43540,43540,122378,586761617.0,21.33,803.12,62240000000.0,Acrisols / Ferralsols / Red Earth,Rainy,Rainfed,77.8,2.81070280202113,,
Shan,2023,Garlic,44370,44370,124402,586702652.6,22.07,653.29,64800000000.0,Acrisols / Ferralsols / Red Earth,Rainy,Rainfed,75.87,2.80374126662159,,
Ayeyarwady,2012,Garlic,0,0,0,243967785.0,27.73,892.99,59920000000.0,Fluvisols / Gleysols / Alluvial,Rainy,Rainfed,77.72,0.0,,
Ayeyarwady,2013,Garlic,0,0,0,199816069.0,27.91,705.85,63260000000.0,Fluvisols / Gleysols / Alluvial,Rainy,Rainfed,75.45,0.0,,
Ayeyarwady,2014,Garlic,0,0,0,267590796.3,28.21,606.23,67459999999.9999,Fluvisols / Gleysols / Alluvial,Rainy,Rainfed,74.2,0.0,,
Ayeyarwady,2015,Garlic,0,0,0,238665203.2,28.19,737.44,62720000000.0,Fluvisols / Gleysols / Alluvial,Rainy,Rainfed,75.78,0.0,,
Ayeyarwady,2016,Garlic,0,0,0,314946615.9,28.14,712.5,60120000000.0,Fluvisols / Gleysols / Alluvial,Rainy,Rainfed,75.48,0.0,,
Ayeyarwady,2017,Garlic,0,0,0,304701296.0,28.04,819.64,63340000000.0,Fluvisols / Gleysols / Alluvial,Rainy,Rainfed,76.79,0.0,,
Ayeyarwady,2018,Garlic,0,0,0,380230690.0,27.76,972.0,67150000000.0,Fluvisols / Gleysols / Alluvial,Rainy,Rainfed,78.67,0.0,,
Ayeyarwady,2019,Garlic,0,0,0,413574673.8,28.38,776.06,68700000000.0,Fluvisols / Gleysols / Alluvial,Rainy,Rainfed,76.2,0.0,,
Ayeyarwady,2020,Garlic,0,0,0,391351453.3,28.37,575.94,78930000000.0,Fluvisols / Gleysols / Alluvial,Rainy,Rainfed,73.8,0.0,,
Ayeyarwady,2021,Garlic,0,0,0,388899650.8,27.92,960.87,65120000000.0,Fluvisols / Gleysols / Alluvial,Rainy,Rainfed,78.5,0.0,,
Ayeyarwady,2022,Garlic,0,0,0,586761617.0,27.91,944.56,62240000000.0,Fluvisols / Gleysols / Alluvial,Rainy,Rainfed,78.31,0.0,,
Ayeyarwady,2023,Garlic,0,0,0,586702652.6,28.36,837.63,64800000000.0,Fluvisols / Gleysols / Alluvial,Rainy,Rainfed,76.95,0.0,,
Nay Pyi Taw,2012,Garlic,22,22,62,243967785.0,25.41,942.84,59920000000.0,Cambisols / Fluvisols / Loam,Rainy,Rainfed,78.74,2.81818181818181,,
Nay Pyi Taw,2013,Garlic,21,21,59,199816069.0,25.88,775.78,63260000000.0,Cambisols / Fluvisols / Loam,Rainy,Rainfed,76.65,2.8095238095238,,
Nay Pyi Taw,2014,Garlic,21,21,59,267590796.3,26.38,617.16,67459999999.9999,Cambisols / Fluvisols / Loam,Rainy,Rainfed,74.66,2.8095238095238,,
Nay Pyi Taw,2015,Garlic,21,21,59,238665203.2,26.35,678.38,62720000000.0,Cambisols / Fluvisols / Loam,Rainy,Rainfed,75.4,2.8095238095238,,
Nay Pyi Taw,2016,Garlic,21,21,61,314946615.9,26.23,754.74,60120000000.0,Cambisols / Fluvisols / Loam,Rainy,Rainfed,76.34,2.9047619047619,,
Nay Pyi Taw,2017,Garlic,8,8,23,304701296.0,26.08,972.17,63340000000.0,Cambisols / Fluvisols / Loam,Rainy,Rainfed,78.97,2.875,,
Nay Pyi Taw,2018,Garlic,4,4,11,380230690.0,25.73,812.09,67150000000.0,Cambisols / Fluvisols / Loam,Rainy,Rainfed,77.11,2.75,,
Nay Pyi Taw,2019,Garlic,6,6,17,413574673.8,26.57,787.91,68700000000.0,Cambisols / Fluvisols / Loam,Rainy,Rainfed,76.67,2.83333333333333,,
Nay Pyi Taw,2020,Garlic,3,3,8,391351453.3,26.28,762.33,78930000000.0,Cambisols / Fluvisols / Loam,Rainy,Rainfed,76.42,2.66666666666666,,
Nay Pyi Taw,2021,Garlic,5,5,14,388899650.8,26.24,851.96,65120000000.0,Cambisols / Fluvisols / Loam,Rainy,Rainfed,77.5,2.8,,
Nay Pyi Taw,2022,Garlic,0,0,0,586761617.0,25.96,1027.18,62240000000.0,Cambisols / Fluvisols / Loam,Rainy,Rainfed,79.65,0.0,,
Nay Pyi Taw,2023,Garlic,0,0,0,586702652.6,26.62,853.39,64800000000.0,Cambisols / Fluvisols / Loam,Rainy,Rainfed,77.45,0.0,,
Kachin,2012,Betelnut,973,587,678,243967785.0,23.38,914.61,59920000000.0,Acrisols / Red-Brown Lateritic,Rainy,Rainfed,78.77,1.15502555366269,,
Kachin,2013,Betelnut,975,684,767,199816069.0,23.62,939.94,63260000000.0,Acrisols / Red-Brown Lateritic,Rainy,Rainfed,79.03,1.12134502923976,,
Kachin,2014,Betelnut,975,612,673,267590796.3,24.01,833.48,67459999999.9999,Acrisols / Red-Brown Lateritic,Rainy,Rainfed,77.68,1.09967320261437,,
Kachin,2015,Betelnut,975,616,676,238665203.2,23.27,1005.47,62720000000.0,Acrisols / Red-Brown Lateritic,Rainy,Rainfed,79.88,1.09740259740259,,
Kachin,2016,Betelnut,975,612,694,314946615.9,23.17,1224.63,60120000000.0,Acrisols / Red-Brown Lateritic,Rainy,Rainfed,82.52,1.13398692810457,,
Kachin,2017,Betelnut,975,617,700,304701296.0,23.28,1125.21,63340000000.0,Acrisols / Red-Brown Lateritic,Rainy,Rainfed,81.31,1.13452188006482,,
Kachin,2018,Betelnut,1022,689,767,380230690.0,22.85,1162.0,67150000000.0,Acrisols / Red-Brown Lateritic,Rainy,Rainfed,81.83,1.11320754716981,,
Kachin,2019,Betelnut,1068,706,790,413574673.8,23.49,1042.44,68700000000.0,Acrisols / Red-Brown Lateritic,Rainy,Rainfed,80.28,1.11898016997167,,
Kachin,2020,Betelnut,1078,728,831,391351453.3,22.87,1329.91,78930000000.0,Acrisols / Red-Brown Lateritic,Rainy,Rainfed,83.84,1.14148351648351,,
Kachin,2021,Betelnut,1079,791,914,388899650.8,23.65,1005.31,65120000000.0,Acrisols / Red-Brown Lateritic,Rainy,Rainfed,79.81,1.15549936788874,,
Kachin,2022,Betelnut,1172,800,939,586761617.0,22.99,1256.07,62240000000.0,Acrisols / Red-Brown Lateritic,Rainy,Rainfed,82.93,1.17375,,
Kachin,2023,Betelnut,1233,822,946,586702652.6,23.84,1183.85,64800000000.0,Acrisols / Red-Brown Lateritic,Rainy,Rainfed,81.91,1.15085158150851,,
Kayah,2012,Betelnut,91,90,62,243967785.0,22.51,1604.82,59920000000.0,Luvisols / Red Earth,Rainy,Rainfed,87.21,0.688888888888888,,
Kayah,2013,Betelnut,139,91,63,199816069.0,22.71,1317.07,63260000000.0,Luvisols / Red Earth,Rainy,Rainfed,83.72,0.692307692307692,,
Kayah,2014,Betelnut,139,118,80,267590796.3,23.02,1089.18,67459999999.9999,Luvisols / Red Earth,Rainy,Rainfed,80.93,0.677966101694915,,
Kayah,2015,Betelnut,139,118,80,238665203.2,23.36,1113.03,62720000000.0,Luvisols / Red Earth,Rainy,Rainfed,81.15,0.677966101694915,,
Kayah,2016,Betelnut,139,118,80,314946615.9,23.41,1222.88,60120000000.0,Luvisols / Red Earth,Rainy,Rainfed,82.46,0.677966101694915,,
Kayah,2017,Betelnut,125,103,68,304701296.0,23.16,1567.54,63340000000.0,Luvisols / Red Earth,Rainy,Rainfed,86.64,0.660194174757281,,
Kayah,2018,Betelnut,125,107,72,380230690.0,22.69,1316.55,67150000000.0,Luvisols / Red Earth,Rainy,Rainfed,83.71,0.672897196261682,,
Kayah,2019,Betelnut,125,107,71,413574673.8,23.24,1282.79,68700000000.0,Luvisols / Red Earth,Rainy,Rainfed,83.21,0.663551401869158,,
Kayah,2020,Betelnut,125,107,71,391351453.3,23.16,1222.66,78930000000.0,Luvisols / Red Earth,Rainy,Rainfed,82.5,0.663551401869158,,
Kayah,2021,Betelnut,125,107,72,388899650.8,23.01,1440.62,65120000000.0,Luvisols / Red Earth,Rainy,Rainfed,85.15,0.672897196261682,,
Kayah,2022,Betelnut,122,104,69,586761617.0,22.94,1814.13,62240000000.0,Luvisols / Red Earth,Rainy,Rainfed,89.64,0.663461538461538,,
Kayah,2023,Betelnut,122,104,69,586702652.6,23.4,1417.46,64800000000.0,Luvisols / Red Earth,Rainy,Rainfed,84.8,0.663461538461538,,
Kayin,2012,Betelnut,24460,16462,16708,243967785.0,26.77,2467.92,59920000000.0,Fluvisols / Gleysols / Alluvial,Rainy,Rainfed,93.0,1.01494350625683,,
Kayin,2013,Betelnut,24472,16358,16628,199816069.0,26.67,2022.51,63260000000.0,Fluvisols / Gleysols / Alluvial,Rainy,Rainfed,91.47,1.0165056852916,,
Kayin,2014,Betelnut,24749,16388,16682,267590796.3,26.61,1604.54,67459999999.9999,Fluvisols / Gleysols / Alluvial,Rainy,Rainfed,86.46,1.01793995606541,,
Kayin,2015,Betelnut,24815,16479,16800,238665203.2,26.97,1981.43,62720000000.0,Fluvisols / Gleysols / Alluvial,Rainy,Rainfed,90.92,1.01947933733843,,
Kayin,2016,Betelnut,24829,20864,21269,314946615.9,26.89,1804.66,60120000000.0,Fluvisols / Gleysols / Alluvial,Rainy,Rainfed,88.82,1.01941142638036,,
Kayin,2017,Betelnut,24829,23940,24461,304701296.0,26.65,2185.47,63340000000.0,Fluvisols / Gleysols / Alluvial,Rainy,Rainfed,93.0,1.02176274018379,,
Kayin,2018,Betelnut,24957,23940,24774,380230690.0,26.73,2484.66,67150000000.0,Fluvisols / Gleysols / Alluvial,Rainy,Rainfed,93.0,1.03483709273182,,
Kayin,2019,Betelnut,25001,23952,24783,413574673.8,26.95,2087.25,68700000000.0,Fluvisols / Gleysols / Alluvial,Rainy,Rainfed,92.2,1.03469438877755,,
Kayin,2020,Betelnut,25006,23959,24791,391351453.3,27.12,1531.95,78930000000.0,Fluvisols / Gleysols / Alluvial,Rainy,Rainfed,85.5,1.03472599023331,,
Kayin,2021,Betelnut,25006,23959,24793,388899650.8,26.67,2969.17,65120000000.0,Fluvisols / Gleysols / Alluvial,Rainy,Rainfed,93.0,1.03480946617137,,
Kayin,2022,Betelnut,25006,24027,25928,586761617.0,26.62,2622.64,62240000000.0,Fluvisols / Gleysols / Alluvial,Rainy,Rainfed,93.0,1.07911932409372,,
Kayin,2023,Betelnut,25006,24072,25968,586702652.6,26.96,2436.25,64800000000.0,Fluvisols / Gleysols / Alluvial,Rainy,Rainfed,93.0,1.07876370887338,,
Chin,2012,Betelnut,14,13,4,243967785.0,22.62,716.7,59920000000.0,Cambisols / Mountainous Soil,Rainy,Rainfed,76.53,0.307692307692307,,
Chin,2013,Betelnut,14,14,4,199816069.0,22.48,814.73,63260000000.0,Cambisols / Mountainous Soil,Rainy,Rainfed,77.73,0.285714285714285,,
Chin,2014,Betelnut,14,14,4,267590796.3,22.97,716.65,67459999999.9999,Cambisols / Mountainous Soil,Rainy,Rainfed,76.47,0.285714285714285,,
Chin,2015,Betelnut,14,14,4,238665203.2,22.61,913.76,62720000000.0,Cambisols / Mountainous Soil,Rainy,Rainfed,78.9,0.285714285714285,,
Chin,2016,Betelnut,14,14,4,314946615.9,22.87,965.57,60120000000.0,Cambisols / Mountainous Soil,Rainy,Rainfed,79.47,0.285714285714285,,
Chin,2017,Betelnut,14,14,4,304701296.0,22.26,1578.85,63340000000.0,Cambisols / Mountainous Soil,Rainy,Rainfed,86.94,0.285714285714285,,
Chin,2018,Betelnut,14,14,4,380230690.0,21.95,1160.88,67150000000.0,Cambisols / Mountainous Soil,Rainy,Rainfed,81.98,0.285714285714285,,
Chin,2019,Betelnut,14,14,4,413574673.8,22.53,1254.78,68700000000.0,Cambisols / Mountainous Soil,Rainy,Rainfed,83.0,0.285714285714285,,
Chin,2020,Betelnut,14,14,4,391351453.3,22.26,1038.88,78930000000.0,Cambisols / Mountainous Soil,Rainy,Rainfed,80.46,0.285714285714285,,
Chin,2021,Betelnut,14,14,4,388899650.8,22.92,753.21,65120000000.0,Cambisols / Mountainous Soil,Rainy,Rainfed,76.91,0.285714285714285,,
Chin,2022,Betelnut,14,14,4,586761617.0,22.64,714.38,62240000000.0,Cambisols / Mountainous Soil,Rainy,Rainfed,76.5,0.285714285714285,,
Chin,2023,Betelnut,14,10,3,586702652.6,23.13,770.15,64800000000.0,Cambisols / Mountainous Soil,Rainy,Rainfed,77.08,0.3,,
Sagaing,2012,Betelnut,1329,1282,672,243967785.0,28.48,302.6,59920000000.0,Luvisols / Cambisols / Savanna,Rainy,Rainfed,70.5,0.524180967238689,,
Sagaing,2013,Betelnut,1364,1283,684,199816069.0,28.47,362.75,63260000000.0,Luvisols / Cambisols / Savanna,Rainy,Rainfed,71.23,0.533125487139516,,
Sagaing,2014,Betelnut,1369,1332,751,267590796.3,29.02,272.71,67459999999.9999,Luvisols / Cambisols / Savanna,Rainy,Rainfed,70.05,0.563813813813813,,
Sagaing,2015,Betelnut,1378,1350,780,238665203.2,28.54,378.91,62720000000.0,Luvisols / Cambisols / Savanna,Rainy,Rainfed,71.41,0.577777777777777,,
Sagaing,2016,Betelnut,1478,1464,853,314946615.9,28.61,466.45,60120000000.0,Luvisols / Cambisols / Savanna,Rainy,Rainfed,72.45,0.582650273224043,,
Sagaing,2017,Betelnut,1499,1451,805,304701296.0,28.07,637.58,63340000000.0,Luvisols / Cambisols / Savanna,Rainy,Rainfed,74.6,0.554789800137836,,
Sagaing,2018,Betelnut,1521,1466,812,380230690.0,27.88,475.8,67150000000.0,Luvisols / Cambisols / Savanna,Rainy,Rainfed,72.69,0.553888130968622,,
Sagaing,2019,Betelnut,1531,1469,813,413574673.8,28.67,477.22,68700000000.0,Luvisols / Cambisols / Savanna,Rainy,Rainfed,72.57,0.553437712729748,,
Sagaing,2020,Betelnut,1534,1475,815,391351453.3,28.0,552.96,78930000000.0,Luvisols / Cambisols / Savanna,Rainy,Rainfed,73.6,0.552542372881355,,
Sagaing,2021,Betelnut,1534,1503,832,388899650.8,29.14,338.14,65120000000.0,Luvisols / Cambisols / Savanna,Rainy,Rainfed,70.81,0.553559547571523,,
Sagaing,2022,Betelnut,1550,1504,833,586761617.0,28.78,375.7,62240000000.0,Luvisols / Cambisols / Savanna,Rainy,Rainfed,71.33,0.553856382978723,,
Sagaing,2023,Betelnut,1550,1512,839,586702652.6,29.19,387.79,64800000000.0,Luvisols / Cambisols / Savanna,Rainy,Rainfed,71.4,0.554894179894179,,
Tanintharyi,2012,Betelnut,99488,65186,42505,243967785.0,26.24,2388.49,59920000000.0,Ferralsols / Plinthosols / Lateritic,Rainy,Rainfed,93.0,0.652057190194213,,
Tanintharyi,2013,Betelnut,103639,66219,43373,199816069.0,25.94,2304.57,63260000000.0,Ferralsols / Plinthosols / Lateritic,Rainy,Rainfed,93.0,0.654993279874356,,
Tanintharyi,2014,Betelnut,113854,74332,48753,267590796.3,25.99,1706.05,67459999999.9999,Ferralsols / Plinthosols / Lateritic,Rainy,Rainfed,87.79,0.655881719851477,,
Tanintharyi,2015,Betelnut,120373,76773,60707,238665203.2,26.43,1914.37,62720000000.0,Ferralsols / Plinthosols / Lateritic,Rainy,Rainfed,90.22,0.790733721490628,,
Tanintharyi,2016,Betelnut,124731,77633,62352,314946615.9,26.3,1870.73,60120000000.0,Ferralsols / Plinthosols / Lateritic,Rainy,Rainfed,89.71,0.803163603106926,,
Tanintharyi,2017,Betelnut,130678,78321,63802,304701296.0,26.08,2485.72,63340000000.0,Ferralsols / Plinthosols / Lateritic,Rainy,Rainfed,93.0,0.814621876635895,,
Tanintharyi,2018,Betelnut,132842,85062,75949,380230690.0,26.23,2273.98,67150000000.0,Ferralsols / Plinthosols / Lateritic,Rainy,Rainfed,93.0,0.892866379817074,,
Tanintharyi,2019,Betelnut,134019,87150,76994,413574673.8,26.44,1846.93,68700000000.0,Ferralsols / Plinthosols / Lateritic,Rainy,Rainfed,89.4,0.88346528973035,,
Tanintharyi,2020,Betelnut,135681,91063,78879,391351453.3,26.42,2375.71,78930000000.0,Ferralsols / Plinthosols / Lateritic,Rainy,Rainfed,93.0,0.866202519135104,,
Tanintharyi,2021,Betelnut,136610,92572,81636,388899650.8,25.97,2896.94,65120000000.0,Ferralsols / Plinthosols / Lateritic,Rainy,Rainfed,93.0,0.881864926759711,,
Tanintharyi,2022,Betelnut,137084,101806,101066,586761617.0,26.08,2726.62,62240000000.0,Ferralsols / Plinthosols / Lateritic,Rainy,Rainfed,93.0,0.992731273205901,,
Tanintharyi,2023,Betelnut,137674,108549,108981,586702652.6,26.46,2318.19,64800000000.0,Ferralsols / Plinthosols / Lateritic,Rainy,Rainfed,93.0,1.00397976950501,,
Bago,2012,Betelnut,2567,2533,2584,243967785.0,27.33,1519.25,59920000000.0,Fluvisols / Gleysols / Alluvial,Rainy,Rainfed,85.31,1.02013422818791,,
Bago,2013,Betelnut,2567,2561,2671,199816069.0,27.57,1187.91,63260000000.0,Fluvisols / Gleysols / Alluvial,Rainy,Rainfed,81.29,1.04295197188598,,
Bago,2014,Betelnut,2567,2562,2672,267590796.3,27.57,1054.41,67459999999.9999,Fluvisols / Gleysols / Alluvial,Rainy,Rainfed,79.69,1.04293520686963,,
Bago,2015,Betelnut,2567,2562,2675,238665203.2,27.77,1256.33,62720000000.0,Fluvisols / Gleysols / Alluvial,Rainy,Rainfed,82.08,1.04410616705698,,
Bago,2016,Betelnut,2567,2562,2705,314946615.9,27.71,1212.7,60120000000.0,Fluvisols / Gleysols / Alluvial,Rainy,Rainfed,81.56,1.05581576893052,,
Bago,2017,Betelnut,2567,2562,2684,304701296.0,27.49,1498.81,63340000000.0,Fluvisols / Gleysols / Alluvial,Rainy,Rainfed,85.04,1.04761904761904,,
Bago,2018,Betelnut,2567,2562,2692,380230690.0,27.43,1690.27,67150000000.0,Fluvisols / Gleysols / Alluvial,Rainy,Rainfed,87.35,1.05074160811865,,
Bago,2019,Betelnut,2579,2562,2692,413574673.8,28.09,1236.72,68700000000.0,Fluvisols / Gleysols / Alluvial,Rainy,Rainfed,81.78,1.05074160811865,,
Bago,2020,Betelnut,2567,2562,2436,391351453.3,28.01,1004.02,78930000000.0,Fluvisols / Gleysols / Alluvial,Rainy,Rainfed,79.01,0.950819672131147,,
Bago,2021,Betelnut,2567,2562,2726,388899650.8,27.31,1749.84,65120000000.0,Fluvisols / Gleysols / Alluvial,Rainy,Rainfed,88.08,1.06401249024199,,
Bago,2022,Betelnut,2277,2270,2386,586761617.0,27.34,1789.55,62240000000.0,Fluvisols / Gleysols / Alluvial,Rainy,Rainfed,88.55,1.0511013215859,,
Bago,2023,Betelnut,2277,2268,2385,586702652.6,28.01,1574.66,64800000000.0,Fluvisols / Gleysols / Alluvial,Rainy,Rainfed,85.85,1.0515873015873,,
Magway,2012,Betelnut,0,0,0,243967785.0,26.79,898.02,59920000000.0,Regosols / Luvisols / Sandy Savanna,Rainy,Rainfed,77.95,0.0,,
Magway,2013,Betelnut,0,0,0,199816069.0,26.96,878.15,63260000000.0,Regosols / Luvisols / Sandy Savanna,Rainy,Rainfed,77.68,0.0,,
Magway,2014,Betelnut,0,0,0,267590796.3,27.42,770.86,67459999999.9999,Regosols / Luvisols / Sandy Savanna,Rainy,Rainfed,76.31,0.0,,
Magway,2015,Betelnut,0,0,0,238665203.2,27.31,734.05,62720000000.0,Regosols / Luvisols / Sandy Savanna,Rainy,Rainfed,75.89,0.0,,
Magway,2016,Betelnut,0,0,0,314946615.9,27.18,941.74,60120000000.0,Regosols / Luvisols / Sandy Savanna,Rainy,Rainfed,78.41,0.0,,
Magway,2017,Betelnut,0,0,0,304701296.0,27.02,1107.58,63340000000.0,Regosols / Luvisols / Sandy Savanna,Rainy,Rainfed,80.43,0.0,,
Magway,2018,Betelnut,0,0,0,380230690.0,26.75,839.14,67150000000.0,Regosols / Luvisols / Sandy Savanna,Rainy,Rainfed,77.25,0.0,,
Magway,2019,Betelnut,0,0,0,413574673.8,27.7,769.91,68700000000.0,Regosols / Luvisols / Sandy Savanna,Rainy,Rainfed,76.25,0.0,,
Magway,2020,Betelnut,0,0,0,391351453.3,27.15,822.19,78930000000.0,Regosols / Luvisols / Sandy Savanna,Rainy,Rainfed,76.98,0.0,,
Magway,2021,Betelnut,0,0,0,388899650.8,27.77,689.55,65120000000.0,Regosols / Luvisols / Sandy Savanna,Rainy,Rainfed,75.28,0.0,,
Magway,2022,Betelnut,0,0,0,586761617.0,27.6,729.42,62240000000.0,Regosols / Luvisols / Sandy Savanna,Rainy,Rainfed,75.79,0.0,,
Magway,2023,Betelnut,0,0,0,586702652.6,28.03,696.9,64800000000.0,Regosols / Luvisols / Sandy Savanna,Rainy,Rainfed,75.32,0.0,,
Mandalay,2012,Betelnut,1859,1844,1081,243967785.0,27.22,338.39,59920000000.0,Luvisols / Cambisols / Savanna,Rainy,Rainfed,71.16,0.586225596529284,,
Mandalay,2013,Betelnut,1770,1770,1137,199816069.0,27.39,350.66,63260000000.0,Luvisols / Cambisols / Savanna,Rainy,Rainfed,71.28,0.642372881355932,,
Mandalay,2014,Betelnut,1770,1770,1140,267590796.3,27.89,270.44,67459999999.9999,Luvisols / Cambisols / Savanna,Rainy,Rainfed,70.23,0.644067796610169,,
Mandalay,2015,Betelnut,1770,1770,1140,238665203.2,27.41,376.48,62720000000.0,Luvisols / Cambisols / Savanna,Rainy,Rainfed,71.58,0.644067796610169,,
Mandalay,2016,Betelnut,1770,1770,1141,314946615.9,27.59,376.98,60120000000.0,Luvisols / Cambisols / Savanna,Rainy,Rainfed,71.56,0.644632768361581,,
Mandalay,2017,Betelnut,1770,1770,1065,304701296.0,27.37,461.76,63340000000.0,Luvisols / Cambisols / Savanna,Rainy,Rainfed,72.61,0.601694915254237,,
Mandalay,2018,Betelnut,1770,1770,1065,380230690.0,27.03,394.62,67150000000.0,Luvisols / Cambisols / Savanna,Rainy,Rainfed,71.87,0.601694915254237,,
Mandalay,2019,Betelnut,1770,1770,1067,413574673.8,27.69,414.37,68700000000.0,Luvisols / Cambisols / Savanna,Rainy,Rainfed,71.99,0.602824858757062,,
Mandalay,2020,Betelnut,1770,1768,1066,391351453.3,27.18,470.39,78930000000.0,Luvisols / Cambisols / Savanna,Rainy,Rainfed,72.75,0.602941176470588,,
Mandalay,2021,Betelnut,1770,1768,1066,388899650.8,27.8,383.44,65120000000.0,Luvisols / Cambisols / Savanna,Rainy,Rainfed,71.6,0.602941176470588,,
Mandalay,2022,Betelnut,1770,1769,1068,586761617.0,27.53,425.89,62240000000.0,Luvisols / Cambisols / Savanna,Rainy,Rainfed,72.16,0.603730921424533,,
Mandalay,2023,Betelnut,1770,1770,1068,586702652.6,28.02,431.5,64800000000.0,Luvisols / Cambisols / Savanna,Rainy,Rainfed,72.13,0.603389830508474,,
Mon,2012,Betelnut,55826,48601,73952,243967785.0,27.89,2936.46,59920000000.0,Ferralsols / Gleysols / Lateritic,Rainy,Rainfed,93.0,1.52161478158885,,
Mon,2013,Betelnut,55910,49207,74612,199816069.0,27.75,2472.26,63260000000.0,Ferralsols / Gleysols / Lateritic,Rainy,Rainfed,93.0,1.51628833296075,,
Mon,2014,Betelnut,55998,49488,75146,267590796.3,27.71,1805.43,67459999999.9999,Ferralsols / Gleysols / Lateritic,Rainy,Rainfed,88.68,1.51846912382799,,
Mon,2015,Betelnut,56006,49704,76111,238665203.2,27.96,2500.08,62720000000.0,Ferralsols / Gleysols / Lateritic,Rainy,Rainfed,93.0,1.53128520843392,,
Mon,2016,Betelnut,56006,49917,78753,314946615.9,27.84,2247.31,60120000000.0,Ferralsols / Gleysols / Lateritic,Rainy,Rainfed,93.0,1.5776789470521,,
Mon,2017,Betelnut,56229,50013,79275,304701296.0,27.68,2729.02,63340000000.0,Ferralsols / Gleysols / Lateritic,Rainy,Rainfed,93.0,1.58508787715194,,
Mon,2018,Betelnut,56261,50014,87524,380230690.0,27.86,3263.34,67150000000.0,Ferralsols / Gleysols / Lateritic,Rainy,Rainfed,93.0,1.74999000279921,,
Mon,2019,Betelnut,56261,49829,86390,413574673.8,28.11,2717.71,68700000000.0,Ferralsols / Gleysols / Lateritic,Rainy,Rainfed,93.0,1.73372935439202,,
Mon,2020,Betelnut,56261,52592,85956,391351453.3,28.13,1897.4,78930000000.0,Ferralsols / Gleysols / Lateritic,Rainy,Rainfed,89.71,1.63439306358381,,
Mon,2021,Betelnut,56261,51425,87208,388899650.8,27.71,3711.2,65120000000.0,Ferralsols / Gleysols / Lateritic,Rainy,Rainfed,93.0,1.69582887700534,,
Mon,2022,Betelnut,56508,53892,89995,586761617.0,27.71,3270.72,62240000000.0,Ferralsols / Gleysols / Lateritic,Rainy,Rainfed,93.0,1.66991390187782,,
Mon,2023,Betelnut,56508,53895,90166,586702652.6,28.09,3075.98,64800000000.0,Ferralsols / Gleysols / Lateritic,Rainy,Rainfed,93.0,1.67299378421003,,
Rakhine,2012,Betelnut,6874,6450,9979,243967785.0,26.54,2984.69,59920000000.0,Gleysols / Alluvial / Mountainous,Rainy,Rainfed,93.0,1.54713178294573,,
Rakhine,2013,Betelnut,6781,6448,9926,199816069.0,26.5,3116.99,63260000000.0,Gleysols / Alluvial / Mountainous,Rainy,Rainfed,93.0,1.53939205955335,,
Rakhine,2014,Betelnut,6785,6546,10112,267590796.3,26.74,2952.75,67459999999.9999,Gleysols / Alluvial / Mountainous,Rainy,Rainfed,93.0,1.54476015887564,,
Rakhine,2015,Betelnut,6785,6548,10135,238665203.2,26.5,8475.24,62720000000.0,Gleysols / Alluvial / Mountainous,Rainy,Rainfed,93.0,1.54780085522296,,
Rakhine,2016,Betelnut,6788,6561,10030,314946615.9,26.76,10036.74,60120000000.0,Gleysols / Alluvial / Mountainous,Rainy,Rainfed,93.0,1.528730376467,,
Rakhine,2017,Betelnut,6801,6544,10621,304701296.0,26.66,7844.64,63340000000.0,Gleysols / Alluvial / Mountainous,Rainy,Rainfed,93.0,1.62301344743276,,
Rakhine,2018,Betelnut,6659,6437,10745,380230690.0,26.17,7927.61,67150000000.0,Gleysols / Alluvial / Mountainous,Rainy,Rainfed,93.0,1.66925586453316,,
Rakhine,2019,Betelnut,6659,6484,10121,413574673.8,26.66,8062.73,68700000000.0,Gleysols / Alluvial / Mountainous,Rainy,Rainfed,93.0,1.56091918568784,,
Rakhine,2020,Betelnut,6659,6475,10142,391351453.3,26.49,7855.92,78930000000.0,Gleysols / Alluvial / Mountainous,Rainy,Rainfed,93.0,1.56633204633204,,
Rakhine,2021,Betelnut,6659,6522,10291,388899650.8,26.93,5291.74,65120000000.0,Gleysols / Alluvial / Mountainous,Rainy,Rainfed,93.0,1.57789021772462,,
Rakhine,2022,Betelnut,6671,6450,9979,586761617.0,26.66,5117.41,62240000000.0,Gleysols / Alluvial / Mountainous,Rainy,Rainfed,93.0,1.54713178294573,,
Rakhine,2023,Betelnut,6671,6240,9624,586702652.6,26.9,5823.68,64800000000.0,Gleysols / Alluvial / Mountainous,Rainy,Rainfed,93.0,1.54230769230769,,
Yangon,2012,Betelnut,605,605,468,243967785.0,27.5,1871.61,59920000000.0,Fluvisols / Gleysols / Alluvial,Rainy,Rainfed,89.51,0.773553719008264,,
Yangon,2013,Betelnut,605,605,467,199816069.0,27.61,1492.96,63260000000.0,Fluvisols / Gleysols / Alluvial,Rainy,Rainfed,84.95,0.771900826446281,,
Yangon,2014,Betelnut,605,605,465,267590796.3,27.67,1241.48,67459999999.9999,Fluvisols / Gleysols / Alluvial,Rainy,Rainfed,81.92,0.768595041322314,,
Yangon,2015,Betelnut,605,605,464,238665203.2,27.86,1676.99,62720000000.0,Fluvisols / Gleysols / Alluvial,Rainy,Rainfed,87.11,0.76694214876033,,
Yangon,2016,Betelnut,605,605,464,314946615.9,27.8,1521.79,60120000000.0,Fluvisols / Gleysols / Alluvial,Rainy,Rainfed,85.26,0.76694214876033,,
Yangon,2017,Betelnut,605,605,464,304701296.0,27.54,1863.36,63340000000.0,Fluvisols / Gleysols / Alluvial,Rainy,Rainfed,89.4,0.76694214876033,,
Yangon,2018,Betelnut,605,605,458,380230690.0,27.53,2226.31,67150000000.0,Fluvisols / Gleysols / Alluvial,Rainy,Rainfed,93.0,0.757024793388429,,
Yangon,2019,Betelnut,605,605,462,413574673.8,28.09,1694.52,68700000000.0,Fluvisols / Gleysols / Alluvial,Rainy,Rainfed,87.28,0.763636363636363,,
Yangon,2020,Betelnut,605,605,463,391351453.3,28.05,1262.54,78930000000.0,Fluvisols / Gleysols / Alluvial,Rainy,Rainfed,82.1,0.765289256198347,,
Yangon,2021,Betelnut,605,605,464,388899650.8,27.4,2360.45,65120000000.0,Fluvisols / Gleysols / Alluvial,Rainy,Rainfed,93.0,0.76694214876033,,
Yangon,2022,Betelnut,614,605,460,586761617.0,27.36,2242.28,62240000000.0,Fluvisols / Gleysols / Alluvial,Rainy,Rainfed,93.0,0.760330578512396,,
Yangon,2023,Betelnut,614,614,453,586702652.6,28.02,2034.25,64800000000.0,Fluvisols / Gleysols / Alluvial,Rainy,Rainfed,91.37,0.737785016286645,,
Shan,2012,Betelnut,135,120,204,243967785.0,21.06,671.3,59920000000.0,Acrisols / Ferralsols / Red Earth,Rainy,Rainfed,76.26,1.7,,
Shan,2013,Betelnut,135,121,72,199816069.0,21.38,594.52,63260000000.0,Acrisols / Ferralsols / Red Earth,Rainy,Rainfed,75.29,0.595041322314049,,
Shan,2014,Betelnut,135,121,72,267590796.3,21.82,438.2,67459999999.9999,Acrisols / Ferralsols / Red Earth,Rainy,Rainfed,73.33,0.595041322314049,,
Shan,2015,Betelnut,135,122,72,238665203.2,21.68,533.62,62720000000.0,Acrisols / Ferralsols / Red Earth,Rainy,Rainfed,74.5,0.590163934426229,,
Shan,2016,Betelnut,135,122,71,314946615.9,21.69,570.05,60120000000.0,Acrisols / Ferralsols / Red Earth,Rainy,Rainfed,74.94,0.581967213114754,,
Shan,2017,Betelnut,135,122,71,304701296.0,21.52,759.17,63340000000.0,Acrisols / Ferralsols / Red Earth,Rainy,Rainfed,77.24,0.581967213114754,,
Shan,2018,Betelnut,135,122,71,380230690.0,21.16,624.01,67150000000.0,Acrisols / Ferralsols / Red Earth,Rainy,Rainfed,75.68,0.581967213114754,,
Shan,2019,Betelnut,135,122,71,413574673.8,21.87,584.23,68700000000.0,Acrisols / Ferralsols / Red Earth,Rainy,Rainfed,75.07,0.581967213114754,,
Shan,2020,Betelnut,135,123,71,391351453.3,21.56,626.15,78930000000.0,Acrisols / Ferralsols / Red Earth,Rainy,Rainfed,75.63,0.577235772357723,,
Shan,2021,Betelnut,135,122,71,388899650.8,21.67,658.43,65120000000.0,Acrisols / Ferralsols / Red Earth,Rainy,Rainfed,76.0,0.581967213114754,,
Shan,2022,Betelnut,117,108,60,586761617.0,21.33,803.12,62240000000.0,Acrisols / Ferralsols / Red Earth,Rainy,Rainfed,77.8,0.555555555555555,,
Shan,2023,Betelnut,112,105,58,586702652.6,22.07,653.29,64800000000.0,Acrisols / Ferralsols / Red Earth,Rainy,Rainfed,75.87,0.552380952380952,,
Ayeyarwady,2012,Betelnut,21655,15046,17262,243967785.0,27.73,892.99,59920000000.0,Fluvisols / Gleysols / Alluvial,Rainy,Rainfed,77.72,1.14728166954672,,
Ayeyarwady,2013,Betelnut,21860,16355,19052,199816069.0,27.91,705.85,63260000000.0,Fluvisols / Gleysols / Alluvial,Rainy,Rainfed,75.45,1.16490369917456,,
Ayeyarwady,2014,Betelnut,21862,17070,19680,267590796.3,28.21,606.23,67459999999.9999,Fluvisols / Gleysols / Alluvial,Rainy,Rainfed,74.2,1.15289982425307,,
Ayeyarwady,2015,Betelnut,21862,17069,27564,238665203.2,28.19,737.44,62720000000.0,Fluvisols / Gleysols / Alluvial,Rainy,Rainfed,75.78,1.61485734372253,,
Ayeyarwady,2016,Betelnut,21862,17097,19949,314946615.9,28.14,712.5,60120000000.0,Fluvisols / Gleysols / Alluvial,Rainy,Rainfed,75.48,1.16681289115049,,
Ayeyarwady,2017,Betelnut,21862,17101,20002,304701296.0,28.04,819.64,63340000000.0,Fluvisols / Gleysols / Alluvial,Rainy,Rainfed,76.79,1.16963920238582,,
Ayeyarwady,2018,Betelnut,21862,17103,21098,380230690.0,27.76,972.0,67150000000.0,Fluvisols / Gleysols / Alluvial,Rainy,Rainfed,78.67,1.23358475121323,,
Ayeyarwady,2019,Betelnut,21933,17112,20695,413574673.8,28.38,776.06,68700000000.0,Fluvisols / Gleysols / Alluvial,Rainy,Rainfed,76.2,1.20938522674146,,
Ayeyarwady,2020,Betelnut,21933,17114,20309,391351453.3,28.37,575.94,78930000000.0,Fluvisols / Gleysols / Alluvial,Rainy,Rainfed,73.8,1.18668926025476,,
Ayeyarwady,2021,Betelnut,21945,17119,19937,388899650.8,27.92,960.87,65120000000.0,Fluvisols / Gleysols / Alluvial,Rainy,Rainfed,78.5,1.1646124189497,,
Ayeyarwady,2022,Betelnut,21945,17029,20430,586761617.0,27.91,944.56,62240000000.0,Fluvisols / Gleysols / Alluvial,Rainy,Rainfed,78.31,1.19971812789946,,
Ayeyarwady,2023,Betelnut,21957,17131,20540,586702652.6,28.36,837.63,64800000000.0,Fluvisols / Gleysols / Alluvial,Rainy,Rainfed,76.95,1.19899597221411,,
Nay Pyi Taw,2012,Betelnut,0,0,0,243967785.0,25.41,942.84,59920000000.0,Cambisols / Fluvisols / Loam,Rainy,Rainfed,78.74,0.0,,
Nay Pyi Taw,2013,Betelnut,0,0,0,199816069.0,25.88,775.78,63260000000.0,Cambisols / Fluvisols / Loam,Rainy,Rainfed,76.65,0.0,,
Nay Pyi Taw,2014,Betelnut,0,0,0,267590796.3,26.38,617.16,67459999999.9999,Cambisols / Fluvisols / Loam,Rainy,Rainfed,74.66,0.0,,
Nay Pyi Taw,2015,Betelnut,0,0,0,238665203.2,26.35,678.38,62720000000.0,Cambisols / Fluvisols / Loam,Rainy,Rainfed,75.4,0.0,,
Nay Pyi Taw,2016,Betelnut,2,0,0,314946615.9,26.23,754.74,60120000000.0,Cambisols / Fluvisols / Loam,Rainy,Rainfed,76.34,0.0,,
Nay Pyi Taw,2017,Betelnut,2,0,0,304701296.0,26.08,972.17,63340000000.0,Cambisols / Fluvisols / Loam,Rainy,Rainfed,78.97,0.0,,
Nay Pyi Taw,2018,Betelnut,2,0,0,380230690.0,25.73,812.09,67150000000.0,Cambisols / Fluvisols / Loam,Rainy,Rainfed,77.11,0.0,,
Nay Pyi Taw,2019,Betelnut,2,0,0,413574673.8,26.57,787.91,68700000000.0,Cambisols / Fluvisols / Loam,Rainy,Rainfed,76.67,0.0,,
Nay Pyi Taw,2020,Betelnut,2,2,1,391351453.3,26.28,762.33,78930000000.0,Cambisols / Fluvisols / Loam,Rainy,Rainfed,76.42,0.5,,
Nay Pyi Taw,2021,Betelnut,2,2,1,388899650.8,26.24,851.96,65120000000.0,Cambisols / Fluvisols / Loam,Rainy,Rainfed,77.5,0.5,,
Nay Pyi Taw,2022,Betelnut,2,2,1,586761617.0,25.96,1027.18,62240000000.0,Cambisols / Fluvisols / Loam,Rainy,Rainfed,79.65,0.5,,
Nay Pyi Taw,2023,Betelnut,2,2,1,586702652.6,26.62,853.39,64800000000.0,Cambisols / Fluvisols / Loam,Rainy,Rainfed,77.45,0.5,,
Kachin,2012,Beteleaves,35,35,21,243967785.0,23.38,914.61,59920000000.0,Acrisols / Red-Brown Lateritic,Rainy,Rainfed,78.77,0.6,,
Kachin,2013,Beteleaves,2,2,1,199816069.0,23.62,939.94,63260000000.0,Acrisols / Red-Brown Lateritic,Rainy,Rainfed,79.03,0.5,,
Kachin,2014,Beteleaves,0,0,0,267590796.3,24.01,833.48,67459999999.9999,Acrisols / Red-Brown Lateritic,Rainy,Rainfed,77.68,0.0,,
Kachin,2015,Beteleaves,0,0,0,238665203.2,23.27,1005.47,62720000000.0,Acrisols / Red-Brown Lateritic,Rainy,Rainfed,79.88,0.0,,
Kachin,2016,Beteleaves,0,0,0,314946615.9,23.17,1224.63,60120000000.0,Acrisols / Red-Brown Lateritic,Rainy,Rainfed,82.52,0.0,,
Kachin,2017,Beteleaves,0,0,0,304701296.0,23.28,1125.21,63340000000.0,Acrisols / Red-Brown Lateritic,Rainy,Rainfed,81.31,0.0,,
Kachin,2018,Beteleaves,0,0,0,380230690.0,22.85,1162.0,67150000000.0,Acrisols / Red-Brown Lateritic,Rainy,Rainfed,81.83,0.0,,
Kachin,2019,Beteleaves,0,0,0,413574673.8,23.49,1042.44,68700000000.0,Acrisols / Red-Brown Lateritic,Rainy,Rainfed,80.28,0.0,,
Kachin,2020,Beteleaves,2,2,4,391351453.3,22.87,1329.91,78930000000.0,Acrisols / Red-Brown Lateritic,Rainy,Rainfed,83.84,2.0,,
Kachin,2021,Beteleaves,2,2,4,388899650.8,23.65,1005.31,65120000000.0,Acrisols / Red-Brown Lateritic,Rainy,Rainfed,79.81,2.0,,
Kachin,2022,Beteleaves,2,2,4,586761617.0,22.99,1256.07,62240000000.0,Acrisols / Red-Brown Lateritic,Rainy,Rainfed,82.93,2.0,,
Kachin,2023,Beteleaves,0,0,0,586702652.6,23.84,1183.85,64800000000.0,Acrisols / Red-Brown Lateritic,Rainy,Rainfed,81.91,0.0,,
Kayah,2012,Beteleaves,247,247,1231,243967785.0,22.51,1604.82,59920000000.0,Luvisols / Red Earth,Rainy,Rainfed,87.21,4.98380566801619,,
Kayah,2013,Beteleaves,248,248,1245,199816069.0,22.71,1317.07,63260000000.0,Luvisols / Red Earth,Rainy,Rainfed,83.72,5.02016129032258,,
Kayah,2014,Beteleaves,248,248,1242,267590796.3,23.02,1089.18,67459999999.9999,Luvisols / Red Earth,Rainy,Rainfed,80.93,5.00806451612903,,
Kayah,2015,Beteleaves,248,248,1252,238665203.2,23.36,1113.03,62720000000.0,Luvisols / Red Earth,Rainy,Rainfed,81.15,5.04838709677419,,
Kayah,2016,Beteleaves,248,248,1253,314946615.9,23.41,1222.88,60120000000.0,Luvisols / Red Earth,Rainy,Rainfed,82.46,5.05241935483871,,
Kayah,2017,Beteleaves,148,148,745,304701296.0,23.16,1567.54,63340000000.0,Luvisols / Red Earth,Rainy,Rainfed,86.64,5.03378378378378,,
Kayah,2018,Beteleaves,181,181,910,380230690.0,22.69,1316.55,67150000000.0,Luvisols / Red Earth,Rainy,Rainfed,83.71,5.02762430939226,,
Kayah,2019,Beteleaves,182,182,915,413574673.8,23.24,1282.79,68700000000.0,Luvisols / Red Earth,Rainy,Rainfed,83.21,5.02747252747252,,
Kayah,2020,Beteleaves,182,182,915,391351453.3,23.16,1222.66,78930000000.0,Luvisols / Red Earth,Rainy,Rainfed,82.5,5.02747252747252,,
Kayah,2021,Beteleaves,182,182,915,388899650.8,23.01,1440.62,65120000000.0,Luvisols / Red Earth,Rainy,Rainfed,85.15,5.02747252747252,,
Kayah,2022,Beteleaves,155,155,780,586761617.0,22.94,1814.13,62240000000.0,Luvisols / Red Earth,Rainy,Rainfed,89.64,5.03225806451612,,
Kayah,2023,Beteleaves,155,155,780,586702652.6,23.4,1417.46,64800000000.0,Luvisols / Red Earth,Rainy,Rainfed,84.8,5.03225806451612,,
Kayin,2012,Beteleaves,842,842,5463,243967785.0,26.77,2467.92,59920000000.0,Fluvisols / Gleysols / Alluvial,Rainy,Rainfed,93.0,6.48812351543943,,
Kayin,2013,Beteleaves,851,851,5524,199816069.0,26.67,2022.51,63260000000.0,Fluvisols / Gleysols / Alluvial,Rainy,Rainfed,91.47,6.49118683901292,,
Kayin,2014,Beteleaves,856,856,5567,267590796.3,26.61,1604.54,67459999999.9999,Fluvisols / Gleysols / Alluvial,Rainy,Rainfed,86.46,6.50350467289719,,
Kayin,2015,Beteleaves,881,881,5744,238665203.2,26.97,1981.43,62720000000.0,Fluvisols / Gleysols / Alluvial,Rainy,Rainfed,90.92,6.51986379114642,,
Kayin,2016,Beteleaves,910,910,5948,314946615.9,26.89,1804.66,60120000000.0,Fluvisols / Gleysols / Alluvial,Rainy,Rainfed,88.82,6.53626373626373,,
Kayin,2017,Beteleaves,922,912,5997,304701296.0,26.65,2185.47,63340000000.0,Fluvisols / Gleysols / Alluvial,Rainy,Rainfed,93.0,6.57565789473684,,
Kayin,2018,Beteleaves,919,919,6791,380230690.0,26.73,2484.66,67150000000.0,Fluvisols / Gleysols / Alluvial,Rainy,Rainfed,93.0,7.38955386289445,,
Kayin,2019,Beteleaves,923,923,6115,413574673.8,26.95,2087.25,68700000000.0,Fluvisols / Gleysols / Alluvial,Rainy,Rainfed,92.2,6.62513542795233,,
Kayin,2020,Beteleaves,923,923,6038,391351453.3,27.12,1531.95,78930000000.0,Fluvisols / Gleysols / Alluvial,Rainy,Rainfed,85.5,6.54171180931744,,
Kayin,2021,Beteleaves,923,923,5725,388899650.8,26.67,2969.17,65120000000.0,Fluvisols / Gleysols / Alluvial,Rainy,Rainfed,93.0,6.20260021668472,,
Kayin,2022,Beteleaves,923,923,6115,586761617.0,26.62,2622.64,62240000000.0,Fluvisols / Gleysols / Alluvial,Rainy,Rainfed,93.0,6.62513542795233,,
Kayin,2023,Beteleaves,923,923,6118,586702652.6,26.96,2436.25,64800000000.0,Fluvisols / Gleysols / Alluvial,Rainy,Rainfed,93.0,6.62838569880823,,
Chin,2012,Beteleaves,0,0,0,243967785.0,22.62,716.7,59920000000.0,Cambisols / Mountainous Soil,Rainy,Rainfed,76.53,0.0,,
Chin,2013,Beteleaves,0,0,0,199816069.0,22.48,814.73,63260000000.0,Cambisols / Mountainous Soil,Rainy,Rainfed,77.73,0.0,,
Chin,2014,Beteleaves,0,0,0,267590796.3,22.97,716.65,67459999999.9999,Cambisols / Mountainous Soil,Rainy,Rainfed,76.47,0.0,,
Chin,2015,Beteleaves,0,0,0,238665203.2,22.61,913.76,62720000000.0,Cambisols / Mountainous Soil,Rainy,Rainfed,78.9,0.0,,
Chin,2016,Beteleaves,0,0,0,314946615.9,22.87,965.57,60120000000.0,Cambisols / Mountainous Soil,Rainy,Rainfed,79.47,0.0,,
Chin,2017,Beteleaves,0,0,0,304701296.0,22.26,1578.85,63340000000.0,Cambisols / Mountainous Soil,Rainy,Rainfed,86.94,0.0,,
Chin,2018,Beteleaves,0,0,0,380230690.0,21.95,1160.88,67150000000.0,Cambisols / Mountainous Soil,Rainy,Rainfed,81.98,0.0,,
Chin,2019,Beteleaves,0,0,0,413574673.8,22.53,1254.78,68700000000.0,Cambisols / Mountainous Soil,Rainy,Rainfed,83.0,0.0,,
Chin,2020,Beteleaves,0,0,0,391351453.3,22.26,1038.88,78930000000.0,Cambisols / Mountainous Soil,Rainy,Rainfed,80.46,0.0,,
Chin,2021,Beteleaves,0,0,0,388899650.8,22.92,753.21,65120000000.0,Cambisols / Mountainous Soil,Rainy,Rainfed,76.91,0.0,,
Chin,2022,Beteleaves,0,0,0,586761617.0,22.64,714.38,62240000000.0,Cambisols / Mountainous Soil,Rainy,Rainfed,76.5,0.0,,
Chin,2023,Beteleaves,0,0,0,586702652.6,23.13,770.15,64800000000.0,Cambisols / Mountainous Soil,Rainy,Rainfed,77.08,0.0,,
Sagaing,2012,Beteleaves,3789,3789,31709,243967785.0,28.48,302.6,59920000000.0,Luvisols / Cambisols / Savanna,Rainy,Rainfed,70.5,8.36869886513592,,
Sagaing,2013,Beteleaves,3890,3890,34298,199816069.0,28.47,362.75,63260000000.0,Luvisols / Cambisols / Savanna,Rainy,Rainfed,71.23,8.81696658097686,,
Sagaing,2014,Beteleaves,4011,4011,35399,267590796.3,29.02,272.71,67459999999.9999,Luvisols / Cambisols / Savanna,Rainy,Rainfed,70.05,8.82547993019197,,
Sagaing,2015,Beteleaves,4370,4033,35634,238665203.2,28.54,378.91,62720000000.0,Luvisols / Cambisols / Savanna,Rainy,Rainfed,71.41,8.83560624845028,,
Sagaing,2016,Beteleaves,4853,4733,41152,314946615.9,28.61,466.45,60120000000.0,Luvisols / Cambisols / Savanna,Rainy,Rainfed,72.45,8.69469680963448,,
Sagaing,2017,Beteleaves,5224,5217,40621,304701296.0,28.07,637.58,63340000000.0,Luvisols / Cambisols / Savanna,Rainy,Rainfed,74.6,7.78627563733946,,
Sagaing,2018,Beteleaves,6307,6293,63210,380230690.0,27.88,475.8,67150000000.0,Luvisols / Cambisols / Savanna,Rainy,Rainfed,72.69,10.0444938820912,,
Sagaing,2019,Beteleaves,7134,7112,54225,413574673.8,28.67,477.22,68700000000.0,Luvisols / Cambisols / Savanna,Rainy,Rainfed,72.57,7.62443757030371,,
Sagaing,2020,Beteleaves,7540,7540,59836,391351453.3,28.0,552.96,78930000000.0,Luvisols / Cambisols / Savanna,Rainy,Rainfed,73.6,7.93580901856763,,
Sagaing,2021,Beteleaves,9068,9068,65330,388899650.8,29.14,338.14,65120000000.0,Luvisols / Cambisols / Savanna,Rainy,Rainfed,70.81,7.20445522717247,,
Sagaing,2022,Beteleaves,9075,9075,65546,586761617.0,28.78,375.7,62240000000.0,Luvisols / Cambisols / Savanna,Rainy,Rainfed,71.33,7.2226997245179,,
Sagaing,2023,Beteleaves,9094,9094,65013,586702652.6,29.19,387.79,64800000000.0,Luvisols / Cambisols / Savanna,Rainy,Rainfed,71.4,7.14899934022432,,
Tanintharyi,2012,Beteleaves,1337,1335,3100,243967785.0,26.24,2388.49,59920000000.0,Ferralsols / Plinthosols / Lateritic,Rainy,Rainfed,93.0,2.32209737827715,,
Tanintharyi,2013,Beteleaves,1335,1335,3018,199816069.0,25.94,2304.57,63260000000.0,Ferralsols / Plinthosols / Lateritic,Rainy,Rainfed,93.0,2.26067415730337,,
Tanintharyi,2014,Beteleaves,1348,1348,3084,267590796.3,25.99,1706.05,67459999999.9999,Ferralsols / Plinthosols / Lateritic,Rainy,Rainfed,87.79,2.28783382789317,,
Tanintharyi,2015,Beteleaves,1357,1357,3261,238665203.2,26.43,1914.37,62720000000.0,Ferralsols / Plinthosols / Lateritic,Rainy,Rainfed,90.22,2.40309506263817,,
Tanintharyi,2016,Beteleaves,1372,1372,3477,314946615.9,26.3,1870.73,60120000000.0,Ferralsols / Plinthosols / Lateritic,Rainy,Rainfed,89.71,2.53425655976676,,
Tanintharyi,2017,Beteleaves,1387,1387,3559,304701296.0,26.08,2485.72,63340000000.0,Ferralsols / Plinthosols / Lateritic,Rainy,Rainfed,93.0,2.56596971881759,,
Tanintharyi,2018,Beteleaves,1410,1410,5108,380230690.0,26.23,2273.98,67150000000.0,Ferralsols / Plinthosols / Lateritic,Rainy,Rainfed,93.0,3.62269503546099,,
Tanintharyi,2019,Beteleaves,1475,1475,4643,413574673.8,26.44,1846.93,68700000000.0,Ferralsols / Plinthosols / Lateritic,Rainy,Rainfed,89.4,3.14779661016949,,
Tanintharyi,2020,Beteleaves,1483,1483,4582,391351453.3,26.42,2375.71,78930000000.0,Ferralsols / Plinthosols / Lateritic,Rainy,Rainfed,93.0,3.08968307484828,,
Tanintharyi,2021,Beteleaves,1517,1517,4439,388899650.8,25.97,2896.94,65120000000.0,Ferralsols / Plinthosols / Lateritic,Rainy,Rainfed,93.0,2.92617007251153,,
Tanintharyi,2022,Beteleaves,1627,1593,4844,586761617.0,26.08,2726.62,62240000000.0,Ferralsols / Plinthosols / Lateritic,Rainy,Rainfed,93.0,3.04080351537978,,
Tanintharyi,2023,Beteleaves,1627,1600,5002,586702652.6,26.46,2318.19,64800000000.0,Ferralsols / Plinthosols / Lateritic,Rainy,Rainfed,93.0,3.12625,,
Bago,2012,Beteleaves,2314,2314,15926,243967785.0,27.33,1519.25,59920000000.0,Fluvisols / Gleysols / Alluvial,Rainy,Rainfed,85.31,6.88245462402765,,
Bago,2013,Beteleaves,2424,2424,16669,199816069.0,27.57,1187.91,63260000000.0,Fluvisols / Gleysols / Alluvial,Rainy,Rainfed,81.29,6.8766501650165,,
Bago,2014,Beteleaves,2438,2438,16736,267590796.3,27.57,1054.41,67459999999.9999,Fluvisols / Gleysols / Alluvial,Rainy,Rainfed,79.69,6.86464315012305,,
Bago,2015,Beteleaves,2446,2446,16871,238665203.2,27.77,1256.33,62720000000.0,Fluvisols / Gleysols / Alluvial,Rainy,Rainfed,82.08,6.89738348323794,,
Bago,2016,Beteleaves,2446,2446,17004,314946615.9,27.71,1212.7,60120000000.0,Fluvisols / Gleysols / Alluvial,Rainy,Rainfed,81.56,6.9517579721995,,
Bago,2017,Beteleaves,2388,2388,16438,304701296.0,27.49,1498.81,63340000000.0,Fluvisols / Gleysols / Alluvial,Rainy,Rainfed,85.04,6.88358458961474,,
Bago,2018,Beteleaves,2535,2535,17507,380230690.0,27.43,1690.27,67150000000.0,Fluvisols / Gleysols / Alluvial,Rainy,Rainfed,87.35,6.90611439842209,,
Bago,2019,Beteleaves,2547,2547,17601,413574673.8,28.09,1236.72,68700000000.0,Fluvisols / Gleysols / Alluvial,Rainy,Rainfed,81.78,6.91048292108362,,
Bago,2020,Beteleaves,2547,2547,17649,391351453.3,28.01,1004.02,78930000000.0,Fluvisols / Gleysols / Alluvial,Rainy,Rainfed,79.01,6.92932862190812,,
Bago,2021,Beteleaves,2547,2547,17555,388899650.8,27.31,1749.84,65120000000.0,Fluvisols / Gleysols / Alluvial,Rainy,Rainfed,88.08,6.89242245779348,,
Bago,2022,Beteleaves,2551,2551,17682,586761617.0,27.34,1789.55,62240000000.0,Fluvisols / Gleysols / Alluvial,Rainy,Rainfed,88.55,6.93139945119561,,
Bago,2023,Beteleaves,2551,2551,18592,586702652.6,28.01,1574.66,64800000000.0,Fluvisols / Gleysols / Alluvial,Rainy,Rainfed,85.85,7.28812230497844,,
Magway,2012,Beteleaves,639,639,4836,243967785.0,26.79,898.02,59920000000.0,Regosols / Luvisols / Sandy Savanna,Rainy,Rainfed,77.95,7.56807511737089,,
Magway,2013,Beteleaves,639,639,4847,199816069.0,26.96,878.15,63260000000.0,Regosols / Luvisols / Sandy Savanna,Rainy,Rainfed,77.68,7.58528951486698,,
Magway,2014,Beteleaves,641,641,4854,267590796.3,27.42,770.86,67459999999.9999,Regosols / Luvisols / Sandy Savanna,Rainy,Rainfed,76.31,7.57254290171606,,
Magway,2015,Beteleaves,641,641,4881,238665203.2,27.31,734.05,62720000000.0,Regosols / Luvisols / Sandy Savanna,Rainy,Rainfed,75.89,7.61466458658346,,
Magway,2016,Beteleaves,641,641,5335,314946615.9,27.18,941.74,60120000000.0,Regosols / Luvisols / Sandy Savanna,Rainy,Rainfed,78.41,8.32293291731669,,
Magway,2017,Beteleaves,642,642,4897,304701296.0,27.02,1107.58,63340000000.0,Regosols / Luvisols / Sandy Savanna,Rainy,Rainfed,80.43,7.62772585669781,,
Magway,2018,Beteleaves,647,643,4873,380230690.0,26.75,839.14,67150000000.0,Regosols / Luvisols / Sandy Savanna,Rainy,Rainfed,77.25,7.57853810264385,,
Magway,2019,Beteleaves,657,657,5047,413574673.8,27.7,769.91,68700000000.0,Regosols / Luvisols / Sandy Savanna,Rainy,Rainfed,76.25,7.68188736681887,,
Magway,2020,Beteleaves,653,611,4656,391351453.3,27.15,822.19,78930000000.0,Regosols / Luvisols / Sandy Savanna,Rainy,Rainfed,76.98,7.620294599018,,
Magway,2021,Beteleaves,653,650,5453,388899650.8,27.77,689.55,65120000000.0,Regosols / Luvisols / Sandy Savanna,Rainy,Rainfed,75.28,8.38923076923077,,
Magway,2022,Beteleaves,653,650,4954,586761617.0,27.6,729.42,62240000000.0,Regosols / Luvisols / Sandy Savanna,Rainy,Rainfed,75.79,7.62153846153846,,
Magway,2023,Beteleaves,658,658,5020,586702652.6,28.03,696.9,64800000000.0,Regosols / Luvisols / Sandy Savanna,Rainy,Rainfed,75.32,7.62917933130699,,
Mandalay,2012,Beteleaves,3094,3094,23067,243967785.0,27.22,338.39,59920000000.0,Luvisols / Cambisols / Savanna,Rainy,Rainfed,71.16,7.45539754363283,,
Mandalay,2013,Beteleaves,3321,3321,24944,199816069.0,27.39,350.66,63260000000.0,Luvisols / Cambisols / Savanna,Rainy,Rainfed,71.28,7.51099066546221,,
Mandalay,2014,Beteleaves,3329,3329,27568,267590796.3,27.89,270.44,67459999999.9999,Luvisols / Cambisols / Savanna,Rainy,Rainfed,70.23,8.28116551516972,,
Mandalay,2015,Beteleaves,3362,3362,28389,238665203.2,27.41,376.48,62720000000.0,Luvisols / Cambisols / Savanna,Rainy,Rainfed,71.58,8.44408090422367,,
Mandalay,2016,Beteleaves,3171,3154,26423,314946615.9,27.59,376.98,60120000000.0,Luvisols / Cambisols / Savanna,Rainy,Rainfed,71.56,8.37761572606214,,
Mandalay,2017,Beteleaves,3087,3087,26065,304701296.0,27.37,461.76,63340000000.0,Luvisols / Cambisols / Savanna,Rainy,Rainfed,72.61,8.44347262714609,,
Mandalay,2018,Beteleaves,3165,3160,25096,380230690.0,27.03,394.62,67150000000.0,Luvisols / Cambisols / Savanna,Rainy,Rainfed,71.87,7.94177215189873,,
Mandalay,2019,Beteleaves,3181,3178,25173,413574673.8,27.69,414.37,68700000000.0,Luvisols / Cambisols / Savanna,Rainy,Rainfed,71.99,7.92101950912523,,
Mandalay,2020,Beteleaves,1647,1647,13846,391351453.3,27.18,470.39,78930000000.0,Luvisols / Cambisols / Savanna,Rainy,Rainfed,72.75,8.40680024286581,,
Mandalay,2021,Beteleaves,1683,1679,15651,388899650.8,27.8,383.44,65120000000.0,Luvisols / Cambisols / Savanna,Rainy,Rainfed,71.6,9.32162001191185,,
Mandalay,2022,Beteleaves,1744,1720,16581,586761617.0,27.53,425.89,62240000000.0,Luvisols / Cambisols / Savanna,Rainy,Rainfed,72.16,9.64011627906976,,
Mandalay,2023,Beteleaves,2223,2219,22922,586702652.6,28.02,431.5,64800000000.0,Luvisols / Cambisols / Savanna,Rainy,Rainfed,72.13,10.3298783235691,,
Mon,2012,Beteleaves,3217,3217,23141,243967785.0,27.89,2936.46,59920000000.0,Ferralsols / Gleysols / Lateritic,Rainy,Rainfed,93.0,7.19334783960211,,
Mon,2013,Beteleaves,3248,3248,22288,199816069.0,27.75,2472.26,63260000000.0,Ferralsols / Gleysols / Lateritic,Rainy,Rainfed,93.0,6.86206896551724,,
Mon,2014,Beteleaves,3343,2943,19376,267590796.3,27.71,1805.43,67459999999.9999,Ferralsols / Gleysols / Lateritic,Rainy,Rainfed,88.68,6.5837580699966,,
Mon,2015,Beteleaves,3393,2993,19485,238665203.2,27.96,2500.08,62720000000.0,Ferralsols / Gleysols / Lateritic,Rainy,Rainfed,93.0,6.51019044437019,,
Mon,2016,Beteleaves,3027,3027,17886,314946615.9,27.84,2247.31,60120000000.0,Ferralsols / Gleysols / Lateritic,Rainy,Rainfed,93.0,5.90882061446977,,
Mon,2017,Beteleaves,3043,3043,17800,304701296.0,27.68,2729.02,63340000000.0,Ferralsols / Gleysols / Lateritic,Rainy,Rainfed,93.0,5.84949063424252,,
Mon,2018,Beteleaves,3054,3054,19657,380230690.0,27.86,3263.34,67150000000.0,Ferralsols / Gleysols / Lateritic,Rainy,Rainfed,93.0,6.43647675180091,,
Mon,2019,Beteleaves,3068,3063,18952,413574673.8,28.11,2717.71,68700000000.0,Ferralsols / Gleysols / Lateritic,Rainy,Rainfed,93.0,6.18739797584067,,
Mon,2020,Beteleaves,3079,3079,17997,391351453.3,28.13,1897.4,78930000000.0,Ferralsols / Gleysols / Lateritic,Rainy,Rainfed,89.71,5.84507957128937,,
Mon,2021,Beteleaves,3090,3090,18114,388899650.8,27.71,3711.2,65120000000.0,Ferralsols / Gleysols / Lateritic,Rainy,Rainfed,93.0,5.86213592233009,,
Mon,2022,Beteleaves,3090,3090,17858,586761617.0,27.71,3270.72,62240000000.0,Ferralsols / Gleysols / Lateritic,Rainy,Rainfed,93.0,5.77928802588996,,
Mon,2023,Beteleaves,3090,3090,17889,586702652.6,28.09,3075.98,64800000000.0,Ferralsols / Gleysols / Lateritic,Rainy,Rainfed,93.0,5.78932038834951,,
Rakhine,2012,Beteleaves,1202,1202,7275,243967785.0,26.54,2984.69,59920000000.0,Gleysols / Alluvial / Mountainous,Rainy,Rainfed,93.0,6.05241264559068,,
Rakhine,2013,Beteleaves,1203,1203,7277,199816069.0,26.5,3116.99,63260000000.0,Gleysols / Alluvial / Mountainous,Rainy,Rainfed,93.0,6.04904405652535,,
Rakhine,2014,Beteleaves,1208,1208,7103,267590796.3,26.74,2952.75,67459999999.9999,Gleysols / Alluvial / Mountainous,Rainy,Rainfed,93.0,5.87996688741721,,
Rakhine,2015,Beteleaves,1228,1228,7491,238665203.2,26.5,8475.24,62720000000.0,Gleysols / Alluvial / Mountainous,Rainy,Rainfed,93.0,6.10016286644951,,
Rakhine,2016,Beteleaves,1236,1236,7511,314946615.9,26.76,10036.74,60120000000.0,Gleysols / Alluvial / Mountainous,Rainy,Rainfed,93.0,6.07686084142394,,
Rakhine,2017,Beteleaves,1270,1270,6121,304701296.0,26.66,7844.64,63340000000.0,Gleysols / Alluvial / Mountainous,Rainy,Rainfed,93.0,4.81968503937007,,
Rakhine,2018,Beteleaves,1121,1121,5598,380230690.0,26.17,7927.61,67150000000.0,Gleysols / Alluvial / Mountainous,Rainy,Rainfed,93.0,4.99375557537912,,
Rakhine,2019,Beteleaves,1139,1139,5374,413574673.8,26.66,8062.73,68700000000.0,Gleysols / Alluvial / Mountainous,Rainy,Rainfed,93.0,4.71817383669885,,
Rakhine,2020,Beteleaves,1146,1138,5133,391351453.3,26.49,7855.92,78930000000.0,Gleysols / Alluvial / Mountainous,Rainy,Rainfed,93.0,4.51054481546572,,
Rakhine,2021,Beteleaves,1196,1196,5414,388899650.8,26.93,5291.74,65120000000.0,Gleysols / Alluvial / Mountainous,Rainy,Rainfed,93.0,4.5267558528428,,
Rakhine,2022,Beteleaves,1201,1201,5386,586761617.0,26.66,5117.41,62240000000.0,Gleysols / Alluvial / Mountainous,Rainy,Rainfed,93.0,4.48459616985845,,
Rakhine,2023,Beteleaves,1201,1201,4769,586702652.6,26.9,5823.68,64800000000.0,Gleysols / Alluvial / Mountainous,Rainy,Rainfed,93.0,3.97085761865112,,
Yangon,2012,Beteleaves,2685,2685,23829,243967785.0,27.5,1871.61,59920000000.0,Fluvisols / Gleysols / Alluvial,Rainy,Rainfed,89.51,8.87486033519553,,
Yangon,2013,Beteleaves,2685,2685,23909,199816069.0,27.61,1492.96,63260000000.0,Fluvisols / Gleysols / Alluvial,Rainy,Rainfed,84.95,8.90465549348231,,
Yangon,2014,Beteleaves,2497,2497,14839,267590796.3,27.67,1241.48,67459999999.9999,Fluvisols / Gleysols / Alluvial,Rainy,Rainfed,81.92,5.94273127753303,,
Yangon,2015,Beteleaves,2450,2450,20707,238665203.2,27.86,1676.99,62720000000.0,Fluvisols / Gleysols / Alluvial,Rainy,Rainfed,87.11,8.45183673469387,,
Yangon,2016,Beteleaves,2447,2447,20541,314946615.9,27.8,1521.79,60120000000.0,Fluvisols / Gleysols / Alluvial,Rainy,Rainfed,85.26,8.39436044135676,,
Yangon,2017,Beteleaves,2487,2487,20824,304701296.0,27.54,1863.36,63340000000.0,Fluvisols / Gleysols / Alluvial,Rainy,Rainfed,89.4,8.37314032971451,,
Yangon,2018,Beteleaves,2355,2355,20018,380230690.0,27.53,2226.31,67150000000.0,Fluvisols / Gleysols / Alluvial,Rainy,Rainfed,93.0,8.50021231422505,,
Yangon,2019,Beteleaves,2355,2355,20099,413574673.8,28.09,1694.52,68700000000.0,Fluvisols / Gleysols / Alluvial,Rainy,Rainfed,87.28,8.53460721868365,,
Yangon,2020,Beteleaves,2357,2357,20116,391351453.3,28.05,1262.54,78930000000.0,Fluvisols / Gleysols / Alluvial,Rainy,Rainfed,82.1,8.53457785320322,,
Yangon,2021,Beteleaves,2557,2557,22195,388899650.8,27.4,2360.45,65120000000.0,Fluvisols / Gleysols / Alluvial,Rainy,Rainfed,93.0,8.68009385999217,,
Yangon,2022,Beteleaves,2557,2557,22212,586761617.0,27.36,2242.28,62240000000.0,Fluvisols / Gleysols / Alluvial,Rainy,Rainfed,93.0,8.68674227610481,,
Yangon,2023,Beteleaves,2557,2557,22211,586702652.6,28.02,2034.25,64800000000.0,Fluvisols / Gleysols / Alluvial,Rainy,Rainfed,91.37,8.68635119280406,,
Shan,2012,Beteleaves,589,589,3689,243967785.0,21.06,671.3,59920000000.0,Acrisols / Ferralsols / Red Earth,Rainy,Rainfed,76.26,6.26315789473684,,
Shan,2013,Beteleaves,593,593,3714,199816069.0,21.38,594.52,63260000000.0,Acrisols / Ferralsols / Red Earth,Rainy,Rainfed,75.29,6.26306913996627,,
Shan,2014,Beteleaves,593,593,3710,267590796.3,21.82,438.2,67459999999.9999,Acrisols / Ferralsols / Red Earth,Rainy,Rainfed,73.33,6.25632377740303,,
Shan,2015,Beteleaves,590,590,3689,238665203.2,21.68,533.62,62720000000.0,Acrisols / Ferralsols / Red Earth,Rainy,Rainfed,74.5,6.25254237288135,,
Shan,2016,Beteleaves,590,590,3689,314946615.9,21.69,570.05,60120000000.0,Acrisols / Ferralsols / Red Earth,Rainy,Rainfed,74.94,6.25254237288135,,
Shan,2017,Beteleaves,590,590,3690,304701296.0,21.52,759.17,63340000000.0,Acrisols / Ferralsols / Red Earth,Rainy,Rainfed,77.24,6.25423728813559,,
Shan,2018,Beteleaves,590,590,3690,380230690.0,21.16,624.01,67150000000.0,Acrisols / Ferralsols / Red Earth,Rainy,Rainfed,75.68,6.25423728813559,,
Shan,2019,Beteleaves,590,590,3690,413574673.8,21.87,584.23,68700000000.0,Acrisols / Ferralsols / Red Earth,Rainy,Rainfed,75.07,6.25423728813559,,
Shan,2020,Beteleaves,590,589,3689,391351453.3,21.56,626.15,78930000000.0,Acrisols / Ferralsols / Red Earth,Rainy,Rainfed,75.63,6.26315789473684,,
Shan,2021,Beteleaves,590,590,3690,388899650.8,21.67,658.43,65120000000.0,Acrisols / Ferralsols / Red Earth,Rainy,Rainfed,76.0,6.25423728813559,,
Shan,2022,Beteleaves,543,543,3385,586761617.0,21.33,803.12,62240000000.0,Acrisols / Ferralsols / Red Earth,Rainy,Rainfed,77.8,6.23388581952117,,
Shan,2023,Beteleaves,528,527,3293,586702652.6,22.07,653.29,64800000000.0,Acrisols / Ferralsols / Red Earth,Rainy,Rainfed,75.87,6.24857685009487,,
Ayeyarwady,2012,Beteleaves,9867,9867,112901,243967785.0,27.73,892.99,59920000000.0,Fluvisols / Gleysols / Alluvial,Rainy,Rainfed,77.72,11.4422823553258,,
Ayeyarwady,2013,Beteleaves,9985,9985,114234,199816069.0,27.91,705.85,63260000000.0,Fluvisols / Gleysols / Alluvial,Rainy,Rainfed,75.45,11.4405608412618,,
Ayeyarwady,2014,Beteleaves,10502,10502,120213,267590796.3,28.21,606.23,67459999999.9999,Fluvisols / Gleysols / Alluvial,Rainy,Rainfed,74.2,11.4466768234621,,
Ayeyarwady,2015,Beteleaves,10390,10390,120277,238665203.2,28.19,737.44,62720000000.0,Fluvisols / Gleysols / Alluvial,Rainy,Rainfed,75.78,11.5762271414821,,
Ayeyarwady,2016,Beteleaves,10399,10373,116432,314946615.9,28.14,712.5,60120000000.0,Fluvisols / Gleysols / Alluvial,Rainy,Rainfed,75.48,11.2245252096789,,
Ayeyarwady,2017,Beteleaves,10416,9904,116381,304701296.0,28.04,819.64,63340000000.0,Fluvisols / Gleysols / Alluvial,Rainy,Rainfed,76.79,11.7509087237479,,
Ayeyarwady,2018,Beteleaves,10517,10517,132719,380230690.0,27.76,972.0,67150000000.0,Fluvisols / Gleysols / Alluvial,Rainy,Rainfed,78.67,12.6194732338119,,
Ayeyarwady,2019,Beteleaves,11236,11232,131038,413574673.8,28.38,776.06,68700000000.0,Fluvisols / Gleysols / Alluvial,Rainy,Rainfed,76.2,11.6664886039886,,
Ayeyarwady,2020,Beteleaves,10782,10765,123707,391351453.3,28.37,575.94,78930000000.0,Fluvisols / Gleysols / Alluvial,Rainy,Rainfed,73.8,11.4915931258708,,
Ayeyarwady,2021,Beteleaves,10828,10828,121896,388899650.8,27.92,960.87,65120000000.0,Fluvisols / Gleysols / Alluvial,Rainy,Rainfed,78.5,11.2574806058367,,
Ayeyarwady,2022,Beteleaves,10923,10923,115162,586761617.0,27.91,944.56,62240000000.0,Fluvisols / Gleysols / Alluvial,Rainy,Rainfed,78.31,10.5430742470017,,
Ayeyarwady,2023,Beteleaves,10849,10849,114416,586702652.6,28.36,837.63,64800000000.0,Fluvisols / Gleysols / Alluvial,Rainy,Rainfed,76.95,10.5462254585676,,
Nay Pyi Taw,2012,Beteleaves,2521,2521,8104,243967785.0,25.41,942.84,59920000000.0,Cambisols / Fluvisols / Loam,Rainy,Rainfed,78.74,3.21459738199127,,
Nay Pyi Taw,2013,Beteleaves,2891,2891,8801,199816069.0,25.88,775.78,63260000000.0,Cambisols / Fluvisols / Loam,Rainy,Rainfed,76.65,3.04427533725354,,
Nay Pyi Taw,2014,Beteleaves,2971,2971,9550,267590796.3,26.38,617.16,67459999999.9999,Cambisols / Fluvisols / Loam,Rainy,Rainfed,74.66,3.21440592393133,,
Nay Pyi Taw,2015,Beteleaves,2971,2971,9532,238665203.2,26.35,678.38,62720000000.0,Cambisols / Fluvisols / Loam,Rainy,Rainfed,75.4,3.20834735779198,,
Nay Pyi Taw,2016,Beteleaves,2971,2971,9768,314946615.9,26.23,754.74,60120000000.0,Cambisols / Fluvisols / Loam,Rainy,Rainfed,76.34,3.28778189161898,,
Nay Pyi Taw,2017,Beteleaves,2971,2971,9551,304701296.0,26.08,972.17,63340000000.0,Cambisols / Fluvisols / Loam,Rainy,Rainfed,78.97,3.21474251093907,,
Nay Pyi Taw,2018,Beteleaves,2971,2971,9552,380230690.0,25.73,812.09,67150000000.0,Cambisols / Fluvisols / Loam,Rainy,Rainfed,77.11,3.21507909794681,,
Nay Pyi Taw,2019,Beteleaves,2971,2971,9490,413574673.8,26.57,787.91,68700000000.0,Cambisols / Fluvisols / Loam,Rainy,Rainfed,76.67,3.19421070346684,,
Nay Pyi Taw,2020,Beteleaves,2972,2972,9473,391351453.3,26.28,762.33,78930000000.0,Cambisols / Fluvisols / Loam,Rainy,Rainfed,76.42,3.18741588156123,,
Nay Pyi Taw,2021,Beteleaves,2972,2972,9481,388899650.8,26.24,851.96,65120000000.0,Cambisols / Fluvisols / Loam,Rainy,Rainfed,77.5,3.19010767160161,,
Nay Pyi Taw,2022,Beteleaves,2972,2972,9463,586761617.0,25.96,1027.18,62240000000.0,Cambisols / Fluvisols / Loam,Rainy,Rainfed,79.65,3.18405114401076,,
Nay Pyi Taw,2023,Beteleaves,2972,2972,9453,586702652.6,26.62,853.39,64800000000.0,Cambisols / Fluvisols / Loam,Rainy,Rainfed,77.45,3.18068640646029,,
Kachin,2012,Tea,3706,2455,1978,243967785.0,23.38,914.61,59920000000.0,Acrisols / Red-Brown Lateritic,Rainy,Rainfed,78.77,0.805702647657841,,
Kachin,2013,Tea,3772,2515,2015,199816069.0,23.62,939.94,63260000000.0,Acrisols / Red-Brown Lateritic,Rainy,Rainfed,79.03,0.801192842942345,,
Kachin,2014,Tea,3501,2504,1959,267590796.3,24.01,833.48,67459999999.9999,Acrisols / Red-Brown Lateritic,Rainy,Rainfed,77.68,0.782348242811501,,
Kachin,2015,Tea,3525,2673,2116,238665203.2,23.27,1005.47,62720000000.0,Acrisols / Red-Brown Lateritic,Rainy,Rainfed,79.88,0.791619902731013,,
Kachin,2016,Tea,3525,2693,2344,314946615.9,23.17,1224.63,60120000000.0,Acrisols / Red-Brown Lateritic,Rainy,Rainfed,82.52,0.870404753063498,,
Kachin,2017,Tea,3526,2838,2256,304701296.0,23.28,1125.21,63340000000.0,Acrisols / Red-Brown Lateritic,Rainy,Rainfed,81.31,0.794926004228329,,
Kachin,2018,Tea,3316,2953,2377,380230690.0,22.85,1162.0,67150000000.0,Acrisols / Red-Brown Lateritic,Rainy,Rainfed,81.83,0.804944124619031,,
Kachin,2019,Tea,3322,3035,2417,413574673.8,23.49,1042.44,68700000000.0,Acrisols / Red-Brown Lateritic,Rainy,Rainfed,80.28,0.796375617792421,,
Kachin,2020,Tea,3355,3074,2425,391351453.3,22.87,1329.91,78930000000.0,Acrisols / Red-Brown Lateritic,Rainy,Rainfed,83.84,0.788874430709173,,
Kachin,2021,Tea,3357,3094,2262,388899650.8,23.65,1005.31,65120000000.0,Acrisols / Red-Brown Lateritic,Rainy,Rainfed,79.81,0.731092436974789,,
Kachin,2022,Tea,3361,3101,2329,586761617.0,22.99,1256.07,62240000000.0,Acrisols / Red-Brown Lateritic,Rainy,Rainfed,82.93,0.751048049016446,,
Kachin,2023,Tea,3392,3136,2332,586702652.6,23.84,1183.85,64800000000.0,Acrisols / Red-Brown Lateritic,Rainy,Rainfed,81.91,0.743622448979591,,
Kayah,2012,Tea,21,12,3,243967785.0,22.51,1604.82,59920000000.0,Luvisols / Red Earth,Rainy,Rainfed,87.21,0.25,,
Kayah,2013,Tea,26,12,3,199816069.0,22.71,1317.07,63260000000.0,Luvisols / Red Earth,Rainy,Rainfed,83.72,0.25,,
Kayah,2014,Tea,47,12,3,267590796.3,23.02,1089.18,67459999999.9999,Luvisols / Red Earth,Rainy,Rainfed,80.93,0.25,,
Kayah,2015,Tea,52,13,3,238665203.2,23.36,1113.03,62720000000.0,Luvisols / Red Earth,Rainy,Rainfed,81.15,0.23076923076923,,
Kayah,2016,Tea,52,12,3,314946615.9,23.41,1222.88,60120000000.0,Luvisols / Red Earth,Rainy,Rainfed,82.46,0.25,,
Kayah,2017,Tea,53,12,3,304701296.0,23.16,1567.54,63340000000.0,Luvisols / Red Earth,Rainy,Rainfed,86.64,0.25,,
Kayah,2018,Tea,53,13,3,380230690.0,22.69,1316.55,67150000000.0,Luvisols / Red Earth,Rainy,Rainfed,83.71,0.23076923076923,,
Kayah,2019,Tea,53,13,3,413574673.8,23.24,1282.79,68700000000.0,Luvisols / Red Earth,Rainy,Rainfed,83.21,0.23076923076923,,
Kayah,2020,Tea,53,13,3,391351453.3,23.16,1222.66,78930000000.0,Luvisols / Red Earth,Rainy,Rainfed,82.5,0.23076923076923,,
Kayah,2021,Tea,57,13,3,388899650.8,23.01,1440.62,65120000000.0,Luvisols / Red Earth,Rainy,Rainfed,85.15,0.23076923076923,,
Kayah,2022,Tea,52,13,3,586761617.0,22.94,1814.13,62240000000.0,Luvisols / Red Earth,Rainy,Rainfed,89.64,0.23076923076923,,
Kayah,2023,Tea,52,13,3,586702652.6,23.4,1417.46,64800000000.0,Luvisols / Red Earth,Rainy,Rainfed,84.8,0.23076923076923,,
Kayin,2012,Tea,1134,873,358,243967785.0,26.77,2467.92,59920000000.0,Fluvisols / Gleysols / Alluvial,Rainy,Rainfed,93.0,0.410080183276059,,
Kayin,2013,Tea,1138,873,359,199816069.0,26.67,2022.51,63260000000.0,Fluvisols / Gleysols / Alluvial,Rainy,Rainfed,91.47,0.411225658648339,,
Kayin,2014,Tea,1138,837,359,267590796.3,26.61,1604.54,67459999999.9999,Fluvisols / Gleysols / Alluvial,Rainy,Rainfed,86.46,0.428912783751493,,
Kayin,2015,Tea,1138,877,361,238665203.2,26.97,1981.43,62720000000.0,Fluvisols / Gleysols / Alluvial,Rainy,Rainfed,90.92,0.411630558722919,,
Kayin,2016,Tea,1138,877,300,314946615.9,26.89,1804.66,60120000000.0,Fluvisols / Gleysols / Alluvial,Rainy,Rainfed,88.82,0.342075256556442,,
Kayin,2017,Tea,1138,877,300,304701296.0,26.65,2185.47,63340000000.0,Fluvisols / Gleysols / Alluvial,Rainy,Rainfed,93.0,0.342075256556442,,
Kayin,2018,Tea,1195,894,307,380230690.0,26.73,2484.66,67150000000.0,Fluvisols / Gleysols / Alluvial,Rainy,Rainfed,93.0,0.343400447427293,,
Kayin,2019,Tea,1195,894,309,413574673.8,26.95,2087.25,68700000000.0,Fluvisols / Gleysols / Alluvial,Rainy,Rainfed,92.2,0.345637583892617,,
Kayin,2020,Tea,1195,894,309,391351453.3,27.12,1531.95,78930000000.0,Fluvisols / Gleysols / Alluvial,Rainy,Rainfed,85.5,0.345637583892617,,
Kayin,2021,Tea,1195,894,247,388899650.8,26.67,2969.17,65120000000.0,Fluvisols / Gleysols / Alluvial,Rainy,Rainfed,93.0,0.276286353467561,,
Kayin,2022,Tea,1203,894,309,586761617.0,26.62,2622.64,62240000000.0,Fluvisols / Gleysols / Alluvial,Rainy,Rainfed,93.0,0.345637583892617,,
Kayin,2023,Tea,1203,940,326,586702652.6,26.96,2436.25,64800000000.0,Fluvisols / Gleysols / Alluvial,Rainy,Rainfed,93.0,0.346808510638297,,
Chin,2012,Tea,1955,1334,444,243967785.0,22.62,716.7,59920000000.0,Cambisols / Mountainous Soil,Rainy,Rainfed,76.53,0.332833583208395,,
Chin,2013,Tea,1955,1517,498,199816069.0,22.48,814.73,63260000000.0,Cambisols / Mountainous Soil,Rainy,Rainfed,77.73,0.328279499011206,,
Chin,2014,Tea,1957,1517,498,267590796.3,22.97,716.65,67459999999.9999,Cambisols / Mountainous Soil,Rainy,Rainfed,76.47,0.328279499011206,,
Chin,2015,Tea,1957,1522,499,238665203.2,22.61,913.76,62720000000.0,Cambisols / Mountainous Soil,Rainy,Rainfed,78.9,0.327858081471747,,
Chin,2016,Tea,1439,1265,458,314946615.9,22.87,965.57,60120000000.0,Cambisols / Mountainous Soil,Rainy,Rainfed,79.47,0.362055335968379,,
Chin,2017,Tea,1442,1397,461,304701296.0,22.26,1578.85,63340000000.0,Cambisols / Mountainous Soil,Rainy,Rainfed,86.94,0.329992841803865,,
Chin,2018,Tea,1452,1397,458,380230690.0,21.95,1160.88,67150000000.0,Cambisols / Mountainous Soil,Rainy,Rainfed,81.98,0.327845382963493,,
Chin,2019,Tea,1452,1409,462,413574673.8,22.53,1254.78,68700000000.0,Cambisols / Mountainous Soil,Rainy,Rainfed,83.0,0.327892122072391,,
Chin,2020,Tea,1424,1404,507,391351453.3,22.26,1038.88,78930000000.0,Cambisols / Mountainous Soil,Rainy,Rainfed,80.46,0.361111111111111,,
Chin,2021,Tea,757,732,242,388899650.8,22.92,753.21,65120000000.0,Cambisols / Mountainous Soil,Rainy,Rainfed,76.91,0.330601092896174,,
Chin,2022,Tea,652,601,243,586761617.0,22.64,714.38,62240000000.0,Cambisols / Mountainous Soil,Rainy,Rainfed,76.5,0.404326123128119,,
Chin,2023,Tea,1171,1139,259,586702652.6,23.13,770.15,64800000000.0,Cambisols / Mountainous Soil,Rainy,Rainfed,77.08,0.22739244951712,,
Sagaing,2012,Tea,9163,8650,5308,243967785.0,28.48,302.6,59920000000.0,Luvisols / Cambisols / Savanna,Rainy,Rainfed,70.5,0.613641618497109,,
Sagaing,2013,Tea,9189,8881,5493,199816069.0,28.47,362.75,63260000000.0,Luvisols / Cambisols / Savanna,Rainy,Rainfed,71.23,0.618511428893142,,
Sagaing,2014,Tea,9230,9021,5585,267590796.3,29.02,272.71,67459999999.9999,Luvisols / Cambisols / Savanna,Rainy,Rainfed,70.05,0.619110963307837,,
Sagaing,2015,Tea,9216,9001,5573,238665203.2,28.54,378.91,62720000000.0,Luvisols / Cambisols / Savanna,Rainy,Rainfed,71.41,0.619153427396955,,
Sagaing,2016,Tea,11191,11191,7120,314946615.9,28.61,466.45,60120000000.0,Luvisols / Cambisols / Savanna,Rainy,Rainfed,72.45,0.636225538379054,,
Sagaing,2017,Tea,11192,11119,7122,304701296.0,28.07,637.58,63340000000.0,Luvisols / Cambisols / Savanna,Rainy,Rainfed,74.6,0.640525227088767,,
Sagaing,2018,Tea,11333,11127,7147,380230690.0,27.88,475.8,67150000000.0,Luvisols / Cambisols / Savanna,Rainy,Rainfed,72.69,0.642311494562775,,
Sagaing,2019,Tea,11427,11093,7117,413574673.8,28.67,477.22,68700000000.0,Luvisols / Cambisols / Savanna,Rainy,Rainfed,72.57,0.641575768502659,,
Sagaing,2020,Tea,11427,11194,7166,391351453.3,28.0,552.96,78930000000.0,Luvisols / Cambisols / Savanna,Rainy,Rainfed,73.6,0.640164373771663,,
Sagaing,2021,Tea,11946,11427,7501,388899650.8,29.14,338.14,65120000000.0,Luvisols / Cambisols / Savanna,Rainy,Rainfed,70.81,0.656427758816837,,
Sagaing,2022,Tea,11994,11945,7590,586761617.0,28.78,375.7,62240000000.0,Luvisols / Cambisols / Savanna,Rainy,Rainfed,71.33,0.635412306404353,,
Sagaing,2023,Tea,11996,11946,7562,586702652.6,29.19,387.79,64800000000.0,Luvisols / Cambisols / Savanna,Rainy,Rainfed,71.4,0.63301523522518,,
Tanintharyi,2012,Tea,1,1,0,243967785.0,26.24,2388.49,59920000000.0,Ferralsols / Plinthosols / Lateritic,Rainy,Rainfed,93.0,0.0,,
Tanintharyi,2013,Tea,1,1,0,199816069.0,25.94,2304.57,63260000000.0,Ferralsols / Plinthosols / Lateritic,Rainy,Rainfed,93.0,0.0,,
Tanintharyi,2014,Tea,0,0,0,267590796.3,25.99,1706.05,67459999999.9999,Ferralsols / Plinthosols / Lateritic,Rainy,Rainfed,87.79,0.0,,
Tanintharyi,2015,Tea,0,0,0,238665203.2,26.43,1914.37,62720000000.0,Ferralsols / Plinthosols / Lateritic,Rainy,Rainfed,90.22,0.0,,
Tanintharyi,2016,Tea,0,0,0,314946615.9,26.3,1870.73,60120000000.0,Ferralsols / Plinthosols / Lateritic,Rainy,Rainfed,89.71,0.0,,
Tanintharyi,2017,Tea,0,0,0,304701296.0,26.08,2485.72,63340000000.0,Ferralsols / Plinthosols / Lateritic,Rainy,Rainfed,93.0,0.0,,
Tanintharyi,2018,Tea,0,0,0,380230690.0,26.23,2273.98,67150000000.0,Ferralsols / Plinthosols / Lateritic,Rainy,Rainfed,93.0,0.0,,
Tanintharyi,2019,Tea,0,0,0,413574673.8,26.44,1846.93,68700000000.0,Ferralsols / Plinthosols / Lateritic,Rainy,Rainfed,89.4,0.0,,
Tanintharyi,2020,Tea,0,0,0,391351453.3,26.42,2375.71,78930000000.0,Ferralsols / Plinthosols / Lateritic,Rainy,Rainfed,93.0,0.0,,
Tanintharyi,2021,Tea,17,0,0,388899650.8,25.97,2896.94,65120000000.0,Ferralsols / Plinthosols / Lateritic,Rainy,Rainfed,93.0,0.0,,
Tanintharyi,2022,Tea,30,0,0,586761617.0,26.08,2726.62,62240000000.0,Ferralsols / Plinthosols / Lateritic,Rainy,Rainfed,93.0,0.0,,
Tanintharyi,2023,Tea,30,0,0,586702652.6,26.46,2318.19,64800000000.0,Ferralsols / Plinthosols / Lateritic,Rainy,Rainfed,93.0,0.0,,
Bago,2012,Tea,0,0,0,243967785.0,27.33,1519.25,59920000000.0,Fluvisols / Gleysols / Alluvial,Rainy,Rainfed,85.31,0.0,,
Bago,2013,Tea,0,0,0,199816069.0,27.57,1187.91,63260000000.0,Fluvisols / Gleysols / Alluvial,Rainy,Rainfed,81.29,0.0,,
Bago,2014,Tea,0,0,0,267590796.3,27.57,1054.41,67459999999.9999,Fluvisols / Gleysols / Alluvial,Rainy,Rainfed,79.69,0.0,,
Bago,2015,Tea,0,0,0,238665203.2,27.77,1256.33,62720000000.0,Fluvisols / Gleysols / Alluvial,Rainy,Rainfed,82.08,0.0,,
Bago,2016,Tea,0,0,0,314946615.9,27.71,1212.7,60120000000.0,Fluvisols / Gleysols / Alluvial,Rainy,Rainfed,81.56,0.0,,
Bago,2017,Tea,0,0,0,304701296.0,27.49,1498.81,63340000000.0,Fluvisols / Gleysols / Alluvial,Rainy,Rainfed,85.04,0.0,,
Bago,2018,Tea,0,0,0,380230690.0,27.43,1690.27,67150000000.0,Fluvisols / Gleysols / Alluvial,Rainy,Rainfed,87.35,0.0,,
Bago,2019,Tea,0,0,0,413574673.8,28.09,1236.72,68700000000.0,Fluvisols / Gleysols / Alluvial,Rainy,Rainfed,81.78,0.0,,
Bago,2020,Tea,0,0,0,391351453.3,28.01,1004.02,78930000000.0,Fluvisols / Gleysols / Alluvial,Rainy,Rainfed,79.01,0.0,,
Bago,2021,Tea,0,0,0,388899650.8,27.31,1749.84,65120000000.0,Fluvisols / Gleysols / Alluvial,Rainy,Rainfed,88.08,0.0,,
Bago,2022,Tea,0,0,0,586761617.0,27.34,1789.55,62240000000.0,Fluvisols / Gleysols / Alluvial,Rainy,Rainfed,88.55,0.0,,
Bago,2023,Tea,0,0,0,586702652.6,28.01,1574.66,64800000000.0,Fluvisols / Gleysols / Alluvial,Rainy,Rainfed,85.85,0.0,,
Magway,2012,Tea,1187,8,0,243967785.0,26.79,898.02,59920000000.0,Regosols / Luvisols / Sandy Savanna,Rainy,Rainfed,77.95,0.0,,
Magway,2013,Tea,1187,8,0,199816069.0,26.96,878.15,63260000000.0,Regosols / Luvisols / Sandy Savanna,Rainy,Rainfed,77.68,0.0,,
Magway,2014,Tea,1187,9,0,267590796.3,27.42,770.86,67459999999.9999,Regosols / Luvisols / Sandy Savanna,Rainy,Rainfed,76.31,0.0,,
Magway,2015,Tea,1187,9,0,238665203.2,27.31,734.05,62720000000.0,Regosols / Luvisols / Sandy Savanna,Rainy,Rainfed,75.89,0.0,,
Magway,2016,Tea,1187,11,0,314946615.9,27.18,941.74,60120000000.0,Regosols / Luvisols / Sandy Savanna,Rainy,Rainfed,78.41,0.0,,
Magway,2017,Tea,1187,66,12,304701296.0,27.02,1107.58,63340000000.0,Regosols / Luvisols / Sandy Savanna,Rainy,Rainfed,80.43,0.181818181818181,,
Magway,2018,Tea,318,114,13,380230690.0,26.75,839.14,67150000000.0,Regosols / Luvisols / Sandy Savanna,Rainy,Rainfed,77.25,0.114035087719298,,
Magway,2019,Tea,320,118,14,413574673.8,27.7,769.91,68700000000.0,Regosols / Luvisols / Sandy Savanna,Rainy,Rainfed,76.25,0.11864406779661,,
Magway,2020,Tea,320,136,16,391351453.3,27.15,822.19,78930000000.0,Regosols / Luvisols / Sandy Savanna,Rainy,Rainfed,76.98,0.117647058823529,,
Magway,2021,Tea,320,136,16,388899650.8,27.77,689.55,65120000000.0,Regosols / Luvisols / Sandy Savanna,Rainy,Rainfed,75.28,0.117647058823529,,
Magway,2022,Tea,320,237,27,586761617.0,27.6,729.42,62240000000.0,Regosols / Luvisols / Sandy Savanna,Rainy,Rainfed,75.79,0.113924050632911,,
Magway,2023,Tea,320,251,29,586702652.6,28.03,696.9,64800000000.0,Regosols / Luvisols / Sandy Savanna,Rainy,Rainfed,75.32,0.115537848605577,,
Mandalay,2012,Tea,7663,5270,2383,243967785.0,27.22,338.39,59920000000.0,Luvisols / Cambisols / Savanna,Rainy,Rainfed,71.16,0.452182163187855,,
Mandalay,2013,Tea,11977,6786,3071,199816069.0,27.39,350.66,63260000000.0,Luvisols / Cambisols / Savanna,Rainy,Rainfed,71.28,0.452549366342469,,
Mandalay,2014,Tea,16976,11076,5019,267590796.3,27.89,270.44,67459999999.9999,Luvisols / Cambisols / Savanna,Rainy,Rainfed,70.23,0.453141928494041,,
Mandalay,2015,Tea,17126,11076,5019,238665203.2,27.41,376.48,62720000000.0,Luvisols / Cambisols / Savanna,Rainy,Rainfed,71.58,0.453141928494041,,
Mandalay,2016,Tea,17426,11276,5164,314946615.9,27.59,376.98,60120000000.0,Luvisols / Cambisols / Savanna,Rainy,Rainfed,71.56,0.457963816956367,,
Mandalay,2017,Tea,17426,16600,8641,304701296.0,27.37,461.76,63340000000.0,Luvisols / Cambisols / Savanna,Rainy,Rainfed,72.61,0.520542168674698,,
Mandalay,2018,Tea,17519,16600,8654,380230690.0,27.03,394.62,67150000000.0,Luvisols / Cambisols / Savanna,Rainy,Rainfed,71.87,0.521325301204819,,
Mandalay,2019,Tea,17519,16905,8767,413574673.8,27.69,414.37,68700000000.0,Luvisols / Cambisols / Savanna,Rainy,Rainfed,71.99,0.51860396332446,,
Mandalay,2020,Tea,17519,16908,8777,391351453.3,27.18,470.39,78930000000.0,Luvisols / Cambisols / Savanna,Rainy,Rainfed,72.75,0.519103383013957,,
Mandalay,2021,Tea,17520,16911,8777,388899650.8,27.8,383.44,65120000000.0,Luvisols / Cambisols / Savanna,Rainy,Rainfed,71.6,0.519011294423747,,
Mandalay,2022,Tea,17520,16913,8779,586761617.0,27.53,425.89,62240000000.0,Luvisols / Cambisols / Savanna,Rainy,Rainfed,72.16,0.519068172411754,,
Mandalay,2023,Tea,17524,17300,8781,586702652.6,28.02,431.5,64800000000.0,Luvisols / Cambisols / Savanna,Rainy,Rainfed,72.13,0.50757225433526,,
Mon,2012,Tea,340,299,101,243967785.0,27.89,2936.46,59920000000.0,Ferralsols / Gleysols / Lateritic,Rainy,Rainfed,93.0,0.337792642140468,,
Mon,2013,Tea,340,304,133,199816069.0,27.75,2472.26,63260000000.0,Ferralsols / Gleysols / Lateritic,Rainy,Rainfed,93.0,0.4375,,
Mon,2014,Tea,349,314,138,267590796.3,27.71,1805.43,67459999999.9999,Ferralsols / Gleysols / Lateritic,Rainy,Rainfed,88.68,0.439490445859872,,
Mon,2015,Tea,333,318,135,238665203.2,27.96,2500.08,62720000000.0,Ferralsols / Gleysols / Lateritic,Rainy,Rainfed,93.0,0.424528301886792,,
Mon,2016,Tea,333,318,136,314946615.9,27.84,2247.31,60120000000.0,Ferralsols / Gleysols / Lateritic,Rainy,Rainfed,93.0,0.427672955974842,,
Mon,2017,Tea,333,321,136,304701296.0,27.68,2729.02,63340000000.0,Ferralsols / Gleysols / Lateritic,Rainy,Rainfed,93.0,0.423676012461059,,
Mon,2018,Tea,333,321,136,380230690.0,27.86,3263.34,67150000000.0,Ferralsols / Gleysols / Lateritic,Rainy,Rainfed,93.0,0.423676012461059,,
Mon,2019,Tea,333,321,141,413574673.8,28.11,2717.71,68700000000.0,Ferralsols / Gleysols / Lateritic,Rainy,Rainfed,93.0,0.439252336448598,,
Mon,2020,Tea,333,321,141,391351453.3,28.13,1897.4,78930000000.0,Ferralsols / Gleysols / Lateritic,Rainy,Rainfed,89.71,0.439252336448598,,
Mon,2021,Tea,333,321,141,388899650.8,27.71,3711.2,65120000000.0,Ferralsols / Gleysols / Lateritic,Rainy,Rainfed,93.0,0.439252336448598,,
Mon,2022,Tea,333,321,141,586761617.0,27.71,3270.72,62240000000.0,Ferralsols / Gleysols / Lateritic,Rainy,Rainfed,93.0,0.439252336448598,,
Mon,2023,Tea,333,321,141,586702652.6,28.09,3075.98,64800000000.0,Ferralsols / Gleysols / Lateritic,Rainy,Rainfed,93.0,0.439252336448598,,
Rakhine,2012,Tea,0,0,0,243967785.0,26.54,2984.69,59920000000.0,Gleysols / Alluvial / Mountainous,Rainy,Rainfed,93.0,0.0,,
Rakhine,2013,Tea,0,0,0,199816069.0,26.5,3116.99,63260000000.0,Gleysols / Alluvial / Mountainous,Rainy,Rainfed,93.0,0.0,,
Rakhine,2014,Tea,0,0,0,267590796.3,26.74,2952.75,67459999999.9999,Gleysols / Alluvial / Mountainous,Rainy,Rainfed,93.0,0.0,,
Rakhine,2015,Tea,0,0,0,238665203.2,26.5,8475.24,62720000000.0,Gleysols / Alluvial / Mountainous,Rainy,Rainfed,93.0,0.0,,
Rakhine,2016,Tea,0,0,0,314946615.9,26.76,10036.74,60120000000.0,Gleysols / Alluvial / Mountainous,Rainy,Rainfed,93.0,0.0,,
Rakhine,2017,Tea,0,0,0,304701296.0,26.66,7844.64,63340000000.0,Gleysols / Alluvial / Mountainous,Rainy,Rainfed,93.0,0.0,,
Rakhine,2018,Tea,0,0,0,380230690.0,26.17,7927.61,67150000000.0,Gleysols / Alluvial / Mountainous,Rainy,Rainfed,93.0,0.0,,
Rakhine,2019,Tea,0,0,0,413574673.8,26.66,8062.73,68700000000.0,Gleysols / Alluvial / Mountainous,Rainy,Rainfed,93.0,0.0,,
Rakhine,2020,Tea,0,0,0,391351453.3,26.49,7855.92,78930000000.0,Gleysols / Alluvial / Mountainous,Rainy,Rainfed,93.0,0.0,,
Rakhine,2021,Tea,0,0,0,388899650.8,26.93,5291.74,65120000000.0,Gleysols / Alluvial / Mountainous,Rainy,Rainfed,93.0,0.0,,
Rakhine,2022,Tea,0,0,0,586761617.0,26.66,5117.41,62240000000.0,Gleysols / Alluvial / Mountainous,Rainy,Rainfed,93.0,0.0,,
Rakhine,2023,Tea,0,0,0,586702652.6,26.9,5823.68,64800000000.0,Gleysols / Alluvial / Mountainous,Rainy,Rainfed,93.0,0.0,,
Yangon,2012,Tea,0,0,0,243967785.0,27.5,1871.61,59920000000.0,Fluvisols / Gleysols / Alluvial,Rainy,Rainfed,89.51,0.0,,
Yangon,2013,Tea,0,0,0,199816069.0,27.61,1492.96,63260000000.0,Fluvisols / Gleysols / Alluvial,Rainy,Rainfed,84.95,0.0,,
Yangon,2014,Tea,0,0,0,267590796.3,27.67,1241.48,67459999999.9999,Fluvisols / Gleysols / Alluvial,Rainy,Rainfed,81.92,0.0,,
Yangon,2015,Tea,0,0,0,238665203.2,27.86,1676.99,62720000000.0,Fluvisols / Gleysols / Alluvial,Rainy,Rainfed,87.11,0.0,,
Yangon,2016,Tea,0,0,0,314946615.9,27.8,1521.79,60120000000.0,Fluvisols / Gleysols / Alluvial,Rainy,Rainfed,85.26,0.0,,
Yangon,2017,Tea,0,0,0,304701296.0,27.54,1863.36,63340000000.0,Fluvisols / Gleysols / Alluvial,Rainy,Rainfed,89.4,0.0,,
Yangon,2018,Tea,0,0,0,380230690.0,27.53,2226.31,67150000000.0,Fluvisols / Gleysols / Alluvial,Rainy,Rainfed,93.0,0.0,,
Yangon,2019,Tea,0,0,0,413574673.8,28.09,1694.52,68700000000.0,Fluvisols / Gleysols / Alluvial,Rainy,Rainfed,87.28,0.0,,
Yangon,2020,Tea,0,0,0,391351453.3,28.05,1262.54,78930000000.0,Fluvisols / Gleysols / Alluvial,Rainy,Rainfed,82.1,0.0,,
Yangon,2021,Tea,0,0,0,388899650.8,27.4,2360.45,65120000000.0,Fluvisols / Gleysols / Alluvial,Rainy,Rainfed,93.0,0.0,,
Yangon,2022,Tea,0,0,0,586761617.0,27.36,2242.28,62240000000.0,Fluvisols / Gleysols / Alluvial,Rainy,Rainfed,93.0,0.0,,
Yangon,2023,Tea,0,0,0,586702652.6,28.02,2034.25,64800000000.0,Fluvisols / Gleysols / Alluvial,Rainy,Rainfed,91.37,0.0,,
Shan,2012,Tea,197351,178603,83883,243967785.0,21.06,671.3,59920000000.0,Acrisols / Ferralsols / Red Earth,Rainy,Rainfed,76.26,0.46966176380016,,
Shan,2013,Tea,199919,180904,84635,199816069.0,21.38,594.52,63260000000.0,Acrisols / Ferralsols / Red Earth,Rainy,Rainfed,75.29,0.467844823773935,,
Shan,2014,Tea,200419,181268,84863,267590796.3,21.82,438.2,67459999999.9999,Acrisols / Ferralsols / Red Earth,Rainy,Rainfed,73.33,0.468163161727387,,
Shan,2015,Tea,200505,183081,85817,238665203.2,21.68,533.62,62720000000.0,Acrisols / Ferralsols / Red Earth,Rainy,Rainfed,74.5,0.468737881047186,,
Shan,2016,Tea,200540,185048,86732,314946615.9,21.69,570.05,60120000000.0,Acrisols / Ferralsols / Red Earth,Rainy,Rainfed,74.94,0.468700012969607,,
Shan,2017,Tea,200684,185858,85665,304701296.0,21.52,759.17,63340000000.0,Acrisols / Ferralsols / Red Earth,Rainy,Rainfed,77.24,0.460916398540821,,
Shan,2018,Tea,200940,186944,124325,380230690.0,21.16,624.01,67150000000.0,Acrisols / Ferralsols / Red Earth,Rainy,Rainfed,75.68,0.665038728175282,,
Shan,2019,Tea,201599,187935,113114,413574673.8,21.87,584.23,68700000000.0,Acrisols / Ferralsols / Red Earth,Rainy,Rainfed,75.07,0.60187830898981,,
Shan,2020,Tea,202378,188727,92664,391351453.3,21.56,626.15,78930000000.0,Acrisols / Ferralsols / Red Earth,Rainy,Rainfed,75.63,0.490994929183423,,
Shan,2021,Tea,203536,190696,79613,388899650.8,21.67,658.43,65120000000.0,Acrisols / Ferralsols / Red Earth,Rainy,Rainfed,76.0,0.417486470612912,,
Shan,2022,Tea,205119,192870,88595,586761617.0,21.33,803.12,62240000000.0,Acrisols / Ferralsols / Red Earth,Rainy,Rainfed,77.8,0.459350858090942,,
Shan,2023,Tea,206588,193096,84123,586702652.6,22.07,653.29,64800000000.0,Acrisols / Ferralsols / Red Earth,Rainy,Rainfed,75.87,0.435653768073911,,
Ayeyarwady,2012,Tea,0,0,0,243967785.0,27.73,892.99,59920000000.0,Fluvisols / Gleysols / Alluvial,Rainy,Rainfed,77.72,0.0,,
Ayeyarwady,2013,Tea,0,0,0,199816069.0,27.91,705.85,63260000000.0,Fluvisols / Gleysols / Alluvial,Rainy,Rainfed,75.45,0.0,,
Ayeyarwady,2014,Tea,0,0,0,267590796.3,28.21,606.23,67459999999.9999,Fluvisols / Gleysols / Alluvial,Rainy,Rainfed,74.2,0.0,,
Ayeyarwady,2015,Tea,0,0,0,238665203.2,28.19,737.44,62720000000.0,Fluvisols / Gleysols / Alluvial,Rainy,Rainfed,75.78,0.0,,
Ayeyarwady,2016,Tea,0,0,0,314946615.9,28.14,712.5,60120000000.0,Fluvisols / Gleysols / Alluvial,Rainy,Rainfed,75.48,0.0,,
Ayeyarwady,2017,Tea,0,0,0,304701296.0,28.04,819.64,63340000000.0,Fluvisols / Gleysols / Alluvial,Rainy,Rainfed,76.79,0.0,,
Ayeyarwady,2018,Tea,0,0,0,380230690.0,27.76,972.0,67150000000.0,Fluvisols / Gleysols / Alluvial,Rainy,Rainfed,78.67,0.0,,
Ayeyarwady,2019,Tea,0,0,0,413574673.8,28.38,776.06,68700000000.0,Fluvisols / Gleysols / Alluvial,Rainy,Rainfed,76.2,0.0,,
Ayeyarwady,2020,Tea,0,0,0,391351453.3,28.37,575.94,78930000000.0,Fluvisols / Gleysols / Alluvial,Rainy,Rainfed,73.8,0.0,,
Ayeyarwady,2021,Tea,0,0,0,388899650.8,27.92,960.87,65120000000.0,Fluvisols / Gleysols / Alluvial,Rainy,Rainfed,78.5,0.0,,
Ayeyarwady,2022,Tea,0,0,0,586761617.0,27.91,944.56,62240000000.0,Fluvisols / Gleysols / Alluvial,Rainy,Rainfed,78.31,0.0,,
Ayeyarwady,2023,Tea,0,0,0,586702652.6,28.36,837.63,64800000000.0,Fluvisols / Gleysols / Alluvial,Rainy,Rainfed,76.95,0.0,,
Nay Pyi Taw,2012,Tea,1537,340,137,243967785.0,25.41,942.84,59920000000.0,Cambisols / Fluvisols / Loam,Rainy,Rainfed,78.74,0.402941176470588,,
Nay Pyi Taw,2013,Tea,1537,350,141,199816069.0,25.88,775.78,63260000000.0,Cambisols / Fluvisols / Loam,Rainy,Rainfed,76.65,0.402857142857142,,
Nay Pyi Taw,2014,Tea,1537,360,148,267590796.3,26.38,617.16,67459999999.9999,Cambisols / Fluvisols / Loam,Rainy,Rainfed,74.66,0.411111111111111,,
Nay Pyi Taw,2015,Tea,1537,360,148,238665203.2,26.35,678.38,62720000000.0,Cambisols / Fluvisols / Loam,Rainy,Rainfed,75.4,0.411111111111111,,
Nay Pyi Taw,2016,Tea,1537,360,151,314946615.9,26.23,754.74,60120000000.0,Cambisols / Fluvisols / Loam,Rainy,Rainfed,76.34,0.419444444444444,,
Nay Pyi Taw,2017,Tea,1537,360,151,304701296.0,26.08,972.17,63340000000.0,Cambisols / Fluvisols / Loam,Rainy,Rainfed,78.97,0.419444444444444,,
Nay Pyi Taw,2018,Tea,1537,360,151,380230690.0,25.73,812.09,67150000000.0,Cambisols / Fluvisols / Loam,Rainy,Rainfed,77.11,0.419444444444444,,
Nay Pyi Taw,2019,Tea,1537,360,151,413574673.8,26.57,787.91,68700000000.0,Cambisols / Fluvisols / Loam,Rainy,Rainfed,76.67,0.419444444444444,,
Nay Pyi Taw,2020,Tea,1537,950,397,391351453.3,26.28,762.33,78930000000.0,Cambisols / Fluvisols / Loam,Rainy,Rainfed,76.42,0.417894736842105,,
Nay Pyi Taw,2021,Tea,1537,950,397,388899650.8,26.24,851.96,65120000000.0,Cambisols / Fluvisols / Loam,Rainy,Rainfed,77.5,0.417894736842105,,
Nay Pyi Taw,2022,Tea,1537,1100,461,586761617.0,25.96,1027.18,62240000000.0,Cambisols / Fluvisols / Loam,Rainy,Rainfed,79.65,0.419090909090909,,
Nay Pyi Taw,2023,Tea,1537,1100,461,586702652.6,26.62,853.39,64800000000.0,Cambisols / Fluvisols / Loam,Rainy,Rainfed,77.45,0.419090909090909,,
Kachin,2012,Coffee,2106,1701,369,243967785.0,23.38,914.61,59920000000.0,Acrisols / Red-Brown Lateritic,Rainy,Rainfed,78.77,0.216931216931216,,
Kachin,2013,Coffee,2106,1780,387,199816069.0,23.62,939.94,63260000000.0,Acrisols / Red-Brown Lateritic,Rainy,Rainfed,79.03,0.217415730337078,,
Kachin,2014,Coffee,1680,1386,301,267590796.3,24.01,833.48,67459999999.9999,Acrisols / Red-Brown Lateritic,Rainy,Rainfed,77.68,0.217171717171717,,
Kachin,2015,Coffee,1680,1399,304,238665203.2,23.27,1005.47,62720000000.0,Acrisols / Red-Brown Lateritic,Rainy,Rainfed,79.88,0.217298070050035,,
Kachin,2016,Coffee,1680,1494,323,314946615.9,23.17,1224.63,60120000000.0,Acrisols / Red-Brown Lateritic,Rainy,Rainfed,82.52,0.21619812583668,,
Kachin,2017,Coffee,1680,1490,325,304701296.0,23.28,1125.21,63340000000.0,Acrisols / Red-Brown Lateritic,Rainy,Rainfed,81.31,0.218120805369127,,
Kachin,2018,Coffee,1357,1230,268,380230690.0,22.85,1162.0,67150000000.0,Acrisols / Red-Brown Lateritic,Rainy,Rainfed,81.83,0.217886178861788,,
Kachin,2019,Coffee,1363,1275,278,413574673.8,23.49,1042.44,68700000000.0,Acrisols / Red-Brown Lateritic,Rainy,Rainfed,80.28,0.218039215686274,,
Kachin,2020,Coffee,1399,1253,281,391351453.3,22.87,1329.91,78930000000.0,Acrisols / Red-Brown Lateritic,Rainy,Rainfed,83.84,0.224261771747805,,
Kachin,2021,Coffee,1118,1003,224,388899650.8,23.65,1005.31,65120000000.0,Acrisols / Red-Brown Lateritic,Rainy,Rainfed,79.81,0.223330009970089,,
Kachin,2022,Coffee,1121,1008,226,586761617.0,22.99,1256.07,62240000000.0,Acrisols / Red-Brown Lateritic,Rainy,Rainfed,82.93,0.224206349206349,,
Kachin,2023,Coffee,1131,1008,322,586702652.6,23.84,1183.85,64800000000.0,Acrisols / Red-Brown Lateritic,Rainy,Rainfed,81.91,0.319444444444444,,
Kayah,2012,Coffee,1738,864,204,243967785.0,22.51,1604.82,59920000000.0,Luvisols / Red Earth,Rainy,Rainfed,87.21,0.236111111111111,,
Kayah,2013,Coffee,1738,866,205,199816069.0,22.71,1317.07,63260000000.0,Luvisols / Red Earth,Rainy,Rainfed,83.72,0.236720554272517,,
Kayah,2014,Coffee,1738,919,208,267590796.3,23.02,1089.18,67459999999.9999,Luvisols / Red Earth,Rainy,Rainfed,80.93,0.226332970620239,,
Kayah,2015,Coffee,1738,919,208,238665203.2,23.36,1113.03,62720000000.0,Luvisols / Red Earth,Rainy,Rainfed,81.15,0.226332970620239,,
Kayah,2016,Coffee,1740,919,212,314946615.9,23.41,1222.88,60120000000.0,Luvisols / Red Earth,Rainy,Rainfed,82.46,0.230685527747551,,
Kayah,2017,Coffee,736,583,126,304701296.0,23.16,1567.54,63340000000.0,Luvisols / Red Earth,Rainy,Rainfed,86.64,0.216123499142367,,
Kayah,2018,Coffee,743,615,132,380230690.0,22.69,1316.55,67150000000.0,Luvisols / Red Earth,Rainy,Rainfed,83.71,0.214634146341463,,
Kayah,2019,Coffee,709,584,126,413574673.8,23.24,1282.79,68700000000.0,Luvisols / Red Earth,Rainy,Rainfed,83.21,0.215753424657534,,
Kayah,2020,Coffee,709,532,115,391351453.3,23.16,1222.66,78930000000.0,Luvisols / Red Earth,Rainy,Rainfed,82.5,0.216165413533834,,
Kayah,2021,Coffee,709,208,49,388899650.8,23.01,1440.62,65120000000.0,Luvisols / Red Earth,Rainy,Rainfed,85.15,0.235576923076923,,
Kayah,2022,Coffee,709,208,49,586761617.0,22.94,1814.13,62240000000.0,Luvisols / Red Earth,Rainy,Rainfed,89.64,0.235576923076923,,
Kayah,2023,Coffee,709,258,60,586702652.6,23.4,1417.46,64800000000.0,Luvisols / Red Earth,Rainy,Rainfed,84.8,0.232558139534883,,
Kayin,2012,Coffee,9740,4550,1383,243967785.0,26.77,2467.92,59920000000.0,Fluvisols / Gleysols / Alluvial,Rainy,Rainfed,93.0,0.303956043956044,,
Kayin,2013,Coffee,9795,5074,1551,199816069.0,26.67,2022.51,63260000000.0,Fluvisols / Gleysols / Alluvial,Rainy,Rainfed,91.47,0.305675995270003,,
Kayin,2014,Coffee,9795,5705,1736,267590796.3,26.61,1604.54,67459999999.9999,Fluvisols / Gleysols / Alluvial,Rainy,Rainfed,86.46,0.304294478527607,,
Kayin,2015,Coffee,9812,5705,1736,238665203.2,26.97,1981.43,62720000000.0,Fluvisols / Gleysols / Alluvial,Rainy,Rainfed,90.92,0.304294478527607,,
Kayin,2016,Coffee,9812,6667,1845,314946615.9,26.89,1804.66,60120000000.0,Fluvisols / Gleysols / Alluvial,Rainy,Rainfed,88.82,0.27673616319184,,
Kayin,2017,Coffee,9867,7083,1960,304701296.0,26.65,2185.47,63340000000.0,Fluvisols / Gleysols / Alluvial,Rainy,Rainfed,93.0,0.276718904419031,,
Kayin,2018,Coffee,9986,7547,2090,380230690.0,26.73,2484.66,67150000000.0,Fluvisols / Gleysols / Alluvial,Rainy,Rainfed,93.0,0.276931230952696,,
Kayin,2019,Coffee,10029,7551,2092,413574673.8,26.95,2087.25,68700000000.0,Fluvisols / Gleysols / Alluvial,Rainy,Rainfed,92.2,0.277049397430803,,
Kayin,2020,Coffee,10029,7551,2092,391351453.3,27.12,1531.95,78930000000.0,Fluvisols / Gleysols / Alluvial,Rainy,Rainfed,85.5,0.277049397430803,,
Kayin,2021,Coffee,10029,7551,2092,388899650.8,26.67,2969.17,65120000000.0,Fluvisols / Gleysols / Alluvial,Rainy,Rainfed,93.0,0.277049397430803,,
Kayin,2022,Coffee,10029,7551,2092,586761617.0,26.62,2622.64,62240000000.0,Fluvisols / Gleysols / Alluvial,Rainy,Rainfed,93.0,0.277049397430803,,
Kayin,2023,Coffee,10029,7779,2157,586702652.6,26.96,2436.25,64800000000.0,Fluvisols / Gleysols / Alluvial,Rainy,Rainfed,93.0,0.277284998071731,,
Chin,2012,Coffee,557,436,74,243967785.0,22.62,716.7,59920000000.0,Cambisols / Mountainous Soil,Rainy,Rainfed,76.53,0.169724770642201,,
Chin,2013,Coffee,559,448,74,199816069.0,22.48,814.73,63260000000.0,Cambisols / Mountainous Soil,Rainy,Rainfed,77.73,0.165178571428571,,
Chin,2014,Coffee,568,474,87,267590796.3,22.97,716.65,67459999999.9999,Cambisols / Mountainous Soil,Rainy,Rainfed,76.47,0.183544303797468,,
Chin,2015,Coffee,568,477,88,238665203.2,22.61,913.76,62720000000.0,Cambisols / Mountainous Soil,Rainy,Rainfed,78.9,0.184486373165618,,
Chin,2016,Coffee,562,479,89,314946615.9,22.87,965.57,60120000000.0,Cambisols / Mountainous Soil,Rainy,Rainfed,79.47,0.18580375782881,,
Chin,2017,Coffee,568,508,93,304701296.0,22.26,1578.85,63340000000.0,Cambisols / Mountainous Soil,Rainy,Rainfed,86.94,0.183070866141732,,
Chin,2018,Coffee,700,508,93,380230690.0,21.95,1160.88,67150000000.0,Cambisols / Mountainous Soil,Rainy,Rainfed,81.98,0.183070866141732,,
Chin,2019,Coffee,774,539,108,413574673.8,22.53,1254.78,68700000000.0,Cambisols / Mountainous Soil,Rainy,Rainfed,83.0,0.200371057513914,,
Chin,2020,Coffee,1016,644,127,391351453.3,22.26,1038.88,78930000000.0,Cambisols / Mountainous Soil,Rainy,Rainfed,80.46,0.197204968944099,,
Chin,2021,Coffee,707,235,50,388899650.8,22.92,753.21,65120000000.0,Cambisols / Mountainous Soil,Rainy,Rainfed,76.91,0.212765957446808,,
Chin,2022,Coffee,697,273,56,586761617.0,22.64,714.38,62240000000.0,Cambisols / Mountainous Soil,Rainy,Rainfed,76.5,0.205128205128205,,
Chin,2023,Coffee,1038,511,124,586702652.6,23.13,770.15,64800000000.0,Cambisols / Mountainous Soil,Rainy,Rainfed,77.08,0.2426614481409,,
Sagaing,2012,Coffee,562,477,146,243967785.0,28.48,302.6,59920000000.0,Luvisols / Cambisols / Savanna,Rainy,Rainfed,70.5,0.30607966457023,,
Sagaing,2013,Coffee,563,491,151,199816069.0,28.47,362.75,63260000000.0,Luvisols / Cambisols / Savanna,Rainy,Rainfed,71.23,0.307535641547861,,
Sagaing,2014,Coffee,572,501,158,267590796.3,29.02,272.71,67459999999.9999,Luvisols / Cambisols / Savanna,Rainy,Rainfed,70.05,0.315369261477045,,
Sagaing,2015,Coffee,572,508,161,238665203.2,28.54,378.91,62720000000.0,Luvisols / Cambisols / Savanna,Rainy,Rainfed,71.41,0.316929133858267,,
Sagaing,2016,Coffee,586,586,185,314946615.9,28.61,466.45,60120000000.0,Luvisols / Cambisols / Savanna,Rainy,Rainfed,72.45,0.315699658703071,,
Sagaing,2017,Coffee,586,534,169,304701296.0,28.07,637.58,63340000000.0,Luvisols / Cambisols / Savanna,Rainy,Rainfed,74.6,0.316479400749063,,
Sagaing,2018,Coffee,596,542,171,380230690.0,27.88,475.8,67150000000.0,Luvisols / Cambisols / Savanna,Rainy,Rainfed,72.69,0.315498154981549,,
Sagaing,2019,Coffee,669,547,172,413574673.8,28.67,477.22,68700000000.0,Luvisols / Cambisols / Savanna,Rainy,Rainfed,72.57,0.314442413162705,,
Sagaing,2020,Coffee,678,567,181,391351453.3,28.0,552.96,78930000000.0,Luvisols / Cambisols / Savanna,Rainy,Rainfed,73.6,0.319223985890652,,
Sagaing,2021,Coffee,622,522,161,388899650.8,29.14,338.14,65120000000.0,Luvisols / Cambisols / Savanna,Rainy,Rainfed,70.81,0.308429118773946,,
Sagaing,2022,Coffee,572,452,156,586761617.0,28.78,375.7,62240000000.0,Luvisols / Cambisols / Savanna,Rainy,Rainfed,71.33,0.345132743362831,,
Sagaing,2023,Coffee,575,452,156,586702652.6,29.19,387.79,64800000000.0,Luvisols / Cambisols / Savanna,Rainy,Rainfed,71.4,0.345132743362831,,
Tanintharyi,2012,Coffee,126,37,6,243967785.0,26.24,2388.49,59920000000.0,Ferralsols / Plinthosols / Lateritic,Rainy,Rainfed,93.0,0.162162162162162,,
Tanintharyi,2013,Coffee,176,42,11,199816069.0,25.94,2304.57,63260000000.0,Ferralsols / Plinthosols / Lateritic,Rainy,Rainfed,93.0,0.261904761904761,,
Tanintharyi,2014,Coffee,279,42,11,267590796.3,25.99,1706.05,67459999999.9999,Ferralsols / Plinthosols / Lateritic,Rainy,Rainfed,87.79,0.261904761904761,,
Tanintharyi,2015,Coffee,279,42,11,238665203.2,26.43,1914.37,62720000000.0,Ferralsols / Plinthosols / Lateritic,Rainy,Rainfed,90.22,0.261904761904761,,
Tanintharyi,2016,Coffee,279,42,11,314946615.9,26.3,1870.73,60120000000.0,Ferralsols / Plinthosols / Lateritic,Rainy,Rainfed,89.71,0.261904761904761,,
Tanintharyi,2017,Coffee,279,59,14,304701296.0,26.08,2485.72,63340000000.0,Ferralsols / Plinthosols / Lateritic,Rainy,Rainfed,93.0,0.23728813559322,,
Tanintharyi,2018,Coffee,538,78,25,380230690.0,26.23,2273.98,67150000000.0,Ferralsols / Plinthosols / Lateritic,Rainy,Rainfed,93.0,0.32051282051282,,
Tanintharyi,2019,Coffee,592,119,41,413574673.8,26.44,1846.93,68700000000.0,Ferralsols / Plinthosols / Lateritic,Rainy,Rainfed,89.4,0.34453781512605,,
Tanintharyi,2020,Coffee,763,164,52,391351453.3,26.42,2375.71,78930000000.0,Ferralsols / Plinthosols / Lateritic,Rainy,Rainfed,93.0,0.317073170731707,,
Tanintharyi,2021,Coffee,867,156,46,388899650.8,25.97,2896.94,65120000000.0,Ferralsols / Plinthosols / Lateritic,Rainy,Rainfed,93.0,0.294871794871794,,
Tanintharyi,2022,Coffee,949,187,45,586761617.0,26.08,2726.62,62240000000.0,Ferralsols / Plinthosols / Lateritic,Rainy,Rainfed,93.0,0.240641711229946,,
Tanintharyi,2023,Coffee,1148,290,70,586702652.6,26.46,2318.19,64800000000.0,Ferralsols / Plinthosols / Lateritic,Rainy,Rainfed,93.0,0.241379310344827,,
Bago,2012,Coffee,1358,643,190,243967785.0,27.33,1519.25,59920000000.0,Fluvisols / Gleysols / Alluvial,Rainy,Rainfed,85.31,0.295489891135303,,
Bago,2013,Coffee,1358,105,28,199816069.0,27.57,1187.91,63260000000.0,Fluvisols / Gleysols / Alluvial,Rainy,Rainfed,81.29,0.266666666666666,,
Bago,2014,Coffee,631,105,28,267590796.3,27.57,1054.41,67459999999.9999,Fluvisols / Gleysols / Alluvial,Rainy,Rainfed,79.69,0.266666666666666,,
Bago,2015,Coffee,631,105,28,238665203.2,27.77,1256.33,62720000000.0,Fluvisols / Gleysols / Alluvial,Rainy,Rainfed,82.08,0.266666666666666,,
Bago,2016,Coffee,111,105,28,314946615.9,27.71,1212.7,60120000000.0,Fluvisols / Gleysols / Alluvial,Rainy,Rainfed,81.56,0.266666666666666,,
Bago,2017,Coffee,111,65,16,304701296.0,27.49,1498.81,63340000000.0,Fluvisols / Gleysols / Alluvial,Rainy,Rainfed,85.04,0.246153846153846,,
Bago,2018,Coffee,111,65,16,380230690.0,27.43,1690.27,67150000000.0,Fluvisols / Gleysols / Alluvial,Rainy,Rainfed,87.35,0.246153846153846,,
Bago,2019,Coffee,111,70,17,413574673.8,28.09,1236.72,68700000000.0,Fluvisols / Gleysols / Alluvial,Rainy,Rainfed,81.78,0.242857142857142,,
Bago,2020,Coffee,111,70,17,391351453.3,28.01,1004.02,78930000000.0,Fluvisols / Gleysols / Alluvial,Rainy,Rainfed,79.01,0.242857142857142,,
Bago,2021,Coffee,66,25,8,388899650.8,27.31,1749.84,65120000000.0,Fluvisols / Gleysols / Alluvial,Rainy,Rainfed,88.08,0.32,,
Bago,2022,Coffee,123,7,2,586761617.0,27.34,1789.55,62240000000.0,Fluvisols / Gleysols / Alluvial,Rainy,Rainfed,88.55,0.285714285714285,,
Bago,2023,Coffee,185,7,2,586702652.6,28.01,1574.66,64800000000.0,Fluvisols / Gleysols / Alluvial,Rainy,Rainfed,85.85,0.285714285714285,,
Magway,2012,Coffee,663,137,13,243967785.0,26.79,898.02,59920000000.0,Regosols / Luvisols / Sandy Savanna,Rainy,Rainfed,77.95,0.0948905109489051,,
Magway,2013,Coffee,703,137,13,199816069.0,26.96,878.15,63260000000.0,Regosols / Luvisols / Sandy Savanna,Rainy,Rainfed,77.68,0.0948905109489051,,
Magway,2014,Coffee,987,137,13,267590796.3,27.42,770.86,67459999999.9999,Regosols / Luvisols / Sandy Savanna,Rainy,Rainfed,76.31,0.0948905109489051,,
Magway,2015,Coffee,987,137,13,238665203.2,27.31,734.05,62720000000.0,Regosols / Luvisols / Sandy Savanna,Rainy,Rainfed,75.89,0.0948905109489051,,
Magway,2016,Coffee,987,168,14,314946615.9,27.18,941.74,60120000000.0,Regosols / Luvisols / Sandy Savanna,Rainy,Rainfed,78.41,0.0833333333333333,,
Magway,2017,Coffee,987,303,21,304701296.0,27.02,1107.58,63340000000.0,Regosols / Luvisols / Sandy Savanna,Rainy,Rainfed,80.43,0.0693069306930693,,
Magway,2018,Coffee,987,433,30,380230690.0,26.75,839.14,67150000000.0,Regosols / Luvisols / Sandy Savanna,Rainy,Rainfed,77.25,0.069284064665127,,
Magway,2019,Coffee,1393,621,44,413574673.8,27.7,769.91,68700000000.0,Regosols / Luvisols / Sandy Savanna,Rainy,Rainfed,76.25,0.0708534621578099,,
Magway,2020,Coffee,1415,656,47,391351453.3,27.15,822.19,78930000000.0,Regosols / Luvisols / Sandy Savanna,Rainy,Rainfed,76.98,0.0716463414634146,,
Magway,2021,Coffee,1440,698,51,388899650.8,27.77,689.55,65120000000.0,Regosols / Luvisols / Sandy Savanna,Rainy,Rainfed,75.28,0.0730659025787965,,
Magway,2022,Coffee,1463,996,71,586761617.0,27.6,729.42,62240000000.0,Regosols / Luvisols / Sandy Savanna,Rainy,Rainfed,75.79,0.071285140562249,,
Magway,2023,Coffee,1553,1099,87,586702652.6,28.03,696.9,64800000000.0,Regosols / Luvisols / Sandy Savanna,Rainy,Rainfed,75.32,0.0791628753412193,,
Mandalay,2012,Coffee,4906,2896,638,243967785.0,27.22,338.39,59920000000.0,Luvisols / Cambisols / Savanna,Rainy,Rainfed,71.16,0.220303867403314,,
Mandalay,2013,Coffee,4906,2283,515,199816069.0,27.39,350.66,63260000000.0,Luvisols / Cambisols / Savanna,Rainy,Rainfed,71.28,0.225580376697328,,
Mandalay,2014,Coffee,4851,2283,516,267590796.3,27.89,270.44,67459999999.9999,Luvisols / Cambisols / Savanna,Rainy,Rainfed,70.23,0.226018396846254,,
Mandalay,2015,Coffee,4851,2283,516,238665203.2,27.41,376.48,62720000000.0,Luvisols / Cambisols / Savanna,Rainy,Rainfed,71.58,0.226018396846254,,
Mandalay,2016,Coffee,5832,2311,523,314946615.9,27.59,376.98,60120000000.0,Luvisols / Cambisols / Savanna,Rainy,Rainfed,71.56,0.226308957161401,,
Mandalay,2017,Coffee,5832,2382,541,304701296.0,27.37,461.76,63340000000.0,Luvisols / Cambisols / Savanna,Rainy,Rainfed,72.61,0.227120067170445,,
Mandalay,2018,Coffee,5844,2385,543,380230690.0,27.03,394.62,67150000000.0,Luvisols / Cambisols / Savanna,Rainy,Rainfed,71.87,0.227672955974842,,
Mandalay,2019,Coffee,5845,2385,541,413574673.8,27.69,414.37,68700000000.0,Luvisols / Cambisols / Savanna,Rainy,Rainfed,71.99,0.226834381551362,,
Mandalay,2020,Coffee,5866,2386,543,391351453.3,27.18,470.39,78930000000.0,Luvisols / Cambisols / Savanna,Rainy,Rainfed,72.75,0.227577535624476,,
Mandalay,2021,Coffee,5866,2387,541,388899650.8,27.8,383.44,65120000000.0,Luvisols / Cambisols / Savanna,Rainy,Rainfed,71.6,0.226644323418516,,
Mandalay,2022,Coffee,10741,2387,560,586761617.0,27.53,425.89,62240000000.0,Luvisols / Cambisols / Savanna,Rainy,Rainfed,72.16,0.234604105571847,,
Mandalay,2023,Coffee,10953,2404,565,586702652.6,28.02,431.5,64800000000.0,Luvisols / Cambisols / Savanna,Rainy,Rainfed,72.13,0.235024958402662,,
Mon,2012,Coffee,69,0,0,243967785.0,27.89,2936.46,59920000000.0,Ferralsols / Gleysols / Lateritic,Rainy,Rainfed,93.0,0.0,,
Mon,2013,Coffee,0,0,0,199816069.0,27.75,2472.26,63260000000.0,Ferralsols / Gleysols / Lateritic,Rainy,Rainfed,93.0,0.0,,
Mon,2014,Coffee,0,0,0,267590796.3,27.71,1805.43,67459999999.9999,Ferralsols / Gleysols / Lateritic,Rainy,Rainfed,88.68,0.0,,
Mon,2015,Coffee,0,0,0,238665203.2,27.96,2500.08,62720000000.0,Ferralsols / Gleysols / Lateritic,Rainy,Rainfed,93.0,0.0,,
Mon,2016,Coffee,0,0,0,314946615.9,27.84,2247.31,60120000000.0,Ferralsols / Gleysols / Lateritic,Rainy,Rainfed,93.0,0.0,,
Mon,2017,Coffee,0,0,0,304701296.0,27.68,2729.02,63340000000.0,Ferralsols / Gleysols / Lateritic,Rainy,Rainfed,93.0,0.0,,
Mon,2018,Coffee,0,0,0,380230690.0,27.86,3263.34,67150000000.0,Ferralsols / Gleysols / Lateritic,Rainy,Rainfed,93.0,0.0,,
Mon,2019,Coffee,0,0,0,413574673.8,28.11,2717.71,68700000000.0,Ferralsols / Gleysols / Lateritic,Rainy,Rainfed,93.0,0.0,,
Mon,2020,Coffee,0,0,0,391351453.3,28.13,1897.4,78930000000.0,Ferralsols / Gleysols / Lateritic,Rainy,Rainfed,89.71,0.0,,
Mon,2021,Coffee,2,0,0,388899650.8,27.71,3711.2,65120000000.0,Ferralsols / Gleysols / Lateritic,Rainy,Rainfed,93.0,0.0,,
Mon,2022,Coffee,4,0,0,586761617.0,27.71,3270.72,62240000000.0,Ferralsols / Gleysols / Lateritic,Rainy,Rainfed,93.0,0.0,,
Mon,2023,Coffee,6,0,0,586702652.6,28.09,3075.98,64800000000.0,Ferralsols / Gleysols / Lateritic,Rainy,Rainfed,93.0,0.0,,
Rakhine,2012,Coffee,0,0,0,243967785.0,26.54,2984.69,59920000000.0,Gleysols / Alluvial / Mountainous,Rainy,Rainfed,93.0,0.0,,
Rakhine,2013,Coffee,0,0,0,199816069.0,26.5,3116.99,63260000000.0,Gleysols / Alluvial / Mountainous,Rainy,Rainfed,93.0,0.0,,
Rakhine,2014,Coffee,0,0,0,267590796.3,26.74,2952.75,67459999999.9999,Gleysols / Alluvial / Mountainous,Rainy,Rainfed,93.0,0.0,,
Rakhine,2015,Coffee,0,0,0,238665203.2,26.5,8475.24,62720000000.0,Gleysols / Alluvial / Mountainous,Rainy,Rainfed,93.0,0.0,,
Rakhine,2016,Coffee,0,0,0,314946615.9,26.76,10036.74,60120000000.0,Gleysols / Alluvial / Mountainous,Rainy,Rainfed,93.0,0.0,,
Rakhine,2017,Coffee,0,0,0,304701296.0,26.66,7844.64,63340000000.0,Gleysols / Alluvial / Mountainous,Rainy,Rainfed,93.0,0.0,,
Rakhine,2018,Coffee,0,0,0,380230690.0,26.17,7927.61,67150000000.0,Gleysols / Alluvial / Mountainous,Rainy,Rainfed,93.0,0.0,,
Rakhine,2019,Coffee,0,0,0,413574673.8,26.66,8062.73,68700000000.0,Gleysols / Alluvial / Mountainous,Rainy,Rainfed,93.0,0.0,,
Rakhine,2020,Coffee,0,0,0,391351453.3,26.49,7855.92,78930000000.0,Gleysols / Alluvial / Mountainous,Rainy,Rainfed,93.0,0.0,,
Rakhine,2021,Coffee,0,0,0,388899650.8,26.93,5291.74,65120000000.0,Gleysols / Alluvial / Mountainous,Rainy,Rainfed,93.0,0.0,,
Rakhine,2022,Coffee,19,0,0,586761617.0,26.66,5117.41,62240000000.0,Gleysols / Alluvial / Mountainous,Rainy,Rainfed,93.0,0.0,,
Rakhine,2023,Coffee,19,0,0,586702652.6,26.9,5823.68,64800000000.0,Gleysols / Alluvial / Mountainous,Rainy,Rainfed,93.0,0.0,,
Yangon,2012,Coffee,0,0,0,243967785.0,27.5,1871.61,59920000000.0,Fluvisols / Gleysols / Alluvial,Rainy,Rainfed,89.51,0.0,,
Yangon,2013,Coffee,0,0,0,199816069.0,27.61,1492.96,63260000000.0,Fluvisols / Gleysols / Alluvial,Rainy,Rainfed,84.95,0.0,,
Yangon,2014,Coffee,0,0,0,267590796.3,27.67,1241.48,67459999999.9999,Fluvisols / Gleysols / Alluvial,Rainy,Rainfed,81.92,0.0,,
Yangon,2015,Coffee,0,0,0,238665203.2,27.86,1676.99,62720000000.0,Fluvisols / Gleysols / Alluvial,Rainy,Rainfed,87.11,0.0,,
Yangon,2016,Coffee,0,0,0,314946615.9,27.8,1521.79,60120000000.0,Fluvisols / Gleysols / Alluvial,Rainy,Rainfed,85.26,0.0,,
Yangon,2017,Coffee,0,0,0,304701296.0,27.54,1863.36,63340000000.0,Fluvisols / Gleysols / Alluvial,Rainy,Rainfed,89.4,0.0,,
Yangon,2018,Coffee,0,0,0,380230690.0,27.53,2226.31,67150000000.0,Fluvisols / Gleysols / Alluvial,Rainy,Rainfed,93.0,0.0,,
Yangon,2019,Coffee,0,0,0,413574673.8,28.09,1694.52,68700000000.0,Fluvisols / Gleysols / Alluvial,Rainy,Rainfed,87.28,0.0,,
Yangon,2020,Coffee,0,0,0,391351453.3,28.05,1262.54,78930000000.0,Fluvisols / Gleysols / Alluvial,Rainy,Rainfed,82.1,0.0,,
Yangon,2021,Coffee,0,0,0,388899650.8,27.4,2360.45,65120000000.0,Fluvisols / Gleysols / Alluvial,Rainy,Rainfed,93.0,0.0,,
Yangon,2022,Coffee,0,0,0,586761617.0,27.36,2242.28,62240000000.0,Fluvisols / Gleysols / Alluvial,Rainy,Rainfed,93.0,0.0,,
Yangon,2023,Coffee,0,0,0,586702652.6,28.02,2034.25,64800000000.0,Fluvisols / Gleysols / Alluvial,Rainy,Rainfed,91.37,0.0,,
Shan,2012,Coffee,27741,16743,4937,243967785.0,21.06,671.3,59920000000.0,Acrisols / Ferralsols / Red Earth,Rainy,Rainfed,76.26,0.294869497700531,,
Shan,2013,Coffee,27849,17054,5131,199816069.0,21.38,594.52,63260000000.0,Acrisols / Ferralsols / Red Earth,Rainy,Rainfed,75.29,0.300867831593761,,
Shan,2014,Coffee,27604,17283,5223,267590796.3,21.82,438.2,67459999999.9999,Acrisols / Ferralsols / Red Earth,Rainy,Rainfed,73.33,0.302204478389168,,
Shan,2015,Coffee,27635,17057,5163,238665203.2,21.68,533.62,62720000000.0,Acrisols / Ferralsols / Red Earth,Rainy,Rainfed,74.5,0.302690977311367,,
Shan,2016,Coffee,27452,17077,5174,314946615.9,21.69,570.05,60120000000.0,Acrisols / Ferralsols / Red Earth,Rainy,Rainfed,74.94,0.302980617204427,,
Shan,2017,Coffee,27536,17224,5212,304701296.0,21.52,759.17,63340000000.0,Acrisols / Ferralsols / Red Earth,Rainy,Rainfed,77.24,0.302601021830004,,
Shan,2018,Coffee,27726,17328,5238,380230690.0,21.16,624.01,67150000000.0,Acrisols / Ferralsols / Red Earth,Rainy,Rainfed,75.68,0.302285318559556,,
Shan,2019,Coffee,27499,17474,5279,413574673.8,21.87,584.23,68700000000.0,Acrisols / Ferralsols / Red Earth,Rainy,Rainfed,75.07,0.302105986036396,,
Shan,2020,Coffee,27537,17414,5347,391351453.3,21.56,626.15,78930000000.0,Acrisols / Ferralsols / Red Earth,Rainy,Rainfed,75.63,0.307051797404387,,
Shan,2021,Coffee,27101,17167,5394,388899650.8,21.67,658.43,65120000000.0,Acrisols / Ferralsols / Red Earth,Rainy,Rainfed,76.0,0.314207491116677,,
Shan,2022,Coffee,26681,16360,5098,586761617.0,21.33,803.12,62240000000.0,Acrisols / Ferralsols / Red Earth,Rainy,Rainfed,77.8,0.31161369193154,,
Shan,2023,Coffee,27806,17235,5325,586702652.6,22.07,653.29,64800000000.0,Acrisols / Ferralsols / Red Earth,Rainy,Rainfed,75.87,0.308964316797215,,
Ayeyarwady,2012,Coffee,75,0,0,243967785.0,27.73,892.99,59920000000.0,Fluvisols / Gleysols / Alluvial,Rainy,Rainfed,77.72,0.0,,
Ayeyarwady,2013,Coffee,75,0,0,199816069.0,27.91,705.85,63260000000.0,Fluvisols / Gleysols / Alluvial,Rainy,Rainfed,75.45,0.0,,
Ayeyarwady,2014,Coffee,75,0,0,267590796.3,28.21,606.23,67459999999.9999,Fluvisols / Gleysols / Alluvial,Rainy,Rainfed,74.2,0.0,,
Ayeyarwady,2015,Coffee,43,0,0,238665203.2,28.19,737.44,62720000000.0,Fluvisols / Gleysols / Alluvial,Rainy,Rainfed,75.78,0.0,,
Ayeyarwady,2016,Coffee,0,0,0,314946615.9,28.14,712.5,60120000000.0,Fluvisols / Gleysols / Alluvial,Rainy,Rainfed,75.48,0.0,,
Ayeyarwady,2017,Coffee,0,0,0,304701296.0,28.04,819.64,63340000000.0,Fluvisols / Gleysols / Alluvial,Rainy,Rainfed,76.79,0.0,,
Ayeyarwady,2018,Coffee,310,0,0,380230690.0,27.76,972.0,67150000000.0,Fluvisols / Gleysols / Alluvial,Rainy,Rainfed,78.67,0.0,,
Ayeyarwady,2019,Coffee,310,0,0,413574673.8,28.38,776.06,68700000000.0,Fluvisols / Gleysols / Alluvial,Rainy,Rainfed,76.2,0.0,,
Ayeyarwady,2020,Coffee,310,310,31,391351453.3,28.37,575.94,78930000000.0,Fluvisols / Gleysols / Alluvial,Rainy,Rainfed,73.8,0.1,,
Ayeyarwady,2021,Coffee,310,310,92,388899650.8,27.92,960.87,65120000000.0,Fluvisols / Gleysols / Alluvial,Rainy,Rainfed,78.5,0.296774193548387,,
Ayeyarwady,2022,Coffee,310,310,128,586761617.0,27.91,944.56,62240000000.0,Fluvisols / Gleysols / Alluvial,Rainy,Rainfed,78.31,0.412903225806451,,
Ayeyarwady,2023,Coffee,1163,310,104,586702652.6,28.36,837.63,64800000000.0,Fluvisols / Gleysols / Alluvial,Rainy,Rainfed,76.95,0.335483870967741,,
Nay Pyi Taw,2012,Coffee,253,253,45,243967785.0,25.41,942.84,59920000000.0,Cambisols / Fluvisols / Loam,Rainy,Rainfed,78.74,0.177865612648221,,
Nay Pyi Taw,2013,Coffee,270,270,48,199816069.0,25.88,775.78,63260000000.0,Cambisols / Fluvisols / Loam,Rainy,Rainfed,76.65,0.177777777777777,,
Nay Pyi Taw,2014,Coffee,396,396,70,267590796.3,26.38,617.16,67459999999.9999,Cambisols / Fluvisols / Loam,Rainy,Rainfed,74.66,0.176767676767676,,
Nay Pyi Taw,2015,Coffee,396,396,70,238665203.2,26.35,678.38,62720000000.0,Cambisols / Fluvisols / Loam,Rainy,Rainfed,75.4,0.176767676767676,,
Nay Pyi Taw,2016,Coffee,396,396,71,314946615.9,26.23,754.74,60120000000.0,Cambisols / Fluvisols / Loam,Rainy,Rainfed,76.34,0.179292929292929,,
Nay Pyi Taw,2017,Coffee,396,396,71,304701296.0,26.08,972.17,63340000000.0,Cambisols / Fluvisols / Loam,Rainy,Rainfed,78.97,0.179292929292929,,
Nay Pyi Taw,2018,Coffee,396,396,71,380230690.0,25.73,812.09,67150000000.0,Cambisols / Fluvisols / Loam,Rainy,Rainfed,77.11,0.179292929292929,,
Nay Pyi Taw,2019,Coffee,415,396,71,413574673.8,26.57,787.91,68700000000.0,Cambisols / Fluvisols / Loam,Rainy,Rainfed,76.67,0.179292929292929,,
Nay Pyi Taw,2020,Coffee,415,415,75,391351453.3,26.28,762.33,78930000000.0,Cambisols / Fluvisols / Loam,Rainy,Rainfed,76.42,0.180722891566265,,
Nay Pyi Taw,2021,Coffee,415,415,75,388899650.8,26.24,851.96,65120000000.0,Cambisols / Fluvisols / Loam,Rainy,Rainfed,77.5,0.180722891566265,,
Nay Pyi Taw,2022,Coffee,424,415,75,586761617.0,25.96,1027.18,62240000000.0,Cambisols / Fluvisols / Loam,Rainy,Rainfed,79.65,0.180722891566265,,
Nay Pyi Taw,2023,Coffee,424,415,75,586702652.6,26.62,853.39,64800000000.0,Cambisols / Fluvisols / Loam,Rainy,Rainfed,77.45,0.180722891566265,,
Kachin,2012,Sugarcane,5242,5242,126084,243967785.0,23.38,914.61,59920000000.0,Acrisols / Red-Brown Lateritic,Rainy,Rainfed,78.77,24.0526516596718,,
Kachin,2013,Sugarcane,4024,4024,103267,199816069.0,23.62,939.94,63260000000.0,Acrisols / Red-Brown Lateritic,Rainy,Rainfed,79.03,25.6627733598409,,
Kachin,2014,Sugarcane,3602,3602,95605,267590796.3,24.01,833.48,67459999999.9999,Acrisols / Red-Brown Lateritic,Rainy,Rainfed,77.68,26.5421987784564,,
Kachin,2015,Sugarcane,3413,3413,91482,238665203.2,23.27,1005.47,62720000000.0,Acrisols / Red-Brown Lateritic,Rainy,Rainfed,79.88,26.8039847641371,,
Kachin,2016,Sugarcane,3230,3230,89156,314946615.9,23.17,1224.63,60120000000.0,Acrisols / Red-Brown Lateritic,Rainy,Rainfed,82.52,27.6024767801857,,
Kachin,2017,Sugarcane,3342,3342,92344,304701296.0,23.28,1125.21,63340000000.0,Acrisols / Red-Brown Lateritic,Rainy,Rainfed,81.31,27.6313584679832,,
Kachin,2018,Sugarcane,3337,3337,92078,380230690.0,22.85,1162.0,67150000000.0,Acrisols / Red-Brown Lateritic,Rainy,Rainfed,81.83,27.5930476475876,,
Kachin,2019,Sugarcane,4262,4262,124862,413574673.8,23.49,1042.44,68700000000.0,Acrisols / Red-Brown Lateritic,Rainy,Rainfed,80.28,29.2965743782261,,
Kachin,2020,Sugarcane,6731,6731,205215,391351453.3,22.87,1329.91,78930000000.0,Acrisols / Red-Brown Lateritic,Rainy,Rainfed,83.84,30.488040410043,,
Kachin,2021,Sugarcane,6775,6775,202818,388899650.8,23.65,1005.31,65120000000.0,Acrisols / Red-Brown Lateritic,Rainy,Rainfed,79.81,29.9362361623616,,
Kachin,2022,Sugarcane,6805,6805,193268,586761617.0,22.99,1256.07,62240000000.0,Acrisols / Red-Brown Lateritic,Rainy,Rainfed,82.93,28.4008817046289,,
Kachin,2023,Sugarcane,6844,6844,195538,586702652.6,23.84,1183.85,64800000000.0,Acrisols / Red-Brown Lateritic,Rainy,Rainfed,81.91,28.5707188778492,,
Kayah,2012,Sugarcane,0,0,0,243967785.0,22.51,1604.82,59920000000.0,Luvisols / Red Earth,Rainy,Rainfed,87.21,0.0,,
Kayah,2013,Sugarcane,0,0,0,199816069.0,22.71,1317.07,63260000000.0,Luvisols / Red Earth,Rainy,Rainfed,83.72,0.0,,
Kayah,2014,Sugarcane,0,0,0,267590796.3,23.02,1089.18,67459999999.9999,Luvisols / Red Earth,Rainy,Rainfed,80.93,0.0,,
Kayah,2015,Sugarcane,0,0,0,238665203.2,23.36,1113.03,62720000000.0,Luvisols / Red Earth,Rainy,Rainfed,81.15,0.0,,
Kayah,2016,Sugarcane,0,0,0,314946615.9,23.41,1222.88,60120000000.0,Luvisols / Red Earth,Rainy,Rainfed,82.46,0.0,,
Kayah,2017,Sugarcane,0,0,0,304701296.0,23.16,1567.54,63340000000.0,Luvisols / Red Earth,Rainy,Rainfed,86.64,0.0,,
Kayah,2018,Sugarcane,0,0,0,380230690.0,22.69,1316.55,67150000000.0,Luvisols / Red Earth,Rainy,Rainfed,83.71,0.0,,
Kayah,2019,Sugarcane,0,0,0,413574673.8,23.24,1282.79,68700000000.0,Luvisols / Red Earth,Rainy,Rainfed,83.21,0.0,,
Kayah,2020,Sugarcane,0,0,0,391351453.3,23.16,1222.66,78930000000.0,Luvisols / Red Earth,Rainy,Rainfed,82.5,0.0,,
Kayah,2021,Sugarcane,0,0,0,388899650.8,23.01,1440.62,65120000000.0,Luvisols / Red Earth,Rainy,Rainfed,85.15,0.0,,
Kayah,2022,Sugarcane,0,0,0,586761617.0,22.94,1814.13,62240000000.0,Luvisols / Red Earth,Rainy,Rainfed,89.64,0.0,,
Kayah,2023,Sugarcane,0,0,0,586702652.6,23.4,1417.46,64800000000.0,Luvisols / Red Earth,Rainy,Rainfed,84.8,0.0,,
Kayin,2012,Sugarcane,7955,7945,186658,243967785.0,26.77,2467.92,59920000000.0,Fluvisols / Gleysols / Alluvial,Rainy,Rainfed,93.0,23.4937696664568,,
Kayin,2013,Sugarcane,8021,8021,193755,199816069.0,26.67,2022.51,63260000000.0,Fluvisols / Gleysols / Alluvial,Rainy,Rainfed,91.47,24.1559655903253,,
Kayin,2014,Sugarcane,8187,8187,197920,267590796.3,26.61,1604.54,67459999999.9999,Fluvisols / Gleysols / Alluvial,Rainy,Rainfed,86.46,24.1749114449737,,
Kayin,2015,Sugarcane,8189,8156,197508,238665203.2,26.97,1981.43,62720000000.0,Fluvisols / Gleysols / Alluvial,Rainy,Rainfed,90.92,24.2162824914173,,
Kayin,2016,Sugarcane,8145,8145,195374,314946615.9,26.89,1804.66,60120000000.0,Fluvisols / Gleysols / Alluvial,Rainy,Rainfed,88.82,23.9869858809085,,
Kayin,2017,Sugarcane,6233,6233,151865,304701296.0,26.65,2185.47,63340000000.0,Fluvisols / Gleysols / Alluvial,Rainy,Rainfed,93.0,24.3646719075886,,
Kayin,2018,Sugarcane,6233,6103,147990,380230690.0,26.73,2484.66,67150000000.0,Fluvisols / Gleysols / Alluvial,Rainy,Rainfed,93.0,24.2487301327216,,
Kayin,2019,Sugarcane,6143,6143,150534,413574673.8,26.95,2087.25,68700000000.0,Fluvisols / Gleysols / Alluvial,Rainy,Rainfed,92.2,24.5049650008139,,
Kayin,2020,Sugarcane,5952,5952,147277,391351453.3,27.12,1531.95,78930000000.0,Fluvisols / Gleysols / Alluvial,Rainy,Rainfed,85.5,24.7441196236559,,
Kayin,2021,Sugarcane,5952,5952,146643,388899650.8,26.67,2969.17,65120000000.0,Fluvisols / Gleysols / Alluvial,Rainy,Rainfed,93.0,24.6376008064516,,
Kayin,2022,Sugarcane,5952,5952,146918,586761617.0,26.62,2622.64,62240000000.0,Fluvisols / Gleysols / Alluvial,Rainy,Rainfed,93.0,24.6838037634408,,
Kayin,2023,Sugarcane,5948,5948,146499,586702652.6,26.96,2436.25,64800000000.0,Fluvisols / Gleysols / Alluvial,Rainy,Rainfed,93.0,24.6299596503026,,
Chin,2012,Sugarcane,672,672,6455,243967785.0,22.62,716.7,59920000000.0,Cambisols / Mountainous Soil,Rainy,Rainfed,76.53,9.60565476190476,,
Chin,2013,Sugarcane,581,581,5532,199816069.0,22.48,814.73,63260000000.0,Cambisols / Mountainous Soil,Rainy,Rainfed,77.73,9.52151462994836,,
Chin,2014,Sugarcane,565,565,5508,267590796.3,22.97,716.65,67459999999.9999,Cambisols / Mountainous Soil,Rainy,Rainfed,76.47,9.74867256637168,,
Chin,2015,Sugarcane,551,550,5349,238665203.2,22.61,913.76,62720000000.0,Cambisols / Mountainous Soil,Rainy,Rainfed,78.9,9.72545454545454,,
Chin,2016,Sugarcane,486,486,4656,314946615.9,22.87,965.57,60120000000.0,Cambisols / Mountainous Soil,Rainy,Rainfed,79.47,9.58024691358024,,
Chin,2017,Sugarcane,457,457,4321,304701296.0,22.26,1578.85,63340000000.0,Cambisols / Mountainous Soil,Rainy,Rainfed,86.94,9.45514223194748,,
Chin,2018,Sugarcane,382,382,3646,380230690.0,21.95,1160.88,67150000000.0,Cambisols / Mountainous Soil,Rainy,Rainfed,81.98,9.54450261780104,,
Chin,2019,Sugarcane,326,326,3187,413574673.8,22.53,1254.78,68700000000.0,Cambisols / Mountainous Soil,Rainy,Rainfed,83.0,9.7760736196319,,
Chin,2020,Sugarcane,327,327,3083,391351453.3,22.26,1038.88,78930000000.0,Cambisols / Mountainous Soil,Rainy,Rainfed,80.46,9.42813455657492,,
Chin,2021,Sugarcane,345,151,1462,388899650.8,22.92,753.21,65120000000.0,Cambisols / Mountainous Soil,Rainy,Rainfed,76.91,9.68211920529801,,
Chin,2022,Sugarcane,238,238,2207,586761617.0,22.64,714.38,62240000000.0,Cambisols / Mountainous Soil,Rainy,Rainfed,76.5,9.27310924369748,,
Chin,2023,Sugarcane,250,250,2287,586702652.6,23.13,770.15,64800000000.0,Cambisols / Mountainous Soil,Rainy,Rainfed,77.08,9.148,,
Sagaing,2012,Sugarcane,162582,162582,4066758,243967785.0,28.48,302.6,59920000000.0,Luvisols / Cambisols / Savanna,Rainy,Rainfed,70.5,25.0135808392072,,
Sagaing,2013,Sugarcane,166107,166107,4162273,199816069.0,28.47,362.75,63260000000.0,Luvisols / Cambisols / Savanna,Rainy,Rainfed,71.23,25.0577820320636,,
Sagaing,2014,Sugarcane,176909,176909,4405210,267590796.3,29.02,272.71,67459999999.9999,Luvisols / Cambisols / Savanna,Rainy,Rainfed,70.05,24.9009942965027,,
Sagaing,2015,Sugarcane,168568,168568,4216248,238665203.2,28.54,378.91,62720000000.0,Luvisols / Cambisols / Savanna,Rainy,Rainfed,71.41,25.0121493996488,,
Sagaing,2016,Sugarcane,178135,178135,4619274,314946615.9,28.61,466.45,60120000000.0,Luvisols / Cambisols / Savanna,Rainy,Rainfed,72.45,25.931310522918,,
Sagaing,2017,Sugarcane,159930,159665,4104125,304701296.0,28.07,637.58,63340000000.0,Luvisols / Cambisols / Savanna,Rainy,Rainfed,74.6,25.7046002567876,,
Sagaing,2018,Sugarcane,160683,160683,4140620,380230690.0,27.88,475.8,67150000000.0,Luvisols / Cambisols / Savanna,Rainy,Rainfed,72.69,25.7688741186062,,
Sagaing,2019,Sugarcane,153976,153354,3923764,413574673.8,28.67,477.22,68700000000.0,Luvisols / Cambisols / Savanna,Rainy,Rainfed,72.57,25.5863166268894,,
Sagaing,2020,Sugarcane,154296,153986,3965556,391351453.3,28.0,552.96,78930000000.0,Luvisols / Cambisols / Savanna,Rainy,Rainfed,73.6,25.7527047913446,,
Sagaing,2021,Sugarcane,149512,149512,3893262,388899650.8,29.14,338.14,65120000000.0,Luvisols / Cambisols / Savanna,Rainy,Rainfed,70.81,26.0397961367649,,
Sagaing,2022,Sugarcane,141577,141577,3660342,586761617.0,28.78,375.7,62240000000.0,Luvisols / Cambisols / Savanna,Rainy,Rainfed,71.33,25.8540723422589,,
Sagaing,2023,Sugarcane,135851,135851,3526514,586702652.6,29.19,387.79,64800000000.0,Luvisols / Cambisols / Savanna,Rainy,Rainfed,71.4,25.9586900354064,,
Tanintharyi,2012,Sugarcane,0,0,0,243967785.0,26.24,2388.49,59920000000.0,Ferralsols / Plinthosols / Lateritic,Rainy,Rainfed,93.0,0.0,,
Tanintharyi,2013,Sugarcane,0,0,0,199816069.0,25.94,2304.57,63260000000.0,Ferralsols / Plinthosols / Lateritic,Rainy,Rainfed,93.0,0.0,,
Tanintharyi,2014,Sugarcane,0,0,0,267590796.3,25.99,1706.05,67459999999.9999,Ferralsols / Plinthosols / Lateritic,Rainy,Rainfed,87.79,0.0,,
Tanintharyi,2015,Sugarcane,0,0,0,238665203.2,26.43,1914.37,62720000000.0,Ferralsols / Plinthosols / Lateritic,Rainy,Rainfed,90.22,0.0,,
Tanintharyi,2016,Sugarcane,0,0,0,314946615.9,26.3,1870.73,60120000000.0,Ferralsols / Plinthosols / Lateritic,Rainy,Rainfed,89.71,0.0,,
Tanintharyi,2017,Sugarcane,0,0,0,304701296.0,26.08,2485.72,63340000000.0,Ferralsols / Plinthosols / Lateritic,Rainy,Rainfed,93.0,0.0,,
Tanintharyi,2018,Sugarcane,0,0,0,380230690.0,26.23,2273.98,67150000000.0,Ferralsols / Plinthosols / Lateritic,Rainy,Rainfed,93.0,0.0,,
Tanintharyi,2019,Sugarcane,0,0,0,413574673.8,26.44,1846.93,68700000000.0,Ferralsols / Plinthosols / Lateritic,Rainy,Rainfed,89.4,0.0,,
Tanintharyi,2020,Sugarcane,0,0,0,391351453.3,26.42,2375.71,78930000000.0,Ferralsols / Plinthosols / Lateritic,Rainy,Rainfed,93.0,0.0,,
Tanintharyi,2021,Sugarcane,0,0,0,388899650.8,25.97,2896.94,65120000000.0,Ferralsols / Plinthosols / Lateritic,Rainy,Rainfed,93.0,0.0,,
Tanintharyi,2022,Sugarcane,0,0,0,586761617.0,26.08,2726.62,62240000000.0,Ferralsols / Plinthosols / Lateritic,Rainy,Rainfed,93.0,0.0,,
Tanintharyi,2023,Sugarcane,0,0,0,586702652.6,26.46,2318.19,64800000000.0,Ferralsols / Plinthosols / Lateritic,Rainy,Rainfed,93.0,0.0,,
Bago,2012,Sugarcane,48156,48156,1079440,243967785.0,27.33,1519.25,59920000000.0,Fluvisols / Gleysols / Alluvial,Rainy,Rainfed,85.31,22.4154830135393,,
Bago,2013,Sugarcane,60516,60516,1504781,199816069.0,27.57,1187.91,63260000000.0,Fluvisols / Gleysols / Alluvial,Rainy,Rainfed,81.29,24.865837133981,,
Bago,2014,Sugarcane,69194,69194,1704659,267590796.3,27.57,1054.41,67459999999.9999,Fluvisols / Gleysols / Alluvial,Rainy,Rainfed,79.69,24.6359366419053,,
Bago,2015,Sugarcane,54612,54612,1309359,238665203.2,27.77,1256.33,62720000000.0,Fluvisols / Gleysols / Alluvial,Rainy,Rainfed,82.08,23.9756646890793,,
Bago,2016,Sugarcane,44706,43962,1135220,314946615.9,27.71,1212.7,60120000000.0,Fluvisols / Gleysols / Alluvial,Rainy,Rainfed,81.56,25.8227560165597,,
Bago,2017,Sugarcane,47891,47891,1254334,304701296.0,27.49,1498.81,63340000000.0,Fluvisols / Gleysols / Alluvial,Rainy,Rainfed,85.04,26.191434716335,,
Bago,2018,Sugarcane,51777,51771,1344910,380230690.0,27.43,1690.27,67150000000.0,Fluvisols / Gleysols / Alluvial,Rainy,Rainfed,87.35,25.9780572134979,,
Bago,2019,Sugarcane,58060,58060,1541897,413574673.8,28.09,1236.72,68700000000.0,Fluvisols / Gleysols / Alluvial,Rainy,Rainfed,81.78,26.5569583189803,,
Bago,2020,Sugarcane,53781,53781,1413587,391351453.3,28.01,1004.02,78930000000.0,Fluvisols / Gleysols / Alluvial,Rainy,Rainfed,79.01,26.2841338019003,,
Bago,2021,Sugarcane,48293,48293,1291498,388899650.8,27.31,1749.84,65120000000.0,Fluvisols / Gleysols / Alluvial,Rainy,Rainfed,88.08,26.7429648189178,,
Bago,2022,Sugarcane,49524,49524,1332806,586761617.0,27.34,1789.55,62240000000.0,Fluvisols / Gleysols / Alluvial,Rainy,Rainfed,88.55,26.9123253372102,,
Bago,2023,Sugarcane,52952,52952,1809446,586702652.6,28.01,1574.66,64800000000.0,Fluvisols / Gleysols / Alluvial,Rainy,Rainfed,85.85,34.1714382837286,,
Magway,2012,Sugarcane,15241,14338,359285,243967785.0,26.79,898.02,59920000000.0,Regosols / Luvisols / Sandy Savanna,Rainy,Rainfed,77.95,25.0582368531175,,
Magway,2013,Sugarcane,21329,21329,508303,199816069.0,26.96,878.15,63260000000.0,Regosols / Luvisols / Sandy Savanna,Rainy,Rainfed,77.68,23.8315439073561,,
Magway,2014,Sugarcane,22232,22232,594875,267590796.3,27.42,770.86,67459999999.9999,Regosols / Luvisols / Sandy Savanna,Rainy,Rainfed,76.31,26.7576016552716,,
Magway,2015,Sugarcane,23035,23035,585960,238665203.2,27.31,734.05,62720000000.0,Regosols / Luvisols / Sandy Savanna,Rainy,Rainfed,75.89,25.437812025179,,
Magway,2016,Sugarcane,20797,20797,576373,314946615.9,27.18,941.74,60120000000.0,Regosols / Luvisols / Sandy Savanna,Rainy,Rainfed,78.41,27.7142376304274,,
Magway,2017,Sugarcane,21478,21478,548781,304701296.0,27.02,1107.58,63340000000.0,Regosols / Luvisols / Sandy Savanna,Rainy,Rainfed,80.43,25.5508427227861,,
Magway,2018,Sugarcane,19784,19784,558262,380230690.0,26.75,839.14,67150000000.0,Regosols / Luvisols / Sandy Savanna,Rainy,Rainfed,77.25,28.2178528103518,,
Magway,2019,Sugarcane,23102,23102,637255,413574673.8,27.7,769.91,68700000000.0,Regosols / Luvisols / Sandy Savanna,Rainy,Rainfed,76.25,27.5844082763397,,
Magway,2020,Sugarcane,16389,16389,424554,391351453.3,27.15,822.19,78930000000.0,Regosols / Luvisols / Sandy Savanna,Rainy,Rainfed,76.98,25.9048142046494,,
Magway,2021,Sugarcane,14020,14020,365777,388899650.8,27.77,689.55,65120000000.0,Regosols / Luvisols / Sandy Savanna,Rainy,Rainfed,75.28,26.0896576319543,,
Magway,2022,Sugarcane,11270,11270,291162,586761617.0,27.6,729.42,62240000000.0,Regosols / Luvisols / Sandy Savanna,Rainy,Rainfed,75.79,25.8351375332741,,
Magway,2023,Sugarcane,11188,11188,312088,586702652.6,28.03,696.9,64800000000.0,Regosols / Luvisols / Sandy Savanna,Rainy,Rainfed,75.32,27.894887379335,,
Mandalay,2012,Sugarcane,31620,31620,681825,243967785.0,27.22,338.39,59920000000.0,Luvisols / Cambisols / Savanna,Rainy,Rainfed,71.16,21.5630929791271,,
Mandalay,2013,Sugarcane,31907,31907,697955,199816069.0,27.39,350.66,63260000000.0,Luvisols / Cambisols / Savanna,Rainy,Rainfed,71.28,21.8746670009715,,
Mandalay,2014,Sugarcane,30107,30202,661470,267590796.3,27.89,270.44,67459999999.9999,Luvisols / Cambisols / Savanna,Rainy,Rainfed,70.23,21.9015297000198,,
Mandalay,2015,Sugarcane,28167,28167,635912,238665203.2,27.41,376.48,62720000000.0,Luvisols / Cambisols / Savanna,Rainy,Rainfed,71.58,22.5764902190506,,
Mandalay,2016,Sugarcane,31096,31096,716255,314946615.9,27.59,376.98,60120000000.0,Luvisols / Cambisols / Savanna,Rainy,Rainfed,71.56,23.0336699253923,,
Mandalay,2017,Sugarcane,33428,33426,769488,304701296.0,27.37,461.76,63340000000.0,Luvisols / Cambisols / Savanna,Rainy,Rainfed,72.61,23.0206426135343,,
Mandalay,2018,Sugarcane,31062,31062,751045,380230690.0,27.03,394.62,67150000000.0,Luvisols / Cambisols / Savanna,Rainy,Rainfed,71.87,24.1789002639881,,
Mandalay,2019,Sugarcane,30563,30563,751482,413574673.8,27.69,414.37,68700000000.0,Luvisols / Cambisols / Savanna,Rainy,Rainfed,71.99,24.5879658410496,,
Mandalay,2020,Sugarcane,26525,26525,658887,391351453.3,27.18,470.39,78930000000.0,Luvisols / Cambisols / Savanna,Rainy,Rainfed,72.75,24.8402262016965,,
Mandalay,2021,Sugarcane,30506,30506,732452,388899650.8,27.8,383.44,65120000000.0,Luvisols / Cambisols / Savanna,Rainy,Rainfed,71.6,24.0100963744837,,
Mandalay,2022,Sugarcane,21325,21325,544819,586761617.0,27.53,425.89,62240000000.0,Luvisols / Cambisols / Savanna,Rainy,Rainfed,72.16,25.5483704572098,,
Mandalay,2023,Sugarcane,22022,22022,539360,586702652.6,28.02,431.5,64800000000.0,Luvisols / Cambisols / Savanna,Rainy,Rainfed,72.13,24.491871764599,,
Mon,2012,Sugarcane,817,817,12626,243967785.0,27.89,2936.46,59920000000.0,Ferralsols / Gleysols / Lateritic,Rainy,Rainfed,93.0,15.454100367197,,
Mon,2013,Sugarcane,55,55,805,199816069.0,27.75,2472.26,63260000000.0,Ferralsols / Gleysols / Lateritic,Rainy,Rainfed,93.0,14.6363636363636,,
Mon,2014,Sugarcane,77,77,1255,267590796.3,27.71,1805.43,67459999999.9999,Ferralsols / Gleysols / Lateritic,Rainy,Rainfed,88.68,16.2987012987013,,
Mon,2015,Sugarcane,313,313,5026,238665203.2,27.96,2500.08,62720000000.0,Ferralsols / Gleysols / Lateritic,Rainy,Rainfed,93.0,16.0575079872204,,
Mon,2016,Sugarcane,372,372,6857,314946615.9,27.84,2247.31,60120000000.0,Ferralsols / Gleysols / Lateritic,Rainy,Rainfed,93.0,18.4327956989247,,
Mon,2017,Sugarcane,593,593,10926,304701296.0,27.68,2729.02,63340000000.0,Ferralsols / Gleysols / Lateritic,Rainy,Rainfed,93.0,18.4249578414839,,
Mon,2018,Sugarcane,1119,1119,15639,380230690.0,27.86,3263.34,67150000000.0,Ferralsols / Gleysols / Lateritic,Rainy,Rainfed,93.0,13.9758713136729,,
Mon,2019,Sugarcane,1483,1413,31431,413574673.8,28.11,2717.71,68700000000.0,Ferralsols / Gleysols / Lateritic,Rainy,Rainfed,93.0,22.244161358811,,
Mon,2020,Sugarcane,1429,1429,21027,391351453.3,28.13,1897.4,78930000000.0,Ferralsols / Gleysols / Lateritic,Rainy,Rainfed,89.71,14.7144856543037,,
Mon,2021,Sugarcane,287,287,4897,388899650.8,27.71,3711.2,65120000000.0,Ferralsols / Gleysols / Lateritic,Rainy,Rainfed,93.0,17.0627177700348,,
Mon,2022,Sugarcane,125,125,1710,586761617.0,27.71,3270.72,62240000000.0,Ferralsols / Gleysols / Lateritic,Rainy,Rainfed,93.0,13.68,,
Mon,2023,Sugarcane,124,124,1681,586702652.6,28.09,3075.98,64800000000.0,Ferralsols / Gleysols / Lateritic,Rainy,Rainfed,93.0,13.5564516129032,,
Rakhine,2012,Sugarcane,1987,1987,31163,243967785.0,26.54,2984.69,59920000000.0,Gleysols / Alluvial / Mountainous,Rainy,Rainfed,93.0,15.6834423754403,,
Rakhine,2013,Sugarcane,1585,1585,25979,199816069.0,26.5,3116.99,63260000000.0,Gleysols / Alluvial / Mountainous,Rainy,Rainfed,93.0,16.3905362776025,,
Rakhine,2014,Sugarcane,1805,1805,28481,267590796.3,26.74,2952.75,67459999999.9999,Gleysols / Alluvial / Mountainous,Rainy,Rainfed,93.0,15.778947368421,,
Rakhine,2015,Sugarcane,1868,1868,27723,238665203.2,26.5,8475.24,62720000000.0,Gleysols / Alluvial / Mountainous,Rainy,Rainfed,93.0,14.8410064239828,,
Rakhine,2016,Sugarcane,1277,1277,20389,314946615.9,26.76,10036.74,60120000000.0,Gleysols / Alluvial / Mountainous,Rainy,Rainfed,93.0,15.9663273296789,,
Rakhine,2017,Sugarcane,1351,1351,20465,304701296.0,26.66,7844.64,63340000000.0,Gleysols / Alluvial / Mountainous,Rainy,Rainfed,93.0,15.1480384900074,,
Rakhine,2018,Sugarcane,719,719,11348,380230690.0,26.17,7927.61,67150000000.0,Gleysols / Alluvial / Mountainous,Rainy,Rainfed,93.0,15.7830319888734,,
Rakhine,2019,Sugarcane,687,687,10888,413574673.8,26.66,8062.73,68700000000.0,Gleysols / Alluvial / Mountainous,Rainy,Rainfed,93.0,15.848617176128,,
Rakhine,2020,Sugarcane,353,353,6859,391351453.3,26.49,7855.92,78930000000.0,Gleysols / Alluvial / Mountainous,Rainy,Rainfed,93.0,19.4305949008498,,
Rakhine,2021,Sugarcane,338,338,6655,388899650.8,26.93,5291.74,65120000000.0,Gleysols / Alluvial / Mountainous,Rainy,Rainfed,93.0,19.689349112426,,
Rakhine,2022,Sugarcane,280,280,5254,586761617.0,26.66,5117.41,62240000000.0,Gleysols / Alluvial / Mountainous,Rainy,Rainfed,93.0,18.7642857142857,,
Rakhine,2023,Sugarcane,274,274,4828,586702652.6,26.9,5823.68,64800000000.0,Gleysols / Alluvial / Mountainous,Rainy,Rainfed,93.0,17.6204379562043,,
Yangon,2012,Sugarcane,5640,5640,71519,243967785.0,27.5,1871.61,59920000000.0,Fluvisols / Gleysols / Alluvial,Rainy,Rainfed,89.51,12.6806737588652,,
Yangon,2013,Sugarcane,6147,6147,78648,199816069.0,27.61,1492.96,63260000000.0,Fluvisols / Gleysols / Alluvial,Rainy,Rainfed,84.95,12.7945339189848,,
Yangon,2014,Sugarcane,6012,6012,120540,267590796.3,27.67,1241.48,67459999999.9999,Fluvisols / Gleysols / Alluvial,Rainy,Rainfed,81.92,20.0499001996008,,
Yangon,2015,Sugarcane,6183,6183,124278,238665203.2,27.86,1676.99,62720000000.0,Fluvisols / Gleysols / Alluvial,Rainy,Rainfed,87.11,20.0999514798641,,
Yangon,2016,Sugarcane,6190,6190,125657,314946615.9,27.8,1521.79,60120000000.0,Fluvisols / Gleysols / Alluvial,Rainy,Rainfed,85.26,20.3,,
Yangon,2017,Sugarcane,6100,6100,124135,304701296.0,27.54,1863.36,63340000000.0,Fluvisols / Gleysols / Alluvial,Rainy,Rainfed,89.4,20.35,,
Yangon,2018,Sugarcane,6366,6270,128710,380230690.0,27.53,2226.31,67150000000.0,Fluvisols / Gleysols / Alluvial,Rainy,Rainfed,93.0,20.5279106858054,,
Yangon,2019,Sugarcane,6087,6087,125537,413574673.8,28.09,1694.52,68700000000.0,Fluvisols / Gleysols / Alluvial,Rainy,Rainfed,87.28,20.6237884015114,,
Yangon,2020,Sugarcane,4700,4700,96952,391351453.3,28.05,1262.54,78930000000.0,Fluvisols / Gleysols / Alluvial,Rainy,Rainfed,82.1,20.6280851063829,,
Yangon,2021,Sugarcane,3286,3286,63097,388899650.8,27.4,2360.45,65120000000.0,Fluvisols / Gleysols / Alluvial,Rainy,Rainfed,93.0,19.2017650639074,,
Yangon,2022,Sugarcane,3400,3400,68478,586761617.0,27.36,2242.28,62240000000.0,Fluvisols / Gleysols / Alluvial,Rainy,Rainfed,93.0,20.1405882352941,,
Yangon,2023,Sugarcane,3265,3265,66517,586702652.6,28.02,2034.25,64800000000.0,Fluvisols / Gleysols / Alluvial,Rainy,Rainfed,91.37,20.3727411944869,,
Shan,2012,Sugarcane,87229,87229,2540853,243967785.0,21.06,671.3,59920000000.0,Acrisols / Ferralsols / Red Earth,Rainy,Rainfed,76.26,29.1285352348416,,
Shan,2013,Sugarcane,98539,98539,2621716,199816069.0,21.38,594.52,63260000000.0,Acrisols / Ferralsols / Red Earth,Rainy,Rainfed,75.29,26.6058717868052,,
Shan,2014,Sugarcane,108810,102646,2902957,267590796.3,21.82,438.2,67459999999.9999,Acrisols / Ferralsols / Red Earth,Rainy,Rainfed,73.33,28.2812481733335,,
Shan,2015,Sugarcane,94634,94634,2718245,238665203.2,21.68,533.62,62720000000.0,Acrisols / Ferralsols / Red Earth,Rainy,Rainfed,74.5,28.7237673563412,,
Shan,2016,Sugarcane,101025,100767,2741662,314946615.9,21.69,570.05,60120000000.0,Acrisols / Ferralsols / Red Earth,Rainy,Rainfed,74.94,27.2079351374954,,
Shan,2017,Sugarcane,110967,110964,3031483,304701296.0,21.52,759.17,63340000000.0,Acrisols / Ferralsols / Red Earth,Rainy,Rainfed,77.24,27.3195180418874,,
Shan,2018,Sugarcane,150046,150015,3856389,380230690.0,21.16,624.01,67150000000.0,Acrisols / Ferralsols / Red Earth,Rainy,Rainfed,75.68,25.7066893310668,,
Shan,2019,Sugarcane,153076,153076,4199835,413574673.8,21.87,584.23,68700000000.0,Acrisols / Ferralsols / Red Earth,Rainy,Rainfed,75.07,27.4362734850662,,
Shan,2020,Sugarcane,156170,156170,4287923,391351453.3,21.56,626.15,78930000000.0,Acrisols / Ferralsols / Red Earth,Rainy,Rainfed,75.63,27.4567650637126,,
Shan,2021,Sugarcane,158450,158450,4343822,388899650.8,21.67,658.43,65120000000.0,Acrisols / Ferralsols / Red Earth,Rainy,Rainfed,76.0,27.4144651309561,,
Shan,2022,Sugarcane,157583,157583,4353630,586761617.0,21.33,803.12,62240000000.0,Acrisols / Ferralsols / Red Earth,Rainy,Rainfed,77.8,27.6275359651739,,
Shan,2023,Sugarcane,171431,171431,4699624,586702652.6,22.07,653.29,64800000000.0,Acrisols / Ferralsols / Red Earth,Rainy,Rainfed,75.87,27.4140849671296,,
Ayeyarwady,2012,Sugarcane,230,230,5314,243967785.0,27.73,892.99,59920000000.0,Fluvisols / Gleysols / Alluvial,Rainy,Rainfed,77.72,23.1043478260869,,
Ayeyarwady,2013,Sugarcane,144,144,3431,199816069.0,27.91,705.85,63260000000.0,Fluvisols / Gleysols / Alluvial,Rainy,Rainfed,75.45,23.8263888888888,,
Ayeyarwady,2014,Sugarcane,195,195,4477,267590796.3,28.21,606.23,67459999999.9999,Fluvisols / Gleysols / Alluvial,Rainy,Rainfed,74.2,22.9589743589743,,
Ayeyarwady,2015,Sugarcane,195,195,4466,238665203.2,28.19,737.44,62720000000.0,Fluvisols / Gleysols / Alluvial,Rainy,Rainfed,75.78,22.9025641025641,,
Ayeyarwady,2016,Sugarcane,202,202,4685,314946615.9,28.14,712.5,60120000000.0,Fluvisols / Gleysols / Alluvial,Rainy,Rainfed,75.48,23.1930693069306,,
Ayeyarwady,2017,Sugarcane,199,199,4610,304701296.0,28.04,819.64,63340000000.0,Fluvisols / Gleysols / Alluvial,Rainy,Rainfed,76.79,23.1658291457286,,
Ayeyarwady,2018,Sugarcane,205,205,4729,380230690.0,27.76,972.0,67150000000.0,Fluvisols / Gleysols / Alluvial,Rainy,Rainfed,78.67,23.0682926829268,,
Ayeyarwady,2019,Sugarcane,129,129,3051,413574673.8,28.38,776.06,68700000000.0,Fluvisols / Gleysols / Alluvial,Rainy,Rainfed,76.2,23.6511627906976,,
Ayeyarwady,2020,Sugarcane,124,124,2910,391351453.3,28.37,575.94,78930000000.0,Fluvisols / Gleysols / Alluvial,Rainy,Rainfed,73.8,23.4677419354838,,
Ayeyarwady,2021,Sugarcane,122,122,2868,388899650.8,27.92,960.87,65120000000.0,Fluvisols / Gleysols / Alluvial,Rainy,Rainfed,78.5,23.5081967213114,,
Ayeyarwady,2022,Sugarcane,120,120,2742,586761617.0,27.91,944.56,62240000000.0,Fluvisols / Gleysols / Alluvial,Rainy,Rainfed,78.31,22.85,,
Ayeyarwady,2023,Sugarcane,120,120,2816,586702652.6,28.36,837.63,64800000000.0,Fluvisols / Gleysols / Alluvial,Rainy,Rainfed,76.95,23.4666666666666,,
Nay Pyi Taw,2012,Sugarcane,13380,13118,245140,243967785.0,25.41,942.84,59920000000.0,Cambisols / Fluvisols / Loam,Rainy,Rainfed,78.74,18.6872998932764,,
Nay Pyi Taw,2013,Sugarcane,19681,19606,400910,199816069.0,25.88,775.78,63260000000.0,Cambisols / Fluvisols / Loam,Rainy,Rainfed,76.65,20.4483321432214,,
Nay Pyi Taw,2014,Sugarcane,19212,19105,405460,267590796.3,26.38,617.16,67459999999.9999,Cambisols / Fluvisols / Loam,Rainy,Rainfed,74.66,21.2227165663438,,
Nay Pyi Taw,2015,Sugarcane,10359,10223,220827,238665203.2,26.35,678.38,62720000000.0,Cambisols / Fluvisols / Loam,Rainy,Rainfed,75.4,21.6009977501711,,
Nay Pyi Taw,2016,Sugarcane,9800,9728,201500,314946615.9,26.23,754.74,60120000000.0,Cambisols / Fluvisols / Loam,Rainy,Rainfed,76.34,20.7134046052631,,
Nay Pyi Taw,2017,Sugarcane,11701,11701,253165,304701296.0,26.08,972.17,63340000000.0,Cambisols / Fluvisols / Loam,Rainy,Rainfed,78.97,21.6361849414579,,
Nay Pyi Taw,2018,Sugarcane,13231,13231,341817,380230690.0,25.73,812.09,67150000000.0,Cambisols / Fluvisols / Loam,Rainy,Rainfed,77.11,25.8345552112463,,
Nay Pyi Taw,2019,Sugarcane,12921,12921,342453,413574673.8,26.57,787.91,68700000000.0,Cambisols / Fluvisols / Loam,Rainy,Rainfed,76.67,26.5035987926631,,
Nay Pyi Taw,2020,Sugarcane,11670,11670,317281,391351453.3,26.28,762.33,78930000000.0,Cambisols / Fluvisols / Loam,Rainy,Rainfed,76.42,27.1877463581833,,
Nay Pyi Taw,2021,Sugarcane,10029,10029,278094,388899650.8,26.24,851.96,65120000000.0,Cambisols / Fluvisols / Loam,Rainy,Rainfed,77.5,27.7289859407717,,
Nay Pyi Taw,2022,Sugarcane,10203,10203,277266,586761617.0,25.96,1027.18,62240000000.0,Cambisols / Fluvisols / Loam,Rainy,Rainfed,79.65,27.1749485445457,,
Nay Pyi Taw,2023,Sugarcane,10472,10472,285410,586702652.6,26.62,853.39,64800000000.0,Cambisols / Fluvisols / Loam,Rainy,Rainfed,77.45,27.2545836516424,,
Kachin,2012,Potato,4974,4974,21469,243967785.0,23.38,914.61,59920000000.0,Acrisols / Red-Brown Lateritic,Winter,Irrigation,78.77,4.3162444712505,,
Kachin,2013,Potato,4666,4666,20471,199816069.0,23.62,939.94,63260000000.0,Acrisols / Red-Brown Lateritic,Winter,Irrigation,79.03,4.38726960994427,,
Kachin,2014,Potato,4869,4719,20727,267590796.3,24.01,833.48,67459999999.9999,Acrisols / Red-Brown Lateritic,Winter,Irrigation,77.68,4.39224411951684,,
Kachin,2015,Potato,4894,4894,21514,238665203.2,23.27,1005.47,62720000000.0,Acrisols / Red-Brown Lateritic,Winter,Irrigation,79.88,4.39599509603596,,
Kachin,2016,Potato,4842,4841,21326,314946615.9,23.17,1224.63,60120000000.0,Acrisols / Red-Brown Lateritic,Winter,Irrigation,82.52,4.40528816360256,,
Kachin,2017,Potato,4769,4769,20898,304701296.0,23.28,1125.21,63340000000.0,Acrisols / Red-Brown Lateritic,Winter,Irrigation,81.31,4.38205074439085,,
Kachin,2018,Potato,4749,4749,20893,380230690.0,22.85,1162.0,67150000000.0,Acrisols / Red-Brown Lateritic,Winter,Irrigation,81.83,4.39945251631922,,
Kachin,2019,Potato,5002,5002,22304,413574673.8,23.49,1042.44,68700000000.0,Acrisols / Red-Brown Lateritic,Winter,Irrigation,80.28,4.45901639344262,,
Kachin,2020,Potato,5108,5108,22312,391351453.3,22.87,1329.91,78930000000.0,Acrisols / Red-Brown Lateritic,Winter,Irrigation,83.84,4.3680501174628,,
Kachin,2021,Potato,4722,4722,21153,388899650.8,23.65,1005.31,65120000000.0,Acrisols / Red-Brown Lateritic,Winter,Irrigation,79.81,4.47966963151207,,
Kachin,2022,Potato,4311,4311,18970,586761617.0,22.99,1256.07,62240000000.0,Acrisols / Red-Brown Lateritic,Winter,Irrigation,82.93,4.40037114358617,,
Kachin,2023,Potato,4282,4282,18250,586702652.6,23.84,1183.85,64800000000.0,Acrisols / Red-Brown Lateritic,Winter,Irrigation,81.91,4.26202709014479,,
Kayah,2012,Potato,1617,1617,4841,243967785.0,22.51,1604.82,59920000000.0,Luvisols / Red Earth,Winter,Irrigation,87.21,2.99381570810142,,
Kayah,2013,Potato,1640,1640,4914,199816069.0,22.71,1317.07,63260000000.0,Luvisols / Red Earth,Winter,Irrigation,83.72,2.99634146341463,,
Kayah,2014,Potato,1620,1620,4857,267590796.3,23.02,1089.18,67459999999.9999,Luvisols / Red Earth,Winter,Irrigation,80.93,2.99814814814814,,
Kayah,2015,Potato,1329,1329,3975,238665203.2,23.36,1113.03,62720000000.0,Luvisols / Red Earth,Winter,Irrigation,81.15,2.99097065462753,,
Kayah,2016,Potato,1123,1123,3353,314946615.9,23.41,1222.88,60120000000.0,Luvisols / Red Earth,Winter,Irrigation,82.46,2.98575244879786,,
Kayah,2017,Potato,554,554,1648,304701296.0,23.16,1567.54,63340000000.0,Luvisols / Red Earth,Winter,Irrigation,86.64,2.97472924187725,,
Kayah,2018,Potato,641,641,1886,380230690.0,22.69,1316.55,67150000000.0,Luvisols / Red Earth,Winter,Irrigation,83.71,2.94227769110764,,
Kayah,2019,Potato,547,547,1626,413574673.8,23.24,1282.79,68700000000.0,Luvisols / Red Earth,Winter,Irrigation,83.21,2.9725776965265,,
Kayah,2020,Potato,555,555,1650,391351453.3,23.16,1222.66,78930000000.0,Luvisols / Red Earth,Winter,Irrigation,82.5,2.97297297297297,,
Kayah,2021,Potato,358,358,1062,388899650.8,23.01,1440.62,65120000000.0,Luvisols / Red Earth,Winter,Irrigation,85.15,2.96648044692737,,
Kayah,2022,Potato,513,513,1567,586761617.0,22.94,1814.13,62240000000.0,Luvisols / Red Earth,Winter,Irrigation,89.64,3.05458089668616,,
Kayah,2023,Potato,57,57,174,586702652.6,23.4,1417.46,64800000000.0,Luvisols / Red Earth,Winter,Irrigation,84.8,3.05263157894736,,
Kayin,2012,Potato,0,0,0,243967785.0,26.77,2467.92,59920000000.0,Fluvisols / Gleysols / Alluvial,Winter,Irrigation,93.0,0.0,,
Kayin,2013,Potato,0,0,0,199816069.0,26.67,2022.51,63260000000.0,Fluvisols / Gleysols / Alluvial,Winter,Irrigation,91.47,0.0,,
Kayin,2014,Potato,0,0,0,267590796.3,26.61,1604.54,67459999999.9999,Fluvisols / Gleysols / Alluvial,Winter,Irrigation,86.46,0.0,,
Kayin,2015,Potato,0,0,0,238665203.2,26.97,1981.43,62720000000.0,Fluvisols / Gleysols / Alluvial,Winter,Irrigation,90.92,0.0,,
Kayin,2016,Potato,0,0,0,314946615.9,26.89,1804.66,60120000000.0,Fluvisols / Gleysols / Alluvial,Winter,Irrigation,88.82,0.0,,
Kayin,2017,Potato,0,0,0,304701296.0,26.65,2185.47,63340000000.0,Fluvisols / Gleysols / Alluvial,Winter,Irrigation,93.0,0.0,,
Kayin,2018,Potato,0,0,0,380230690.0,26.73,2484.66,67150000000.0,Fluvisols / Gleysols / Alluvial,Winter,Irrigation,93.0,0.0,,
Kayin,2019,Potato,0,0,0,413574673.8,26.95,2087.25,68700000000.0,Fluvisols / Gleysols / Alluvial,Winter,Irrigation,92.2,0.0,,
Kayin,2020,Potato,0,0,0,391351453.3,27.12,1531.95,78930000000.0,Fluvisols / Gleysols / Alluvial,Winter,Irrigation,85.5,0.0,,
Kayin,2021,Potato,0,0,0,388899650.8,26.67,2969.17,65120000000.0,Fluvisols / Gleysols / Alluvial,Winter,Irrigation,93.0,0.0,,
Kayin,2022,Potato,0,0,0,586761617.0,26.62,2622.64,62240000000.0,Fluvisols / Gleysols / Alluvial,Winter,Irrigation,93.0,0.0,,
Kayin,2023,Potato,0,0,0,586702652.6,26.96,2436.25,64800000000.0,Fluvisols / Gleysols / Alluvial,Winter,Irrigation,93.0,0.0,,
Chin,2012,Potato,4129,4129,8744,243967785.0,22.62,716.7,59920000000.0,Cambisols / Mountainous Soil,Winter,Irrigation,76.53,2.11770404456284,,
Chin,2013,Potato,3950,3948,8226,199816069.0,22.48,814.73,63260000000.0,Cambisols / Mountainous Soil,Winter,Irrigation,77.73,2.08358662613981,,
Chin,2014,Potato,4131,4131,8623,267590796.3,22.97,716.65,67459999999.9999,Cambisols / Mountainous Soil,Winter,Irrigation,76.47,2.0873880416364,,
Chin,2015,Potato,3945,3932,8009,238665203.2,22.61,913.76,62720000000.0,Cambisols / Mountainous Soil,Winter,Irrigation,78.9,2.03687690742624,,
Chin,2016,Potato,3849,3849,7532,314946615.9,22.87,965.57,60120000000.0,Cambisols / Mountainous Soil,Winter,Irrigation,79.47,1.95687191478306,,
Chin,2017,Potato,3383,3383,6628,304701296.0,22.26,1578.85,63340000000.0,Cambisols / Mountainous Soil,Winter,Irrigation,86.94,1.9592078037245,,
Chin,2018,Potato,3398,3398,6573,380230690.0,21.95,1160.88,67150000000.0,Cambisols / Mountainous Soil,Winter,Irrigation,81.98,1.93437316068275,,
Chin,2019,Potato,3189,3189,6177,413574673.8,22.53,1254.78,68700000000.0,Cambisols / Mountainous Soil,Winter,Irrigation,83.0,1.93697083725305,,
Chin,2020,Potato,2973,2973,5700,391351453.3,22.26,1038.88,78930000000.0,Cambisols / Mountainous Soil,Winter,Irrigation,80.46,1.91725529767911,,
Chin,2021,Potato,2728,2728,5412,388899650.8,22.92,753.21,65120000000.0,Cambisols / Mountainous Soil,Winter,Irrigation,76.91,1.98387096774193,,
Chin,2022,Potato,2224,2224,4275,586761617.0,22.64,714.38,62240000000.0,Cambisols / Mountainous Soil,Winter,Irrigation,76.5,1.92221223021582,,
Chin,2023,Potato,2343,2343,4579,586702652.6,23.13,770.15,64800000000.0,Cambisols / Mountainous Soil,Winter,Irrigation,77.08,1.9543320529236,,
Sagaing,2012,Potato,7636,7636,53001,243967785.0,28.48,302.6,59920000000.0,Luvisols / Cambisols / Savanna,Winter,Irrigation,70.5,6.94093766369827,,
Sagaing,2013,Potato,8019,8019,58115,199816069.0,28.47,362.75,63260000000.0,Luvisols / Cambisols / Savanna,Winter,Irrigation,71.23,7.24716298790372,,
Sagaing,2014,Potato,7852,7852,58246,267590796.3,29.02,272.71,67459999999.9999,Luvisols / Cambisols / Savanna,Winter,Irrigation,70.05,7.41798267957208,,
Sagaing,2015,Potato,7681,7681,56863,238665203.2,28.54,378.91,62720000000.0,Luvisols / Cambisols / Savanna,Winter,Irrigation,71.41,7.4030725165994,,
Sagaing,2016,Potato,7923,7923,58848,314946615.9,28.61,466.45,60120000000.0,Luvisols / Cambisols / Savanna,Winter,Irrigation,72.45,7.42748958727754,,
Sagaing,2017,Potato,7642,7642,57158,304701296.0,28.07,637.58,63340000000.0,Luvisols / Cambisols / Savanna,Winter,Irrigation,74.6,7.47945563988484,,
Sagaing,2018,Potato,7481,7481,57574,380230690.0,27.88,475.8,67150000000.0,Luvisols / Cambisols / Savanna,Winter,Irrigation,72.69,7.69602994252105,,
Sagaing,2019,Potato,7248,7231,52688,413574673.8,28.67,477.22,68700000000.0,Luvisols / Cambisols / Savanna,Winter,Irrigation,72.57,7.28640575300788,,
Sagaing,2020,Potato,7198,7198,55225,391351453.3,28.0,552.96,78930000000.0,Luvisols / Cambisols / Savanna,Winter,Irrigation,73.6,7.67227007502083,,
Sagaing,2021,Potato,7266,7266,54390,388899650.8,29.14,338.14,65120000000.0,Luvisols / Cambisols / Savanna,Winter,Irrigation,70.81,7.48554913294797,,
Sagaing,2022,Potato,6837,6837,48838,586761617.0,28.78,375.7,62240000000.0,Luvisols / Cambisols / Savanna,Winter,Irrigation,71.33,7.14319145824191,,
Sagaing,2023,Potato,6346,6346,44811,586702652.6,29.19,387.79,64800000000.0,Luvisols / Cambisols / Savanna,Winter,Irrigation,71.4,7.06129845572013,,
Tanintharyi,2012,Potato,0,0,0,243967785.0,26.24,2388.49,59920000000.0,Ferralsols / Plinthosols / Lateritic,Winter,Irrigation,93.0,0.0,,
Tanintharyi,2013,Potato,0,0,0,199816069.0,25.94,2304.57,63260000000.0,Ferralsols / Plinthosols / Lateritic,Winter,Irrigation,93.0,0.0,,
Tanintharyi,2014,Potato,0,0,0,267590796.3,25.99,1706.05,67459999999.9999,Ferralsols / Plinthosols / Lateritic,Winter,Irrigation,87.79,0.0,,
Tanintharyi,2015,Potato,0,0,0,238665203.2,26.43,1914.37,62720000000.0,Ferralsols / Plinthosols / Lateritic,Winter,Irrigation,90.22,0.0,,
Tanintharyi,2016,Potato,0,0,0,314946615.9,26.3,1870.73,60120000000.0,Ferralsols / Plinthosols / Lateritic,Winter,Irrigation,89.71,0.0,,
Tanintharyi,2017,Potato,0,0,0,304701296.0,26.08,2485.72,63340000000.0,Ferralsols / Plinthosols / Lateritic,Winter,Irrigation,93.0,0.0,,
Tanintharyi,2018,Potato,0,0,0,380230690.0,26.23,2273.98,67150000000.0,Ferralsols / Plinthosols / Lateritic,Winter,Irrigation,93.0,0.0,,
Tanintharyi,2019,Potato,0,0,0,413574673.8,26.44,1846.93,68700000000.0,Ferralsols / Plinthosols / Lateritic,Winter,Irrigation,89.4,0.0,,
Tanintharyi,2020,Potato,0,0,0,391351453.3,26.42,2375.71,78930000000.0,Ferralsols / Plinthosols / Lateritic,Winter,Irrigation,93.0,0.0,,
Tanintharyi,2021,Potato,0,0,0,388899650.8,25.97,2896.94,65120000000.0,Ferralsols / Plinthosols / Lateritic,Winter,Irrigation,93.0,0.0,,
Tanintharyi,2022,Potato,0,0,0,586761617.0,26.08,2726.62,62240000000.0,Ferralsols / Plinthosols / Lateritic,Winter,Irrigation,93.0,0.0,,
Tanintharyi,2023,Potato,0,0,0,586702652.6,26.46,2318.19,64800000000.0,Ferralsols / Plinthosols / Lateritic,Winter,Irrigation,93.0,0.0,,
Bago,2012,Potato,635,635,3268,243967785.0,27.33,1519.25,59920000000.0,Fluvisols / Gleysols / Alluvial,Winter,Irrigation,85.31,5.14645669291338,,
Bago,2013,Potato,620,620,3268,199816069.0,27.57,1187.91,63260000000.0,Fluvisols / Gleysols / Alluvial,Winter,Irrigation,81.29,5.27096774193548,,
Bago,2014,Potato,635,635,3347,267590796.3,27.57,1054.41,67459999999.9999,Fluvisols / Gleysols / Alluvial,Winter,Irrigation,79.69,5.27086614173228,,
Bago,2015,Potato,635,635,3347,238665203.2,27.77,1256.33,62720000000.0,Fluvisols / Gleysols / Alluvial,Winter,Irrigation,82.08,5.27086614173228,,
Bago,2016,Potato,635,635,3347,314946615.9,27.71,1212.7,60120000000.0,Fluvisols / Gleysols / Alluvial,Winter,Irrigation,81.56,5.27086614173228,,
Bago,2017,Potato,642,642,3379,304701296.0,27.49,1498.81,63340000000.0,Fluvisols / Gleysols / Alluvial,Winter,Irrigation,85.04,5.2632398753894,,
Bago,2018,Potato,632,632,3706,380230690.0,27.43,1690.27,67150000000.0,Fluvisols / Gleysols / Alluvial,Winter,Irrigation,87.35,5.86392405063291,,
Bago,2019,Potato,607,607,3558,413574673.8,28.09,1236.72,68700000000.0,Fluvisols / Gleysols / Alluvial,Winter,Irrigation,81.78,5.86161449752883,,
Bago,2020,Potato,100,100,507,391351453.3,28.01,1004.02,78930000000.0,Fluvisols / Gleysols / Alluvial,Winter,Irrigation,79.01,5.07,,
Bago,2021,Potato,49,49,237,388899650.8,27.31,1749.84,65120000000.0,Fluvisols / Gleysols / Alluvial,Winter,Irrigation,88.08,4.83673469387755,,
Bago,2022,Potato,27,27,120,586761617.0,27.34,1789.55,62240000000.0,Fluvisols / Gleysols / Alluvial,Winter,Irrigation,88.55,4.44444444444444,,
Bago,2023,Potato,27,27,120,586702652.6,28.01,1574.66,64800000000.0,Fluvisols / Gleysols / Alluvial,Winter,Irrigation,85.85,4.44444444444444,,
Magway,2012,Potato,5269,5269,49174,243967785.0,26.79,898.02,59920000000.0,Regosols / Luvisols / Sandy Savanna,Winter,Irrigation,77.95,9.33270070222053,,
Magway,2013,Potato,5272,5272,51460,199816069.0,26.96,878.15,63260000000.0,Regosols / Luvisols / Sandy Savanna,Winter,Irrigation,77.68,9.76100151745068,,
Magway,2014,Potato,5298,5298,51769,267590796.3,27.42,770.86,67459999999.9999,Regosols / Luvisols / Sandy Savanna,Winter,Irrigation,76.31,9.77142317855794,,
Magway,2015,Potato,5457,5457,53343,238665203.2,27.31,734.05,62720000000.0,Regosols / Luvisols / Sandy Savanna,Winter,Irrigation,75.89,9.77515118196811,,
Magway,2016,Potato,5406,5406,52890,314946615.9,27.18,941.74,60120000000.0,Regosols / Luvisols / Sandy Savanna,Winter,Irrigation,78.41,9.78357380688124,,
Magway,2017,Potato,1238,1219,11113,304701296.0,27.02,1107.58,63340000000.0,Regosols / Luvisols / Sandy Savanna,Winter,Irrigation,80.43,9.11648892534864,,
Magway,2018,Potato,1070,1070,9433,380230690.0,26.75,839.14,67150000000.0,Regosols / Luvisols / Sandy Savanna,Winter,Irrigation,77.25,8.81588785046729,,
Magway,2019,Potato,1398,1398,12532,413574673.8,27.7,769.91,68700000000.0,Regosols / Luvisols / Sandy Savanna,Winter,Irrigation,76.25,8.96423462088698,,
Magway,2020,Potato,1361,1361,12384,391351453.3,27.15,822.19,78930000000.0,Regosols / Luvisols / Sandy Savanna,Winter,Irrigation,76.98,9.09919177075679,,
Magway,2021,Potato,740,740,6586,388899650.8,27.77,689.55,65120000000.0,Regosols / Luvisols / Sandy Savanna,Winter,Irrigation,75.28,8.9,,
Magway,2022,Potato,672,672,6040,586761617.0,27.6,729.42,62240000000.0,Regosols / Luvisols / Sandy Savanna,Winter,Irrigation,75.79,8.98809523809523,,
Magway,2023,Potato,751,751,6849,586702652.6,28.03,696.9,64800000000.0,Regosols / Luvisols / Sandy Savanna,Winter,Irrigation,75.32,9.11984021304926,,
Mandalay,2012,Potato,2586,2586,10885,243967785.0,27.22,338.39,59920000000.0,Luvisols / Cambisols / Savanna,Winter,Irrigation,71.16,4.2092034029389,,
Mandalay,2013,Potato,1879,1879,7784,199816069.0,27.39,350.66,63260000000.0,Luvisols / Cambisols / Savanna,Winter,Irrigation,71.28,4.14262905800958,,
Mandalay,2014,Potato,2018,2018,8320,267590796.3,27.89,270.44,67459999999.9999,Luvisols / Cambisols / Savanna,Winter,Irrigation,70.23,4.1228939544103,,
Mandalay,2015,Potato,2127,2127,8733,238665203.2,27.41,376.48,62720000000.0,Luvisols / Cambisols / Savanna,Winter,Irrigation,71.58,4.10578279266572,,
Mandalay,2016,Potato,2020,2020,8212,314946615.9,27.59,376.98,60120000000.0,Luvisols / Cambisols / Savanna,Winter,Irrigation,71.56,4.06534653465346,,
Mandalay,2017,Potato,1972,1972,8224,304701296.0,27.37,461.76,63340000000.0,Luvisols / Cambisols / Savanna,Winter,Irrigation,72.61,4.17038539553752,,
Mandalay,2018,Potato,2017,2017,8350,380230690.0,27.03,394.62,67150000000.0,Luvisols / Cambisols / Savanna,Winter,Irrigation,71.87,4.1398116013882,,
Mandalay,2019,Potato,2072,2072,8431,413574673.8,27.69,414.37,68700000000.0,Luvisols / Cambisols / Savanna,Winter,Irrigation,71.99,4.06901544401544,,
Mandalay,2020,Potato,1756,1756,7399,391351453.3,27.18,470.39,78930000000.0,Luvisols / Cambisols / Savanna,Winter,Irrigation,72.75,4.2135535307517,,
Mandalay,2021,Potato,2083,2083,8482,388899650.8,27.8,383.44,65120000000.0,Luvisols / Cambisols / Savanna,Winter,Irrigation,71.6,4.07201152184349,,
Mandalay,2022,Potato,2071,2071,8428,586761617.0,27.53,425.89,62240000000.0,Luvisols / Cambisols / Savanna,Winter,Irrigation,72.16,4.06953162723322,,
Mandalay,2023,Potato,2110,2110,8580,586702652.6,28.02,431.5,64800000000.0,Luvisols / Cambisols / Savanna,Winter,Irrigation,72.13,4.06635071090047,,
Mon,2012,Potato,0,0,0,243967785.0,27.89,2936.46,59920000000.0,Ferralsols / Gleysols / Lateritic,Winter,Irrigation,93.0,0.0,,
Mon,2013,Potato,0,0,0,199816069.0,27.75,2472.26,63260000000.0,Ferralsols / Gleysols / Lateritic,Winter,Irrigation,93.0,0.0,,
Mon,2014,Potato,0,0,0,267590796.3,27.71,1805.43,67459999999.9999,Ferralsols / Gleysols / Lateritic,Winter,Irrigation,88.68,0.0,,
Mon,2015,Potato,0,0,0,238665203.2,27.96,2500.08,62720000000.0,Ferralsols / Gleysols / Lateritic,Winter,Irrigation,93.0,0.0,,
Mon,2016,Potato,0,0,0,314946615.9,27.84,2247.31,60120000000.0,Ferralsols / Gleysols / Lateritic,Winter,Irrigation,93.0,0.0,,
Mon,2017,Potato,0,0,0,304701296.0,27.68,2729.02,63340000000.0,Ferralsols / Gleysols / Lateritic,Winter,Irrigation,93.0,0.0,,
Mon,2018,Potato,0,0,0,380230690.0,27.86,3263.34,67150000000.0,Ferralsols / Gleysols / Lateritic,Winter,Irrigation,93.0,0.0,,
Mon,2019,Potato,0,0,0,413574673.8,28.11,2717.71,68700000000.0,Ferralsols / Gleysols / Lateritic,Winter,Irrigation,93.0,0.0,,
Mon,2020,Potato,0,0,0,391351453.3,28.13,1897.4,78930000000.0,Ferralsols / Gleysols / Lateritic,Winter,Irrigation,89.71,0.0,,
Mon,2021,Potato,0,0,0,388899650.8,27.71,3711.2,65120000000.0,Ferralsols / Gleysols / Lateritic,Winter,Irrigation,93.0,0.0,,
Mon,2022,Potato,0,0,0,586761617.0,27.71,3270.72,62240000000.0,Ferralsols / Gleysols / Lateritic,Winter,Irrigation,93.0,0.0,,
Mon,2023,Potato,0,0,0,586702652.6,28.09,3075.98,64800000000.0,Ferralsols / Gleysols / Lateritic,Winter,Irrigation,93.0,0.0,,
Rakhine,2012,Potato,7853,7853,25681,243967785.0,26.54,2984.69,59920000000.0,Gleysols / Alluvial / Mountainous,Winter,Irrigation,93.0,3.27021520438049,,
Rakhine,2013,Potato,8016,8016,26211,199816069.0,26.5,3116.99,63260000000.0,Gleysols / Alluvial / Mountainous,Winter,Irrigation,93.0,3.26983532934131,,
Rakhine,2014,Potato,8074,8074,26453,267590796.3,26.74,2952.75,67459999999.9999,Gleysols / Alluvial / Mountainous,Winter,Irrigation,93.0,3.27631904879861,,
Rakhine,2015,Potato,8237,8237,29388,238665203.2,26.5,8475.24,62720000000.0,Gleysols / Alluvial / Mountainous,Winter,Irrigation,93.0,3.5678038120675,,
Rakhine,2016,Potato,8252,8252,27050,314946615.9,26.76,10036.74,60120000000.0,Gleysols / Alluvial / Mountainous,Winter,Irrigation,93.0,3.27799321376635,,
Rakhine,2017,Potato,3846,3846,12391,304701296.0,26.66,7844.64,63340000000.0,Gleysols / Alluvial / Mountainous,Winter,Irrigation,93.0,3.22178887155486,,
Rakhine,2018,Potato,3221,3221,10300,380230690.0,26.17,7927.61,67150000000.0,Gleysols / Alluvial / Mountainous,Winter,Irrigation,93.0,3.19776466935734,,
Rakhine,2019,Potato,3169,3169,10157,413574673.8,26.66,8062.73,68700000000.0,Gleysols / Alluvial / Mountainous,Winter,Irrigation,93.0,3.2051120227201,,
Rakhine,2020,Potato,3151,3151,10107,391351453.3,26.49,7855.92,78930000000.0,Gleysols / Alluvial / Mountainous,Winter,Irrigation,93.0,3.2075531577277,,
Rakhine,2021,Potato,3139,3139,10873,388899650.8,26.93,5291.74,65120000000.0,Gleysols / Alluvial / Mountainous,Winter,Irrigation,93.0,3.46384198789423,,
Rakhine,2022,Potato,3146,3146,10900,586761617.0,26.66,5117.41,62240000000.0,Gleysols / Alluvial / Mountainous,Winter,Irrigation,93.0,3.46471710108073,,
Rakhine,2023,Potato,2549,2549,9110,586702652.6,26.9,5823.68,64800000000.0,Gleysols / Alluvial / Mountainous,Winter,Irrigation,93.0,3.57395056885052,,
Yangon,2012,Potato,0,0,0,243967785.0,27.5,1871.61,59920000000.0,Fluvisols / Gleysols / Alluvial,Winter,Irrigation,89.51,0.0,,
Yangon,2013,Potato,0,0,0,199816069.0,27.61,1492.96,63260000000.0,Fluvisols / Gleysols / Alluvial,Winter,Irrigation,84.95,0.0,,
Yangon,2014,Potato,0,0,0,267590796.3,27.67,1241.48,67459999999.9999,Fluvisols / Gleysols / Alluvial,Winter,Irrigation,81.92,0.0,,
Yangon,2015,Potato,0,0,0,238665203.2,27.86,1676.99,62720000000.0,Fluvisols / Gleysols / Alluvial,Winter,Irrigation,87.11,0.0,,
Yangon,2016,Potato,0,0,0,314946615.9,27.8,1521.79,60120000000.0,Fluvisols / Gleysols / Alluvial,Winter,Irrigation,85.26,0.0,,
Yangon,2017,Potato,0,0,0,304701296.0,27.54,1863.36,63340000000.0,Fluvisols / Gleysols / Alluvial,Winter,Irrigation,89.4,0.0,,
Yangon,2018,Potato,0,0,0,380230690.0,27.53,2226.31,67150000000.0,Fluvisols / Gleysols / Alluvial,Winter,Irrigation,93.0,0.0,,
Yangon,2019,Potato,0,0,0,413574673.8,28.09,1694.52,68700000000.0,Fluvisols / Gleysols / Alluvial,Winter,Irrigation,87.28,0.0,,
Yangon,2020,Potato,0,0,0,391351453.3,28.05,1262.54,78930000000.0,Fluvisols / Gleysols / Alluvial,Winter,Irrigation,82.1,0.0,,
Yangon,2021,Potato,0,0,0,388899650.8,27.4,2360.45,65120000000.0,Fluvisols / Gleysols / Alluvial,Winter,Irrigation,93.0,0.0,,
Yangon,2022,Potato,0,0,0,586761617.0,27.36,2242.28,62240000000.0,Fluvisols / Gleysols / Alluvial,Winter,Irrigation,93.0,0.0,,
Yangon,2023,Potato,0,0,0,586702652.6,28.02,2034.25,64800000000.0,Fluvisols / Gleysols / Alluvial,Winter,Irrigation,91.37,0.0,,
Shan,2012,Potato,54633,54633,356301,243967785.0,21.06,671.3,59920000000.0,Acrisols / Ferralsols / Red Earth,Winter,Irrigation,76.26,6.52171764318269,,
Shan,2013,Potato,54367,54367,344336,199816069.0,21.38,594.52,63260000000.0,Acrisols / Ferralsols / Red Earth,Winter,Irrigation,75.29,6.33354792429231,,
Shan,2014,Potato,54454,53992,344091,267590796.3,21.82,438.2,67459999999.9999,Acrisols / Ferralsols / Red Earth,Winter,Irrigation,73.33,6.3729997036598,,
Shan,2015,Potato,54685,54685,359741,238665203.2,21.68,533.62,62720000000.0,Acrisols / Ferralsols / Red Earth,Winter,Irrigation,74.5,6.57842187071409,,
Shan,2016,Potato,54522,54522,356254,314946615.9,21.69,570.05,60120000000.0,Acrisols / Ferralsols / Red Earth,Winter,Irrigation,74.94,6.53413301052786,,
Shan,2017,Potato,55077,55077,362974,304701296.0,21.52,759.17,63340000000.0,Acrisols / Ferralsols / Red Earth,Winter,Irrigation,77.24,6.59030085153512,,
Shan,2018,Potato,53927,53927,353890,380230690.0,21.16,624.01,67150000000.0,Acrisols / Ferralsols / Red Earth,Winter,Irrigation,75.68,6.56238989745396,,
Shan,2019,Potato,52586,52586,352977,413574673.8,21.87,584.23,68700000000.0,Acrisols / Ferralsols / Red Earth,Winter,Irrigation,75.07,6.71237591754459,,
Shan,2020,Potato,51296,51296,342810,391351453.3,21.56,626.15,78930000000.0,Acrisols / Ferralsols / Red Earth,Winter,Irrigation,75.63,6.68297723019338,,
Shan,2021,Potato,50374,50374,333080,388899650.8,21.67,658.43,65120000000.0,Acrisols / Ferralsols / Red Earth,Winter,Irrigation,76.0,6.61214118394409,,
Shan,2022,Potato,50808,50808,339981,586761617.0,21.33,803.12,62240000000.0,Acrisols / Ferralsols / Red Earth,Winter,Irrigation,77.8,6.69148559282002,,
Shan,2023,Potato,50912,50912,340125,586702652.6,22.07,653.29,64800000000.0,Acrisols / Ferralsols / Red Earth,Winter,Irrigation,75.87,6.68064503456945,,
Ayeyarwady,2012,Potato,25,25,143,243967785.0,27.73,892.99,59920000000.0,Fluvisols / Gleysols / Alluvial,Winter,Irrigation,77.72,5.72,,
Ayeyarwady,2013,Potato,25,25,103,199816069.0,27.91,705.85,63260000000.0,Fluvisols / Gleysols / Alluvial,Winter,Irrigation,75.45,4.12,,
Ayeyarwady,2014,Potato,25,25,143,267590796.3,28.21,606.23,67459999999.9999,Fluvisols / Gleysols / Alluvial,Winter,Irrigation,74.2,5.72,,
Ayeyarwady,2015,Potato,25,25,103,238665203.2,28.19,737.44,62720000000.0,Fluvisols / Gleysols / Alluvial,Winter,Irrigation,75.78,4.12,,
Ayeyarwady,2016,Potato,25,25,104,314946615.9,28.14,712.5,60120000000.0,Fluvisols / Gleysols / Alluvial,Winter,Irrigation,75.48,4.16,,
Ayeyarwady,2017,Potato,21,21,87,304701296.0,28.04,819.64,63340000000.0,Fluvisols / Gleysols / Alluvial,Winter,Irrigation,76.79,4.14285714285714,,
Ayeyarwady,2018,Potato,0,0,0,380230690.0,27.76,972.0,67150000000.0,Fluvisols / Gleysols / Alluvial,Winter,Irrigation,78.67,0.0,,
Ayeyarwady,2019,Potato,0,0,0,413574673.8,28.38,776.06,68700000000.0,Fluvisols / Gleysols / Alluvial,Winter,Irrigation,76.2,0.0,,
Ayeyarwady,2020,Potato,0,0,0,391351453.3,28.37,575.94,78930000000.0,Fluvisols / Gleysols / Alluvial,Winter,Irrigation,73.8,0.0,,
Ayeyarwady,2021,Potato,0,0,0,388899650.8,27.92,960.87,65120000000.0,Fluvisols / Gleysols / Alluvial,Winter,Irrigation,78.5,0.0,,
Ayeyarwady,2022,Potato,0,0,0,586761617.0,27.91,944.56,62240000000.0,Fluvisols / Gleysols / Alluvial,Winter,Irrigation,78.31,0.0,,
Ayeyarwady,2023,Potato,0,0,0,586702652.6,28.36,837.63,64800000000.0,Fluvisols / Gleysols / Alluvial,Winter,Irrigation,76.95,0.0,,
Nay Pyi Taw,2012,Potato,1929,1929,17586,243967785.0,25.41,942.84,59920000000.0,Cambisols / Fluvisols / Loam,Winter,Irrigation,78.74,9.11664074650077,,
Nay Pyi Taw,2013,Potato,1665,1665,15253,199816069.0,25.88,775.78,63260000000.0,Cambisols / Fluvisols / Loam,Winter,Irrigation,76.65,9.16096096096096,,
Nay Pyi Taw,2014,Potato,1668,1668,15281,267590796.3,26.38,617.16,67459999999.9999,Cambisols / Fluvisols / Loam,Winter,Irrigation,74.66,9.16127098321342,,
Nay Pyi Taw,2015,Potato,1669,1669,15290,238665203.2,26.35,678.38,62720000000.0,Cambisols / Fluvisols / Loam,Winter,Irrigation,75.4,9.16117435590173,,
Nay Pyi Taw,2016,Potato,1682,1682,15410,314946615.9,26.23,754.74,60120000000.0,Cambisols / Fluvisols / Loam,Winter,Irrigation,76.34,9.16171224732461,,
Nay Pyi Taw,2017,Potato,1687,1687,15447,304701296.0,26.08,972.17,63340000000.0,Cambisols / Fluvisols / Loam,Winter,Irrigation,78.97,9.15649081209247,,
Nay Pyi Taw,2018,Potato,1768,1768,15931,380230690.0,25.73,812.09,67150000000.0,Cambisols / Fluvisols / Loam,Winter,Irrigation,77.11,9.01074660633484,,
Nay Pyi Taw,2019,Potato,1678,1678,15372,413574673.8,26.57,787.91,68700000000.0,Cambisols / Fluvisols / Loam,Winter,Irrigation,76.67,9.16090584028605,,
Nay Pyi Taw,2020,Potato,1092,1092,10004,391351453.3,26.28,762.33,78930000000.0,Cambisols / Fluvisols / Loam,Winter,Irrigation,76.42,9.16117216117216,,
Nay Pyi Taw,2021,Potato,58,58,531,388899650.8,26.24,851.96,65120000000.0,Cambisols / Fluvisols / Loam,Winter,Irrigation,77.5,9.1551724137931,,
Nay Pyi Taw,2022,Potato,0,0,0,586761617.0,25.96,1027.18,62240000000.0,Cambisols / Fluvisols / Loam,Winter,Irrigation,79.65,0.0,,
Nay Pyi Taw,2023,Potato,0,0,0,586702652.6,26.62,853.39,64800000000.0,Cambisols / Fluvisols / Loam,Winter,Irrigation,77.45,0.0,,
Kachin,2012,Plantain,28418,14254,11027,243967785.0,23.38,914.61,59920000000.0,Acrisols / Red-Brown Lateritic,Rainy,Rainfed,78.77,0.773607408446751,,
Kachin,2013,Plantain,28422,15008,12095,199816069.0,23.62,939.94,63260000000.0,Acrisols / Red-Brown Lateritic,Rainy,Rainfed,79.03,0.805903518123667,,
Kachin,2014,Plantain,31674,15509,13496,267590796.3,24.01,833.48,67459999999.9999,Acrisols / Red-Brown Lateritic,Rainy,Rainfed,77.68,0.870204397446643,,
Kachin,2015,Plantain,34072,18794,15069,238665203.2,23.27,1005.47,62720000000.0,Acrisols / Red-Brown Lateritic,Rainy,Rainfed,79.88,0.801798446312653,,
Kachin,2016,Plantain,40358,18889,14879,314946615.9,23.17,1224.63,60120000000.0,Acrisols / Red-Brown Lateritic,Rainy,Rainfed,82.52,0.787707131134522,,
Kachin,2017,Plantain,60142,35241,27595,304701296.0,23.28,1125.21,63340000000.0,Acrisols / Red-Brown Lateritic,Rainy,Rainfed,81.31,0.783036803722936,,
Kachin,2018,Plantain,77103,63721,50138,380230690.0,22.85,1162.0,67150000000.0,Acrisols / Red-Brown Lateritic,Rainy,Rainfed,81.83,0.786836364777702,,
Kachin,2019,Plantain,81762,66932,50019,413574673.8,23.49,1042.44,68700000000.0,Acrisols / Red-Brown Lateritic,Rainy,Rainfed,80.28,0.747310703400466,,
Kachin,2020,Plantain,81862,81601,63680,391351453.3,22.87,1329.91,78930000000.0,Acrisols / Red-Brown Lateritic,Rainy,Rainfed,83.84,0.780382593350571,,
Kachin,2021,Plantain,81782,28061,21745,388899650.8,23.65,1005.31,65120000000.0,Acrisols / Red-Brown Lateritic,Rainy,Rainfed,79.81,0.77491892662414,,
Kachin,2022,Plantain,84516,78255,59624,586761617.0,22.99,1256.07,62240000000.0,Acrisols / Red-Brown Lateritic,Rainy,Rainfed,82.93,0.761919366174685,,
Kachin,2023,Plantain,84525,82480,64829,586702652.6,23.84,1183.85,64800000000.0,Acrisols / Red-Brown Lateritic,Rainy,Rainfed,81.91,0.785996605237633,,
Kayah,2012,Plantain,2489,2489,1526,243967785.0,22.51,1604.82,59920000000.0,Luvisols / Red Earth,Rainy,Rainfed,87.21,0.613097629570108,,
Kayah,2013,Plantain,2500,2500,1536,199816069.0,22.71,1317.07,63260000000.0,Luvisols / Red Earth,Rainy,Rainfed,83.72,0.6144,,
Kayah,2014,Plantain,2147,2147,1316,267590796.3,23.02,1089.18,67459999999.9999,Luvisols / Red Earth,Rainy,Rainfed,80.93,0.612948299953423,,
Kayah,2015,Plantain,2147,2147,1318,238665203.2,23.36,1113.03,62720000000.0,Luvisols / Red Earth,Rainy,Rainfed,81.15,0.613879832324173,,
Kayah,2016,Plantain,2323,2323,1424,314946615.9,23.41,1222.88,60120000000.0,Luvisols / Red Earth,Rainy,Rainfed,82.46,0.61300043047783,,
Kayah,2017,Plantain,2060,2060,1261,304701296.0,23.16,1567.54,63340000000.0,Luvisols / Red Earth,Rainy,Rainfed,86.64,0.612135922330097,,
Kayah,2018,Plantain,2061,2061,1267,380230690.0,22.69,1316.55,67150000000.0,Luvisols / Red Earth,Rainy,Rainfed,83.71,0.614750121300339,,
Kayah,2019,Plantain,2285,2285,1394,413574673.8,23.24,1282.79,68700000000.0,Luvisols / Red Earth,Rainy,Rainfed,83.21,0.610065645514223,,
Kayah,2020,Plantain,2287,2219,1353,391351453.3,23.16,1222.66,78930000000.0,Luvisols / Red Earth,Rainy,Rainfed,82.5,0.609734114465975,,
Kayah,2021,Plantain,2287,2239,1365,388899650.8,23.01,1440.62,65120000000.0,Luvisols / Red Earth,Rainy,Rainfed,85.15,0.60964716391246,,
Kayah,2022,Plantain,2287,2239,1366,586761617.0,22.94,1814.13,62240000000.0,Luvisols / Red Earth,Rainy,Rainfed,89.64,0.610093791871371,,
Kayah,2023,Plantain,2287,2239,1366,586702652.6,23.4,1417.46,64800000000.0,Luvisols / Red Earth,Rainy,Rainfed,84.8,0.610093791871371,,
Kayin,2012,Plantain,13075,6385,8832,243967785.0,26.77,2467.92,59920000000.0,Fluvisols / Gleysols / Alluvial,Rainy,Rainfed,93.0,1.38324197337509,,
Kayin,2013,Plantain,13101,6454,9297,199816069.0,26.67,2022.51,63260000000.0,Fluvisols / Gleysols / Alluvial,Rainy,Rainfed,91.47,1.44050201425472,,
Kayin,2014,Plantain,13156,6802,10102,267590796.3,26.61,1604.54,67459999999.9999,Fluvisols / Gleysols / Alluvial,Rainy,Rainfed,86.46,1.48515142605116,,
Kayin,2015,Plantain,13299,13202,19493,238665203.2,26.97,1981.43,62720000000.0,Fluvisols / Gleysols / Alluvial,Rainy,Rainfed,90.92,1.47651870928647,,
Kayin,2016,Plantain,13339,13299,20683,314946615.9,26.89,1804.66,60120000000.0,Fluvisols / Gleysols / Alluvial,Rainy,Rainfed,88.82,1.55522971652003,,
Kayin,2017,Plantain,13361,13340,20695,304701296.0,26.65,2185.47,63340000000.0,Fluvisols / Gleysols / Alluvial,Rainy,Rainfed,93.0,1.55134932533733,,
Kayin,2018,Plantain,13361,13361,22457,380230690.0,26.73,2484.66,67150000000.0,Fluvisols / Gleysols / Alluvial,Rainy,Rainfed,93.0,1.6807873662151,,
Kayin,2019,Plantain,13372,13361,21529,413574673.8,26.95,2087.25,68700000000.0,Fluvisols / Gleysols / Alluvial,Rainy,Rainfed,92.2,1.61133148716413,,
Kayin,2020,Plantain,13390,13372,21543,391351453.3,27.12,1531.95,78930000000.0,Fluvisols / Gleysols / Alluvial,Rainy,Rainfed,85.5,1.61105294645527,,
Kayin,2021,Plantain,13390,13383,21254,388899650.8,26.67,2969.17,65120000000.0,Fluvisols / Gleysols / Alluvial,Rainy,Rainfed,93.0,1.58813420010461,,
Kayin,2022,Plantain,13401,13390,21574,586761617.0,26.62,2622.64,62240000000.0,Fluvisols / Gleysols / Alluvial,Rainy,Rainfed,93.0,1.61120238984316,,
Kayin,2023,Plantain,13411,13411,18593,586702652.6,26.96,2436.25,64800000000.0,Fluvisols / Gleysols / Alluvial,Rainy,Rainfed,93.0,1.38639922451718,,
Chin,2012,Plantain,3050,2987,1340,243967785.0,22.62,716.7,59920000000.0,Cambisols / Mountainous Soil,Rainy,Rainfed,76.53,0.448610646133244,,
Chin,2013,Plantain,3350,3022,1350,199816069.0,22.48,814.73,63260000000.0,Cambisols / Mountainous Soil,Rainy,Rainfed,77.73,0.446724023825281,,
Chin,2014,Plantain,3496,3122,1368,267590796.3,22.97,716.65,67459999999.9999,Cambisols / Mountainous Soil,Rainy,Rainfed,76.47,0.43818065342729,,
Chin,2015,Plantain,3455,3132,1392,238665203.2,22.61,913.76,62720000000.0,Cambisols / Mountainous Soil,Rainy,Rainfed,78.9,0.444444444444444,,
Chin,2016,Plantain,3502,3466,1583,314946615.9,22.87,965.57,60120000000.0,Cambisols / Mountainous Soil,Rainy,Rainfed,79.47,0.45672244662435,,
Chin,2017,Plantain,3555,3474,1583,304701296.0,22.26,1578.85,63340000000.0,Cambisols / Mountainous Soil,Rainy,Rainfed,86.94,0.455670696603339,,
Chin,2018,Plantain,3584,3507,1575,380230690.0,21.95,1160.88,67150000000.0,Cambisols / Mountainous Soil,Rainy,Rainfed,81.98,0.449101796407185,,
Chin,2019,Plantain,3722,3521,1576,413574673.8,22.53,1254.78,68700000000.0,Cambisols / Mountainous Soil,Rainy,Rainfed,83.0,0.447600113604089,,
Chin,2020,Plantain,3726,3684,1663,391351453.3,22.26,1038.88,78930000000.0,Cambisols / Mountainous Soil,Rainy,Rainfed,80.46,0.451411509229098,,
Chin,2021,Plantain,3422,2867,1263,388899650.8,22.92,753.21,65120000000.0,Cambisols / Mountainous Soil,Rainy,Rainfed,76.91,0.440530170910359,,
Chin,2022,Plantain,3176,2823,1243,586761617.0,22.64,714.38,62240000000.0,Cambisols / Mountainous Soil,Rainy,Rainfed,76.5,0.440311725115125,,
Chin,2023,Plantain,3295,2812,1251,586702652.6,23.13,770.15,64800000000.0,Cambisols / Mountainous Soil,Rainy,Rainfed,77.08,0.444879089615931,,
Sagaing,2012,Plantain,20527,20474,18721,243967785.0,28.48,302.6,59920000000.0,Luvisols / Cambisols / Savanna,Rainy,Rainfed,70.5,0.914379212659958,,
Sagaing,2013,Plantain,20605,20561,19543,199816069.0,28.47,362.75,63260000000.0,Luvisols / Cambisols / Savanna,Rainy,Rainfed,71.23,0.950488789455765,,
Sagaing,2014,Plantain,20752,20626,19756,267590796.3,29.02,272.71,67459999999.9999,Luvisols / Cambisols / Savanna,Rainy,Rainfed,70.05,0.957820226898089,,
Sagaing,2015,Plantain,21131,20524,20208,238665203.2,28.54,378.91,62720000000.0,Luvisols / Cambisols / Savanna,Rainy,Rainfed,71.41,0.984603391151822,,
Sagaing,2016,Plantain,22153,21724,21809,314946615.9,28.61,466.45,60120000000.0,Luvisols / Cambisols / Savanna,Rainy,Rainfed,72.45,1.00391272325538,,
Sagaing,2017,Plantain,22409,22353,21908,304701296.0,28.07,637.58,63340000000.0,Luvisols / Cambisols / Savanna,Rainy,Rainfed,74.6,0.980092157652216,,
Sagaing,2018,Plantain,22751,22641,22179,380230690.0,27.88,475.8,67150000000.0,Luvisols / Cambisols / Savanna,Rainy,Rainfed,72.69,0.979594540877169,,
Sagaing,2019,Plantain,25007,23053,22851,413574673.8,28.67,477.22,68700000000.0,Luvisols / Cambisols / Savanna,Rainy,Rainfed,72.57,0.991237582961003,,
Sagaing,2020,Plantain,25316,25301,24823,391351453.3,28.0,552.96,78930000000.0,Luvisols / Cambisols / Savanna,Rainy,Rainfed,73.6,0.981107466108059,,
Sagaing,2021,Plantain,25964,25884,25093,388899650.8,29.14,338.14,65120000000.0,Luvisols / Cambisols / Savanna,Rainy,Rainfed,70.81,0.969440581053932,,
Sagaing,2022,Plantain,25991,25977,25239,586761617.0,28.78,375.7,62240000000.0,Luvisols / Cambisols / Savanna,Rainy,Rainfed,71.33,0.971590252916041,,
Sagaing,2023,Plantain,26033,26025,25382,586702652.6,29.19,387.79,64800000000.0,Luvisols / Cambisols / Savanna,Rainy,Rainfed,71.4,0.975292987512007,,
Tanintharyi,2012,Plantain,11305,10939,5304,243967785.0,26.24,2388.49,59920000000.0,Ferralsols / Plinthosols / Lateritic,Rainy,Rainfed,93.0,0.484870646311363,,
Tanintharyi,2013,Plantain,11352,11033,5285,199816069.0,25.94,2304.57,63260000000.0,Ferralsols / Plinthosols / Lateritic,Rainy,Rainfed,93.0,0.479017492975618,,
Tanintharyi,2014,Plantain,11352,11094,5981,267590796.3,25.99,1706.05,67459999999.9999,Ferralsols / Plinthosols / Lateritic,Rainy,Rainfed,87.79,0.539120245177573,,
Tanintharyi,2015,Plantain,11352,11172,7005,238665203.2,26.43,1914.37,62720000000.0,Ferralsols / Plinthosols / Lateritic,Rainy,Rainfed,90.22,0.627013963480128,,
Tanintharyi,2016,Plantain,11352,11176,7032,314946615.9,26.3,1870.73,60120000000.0,Ferralsols / Plinthosols / Lateritic,Rainy,Rainfed,89.71,0.629205440229062,,
Tanintharyi,2017,Plantain,11357,11265,7180,304701296.0,26.08,2485.72,63340000000.0,Ferralsols / Plinthosols / Lateritic,Rainy,Rainfed,93.0,0.637372392365734,,
Tanintharyi,2018,Plantain,11357,11265,8864,380230690.0,26.23,2273.98,67150000000.0,Ferralsols / Plinthosols / Lateritic,Rainy,Rainfed,93.0,0.786861961828672,,
Tanintharyi,2019,Plantain,11451,11305,8146,413574673.8,26.44,1846.93,68700000000.0,Ferralsols / Plinthosols / Lateritic,Rainy,Rainfed,89.4,0.720566121185316,,
Tanintharyi,2020,Plantain,11483,11401,8102,391351453.3,26.42,2375.71,78930000000.0,Ferralsols / Plinthosols / Lateritic,Rainy,Rainfed,93.0,0.710639417594947,,
Tanintharyi,2021,Plantain,11497,11417,7430,388899650.8,25.97,2896.94,65120000000.0,Ferralsols / Plinthosols / Lateritic,Rainy,Rainfed,93.0,0.650783918717701,,
Tanintharyi,2022,Plantain,11506,11423,8225,586761617.0,26.08,2726.62,62240000000.0,Ferralsols / Plinthosols / Lateritic,Rainy,Rainfed,93.0,0.720038518777904,,
Tanintharyi,2023,Plantain,11508,11430,9012,586702652.6,26.46,2318.19,64800000000.0,Ferralsols / Plinthosols / Lateritic,Rainy,Rainfed,93.0,0.788451443569553,,
Bago,2012,Plantain,14622,14622,22656,243967785.0,27.33,1519.25,59920000000.0,Fluvisols / Gleysols / Alluvial,Rainy,Rainfed,85.31,1.54944604021337,,
Bago,2013,Plantain,14624,14624,23487,199816069.0,27.57,1187.91,63260000000.0,Fluvisols / Gleysols / Alluvial,Rainy,Rainfed,81.29,1.60605853391684,,
Bago,2014,Plantain,14639,14639,23751,267590796.3,27.57,1054.41,67459999999.9999,Fluvisols / Gleysols / Alluvial,Rainy,Rainfed,79.69,1.62244688844866,,
Bago,2015,Plantain,14847,14847,24464,238665203.2,27.77,1256.33,62720000000.0,Fluvisols / Gleysols / Alluvial,Rainy,Rainfed,82.08,1.6477402842325,,
Bago,2016,Plantain,14847,14847,24674,314946615.9,27.71,1212.7,60120000000.0,Fluvisols / Gleysols / Alluvial,Rainy,Rainfed,81.56,1.66188455580251,,
Bago,2017,Plantain,14847,14847,24629,304701296.0,27.49,1498.81,63340000000.0,Fluvisols / Gleysols / Alluvial,Rainy,Rainfed,85.04,1.65885364046608,,
Bago,2018,Plantain,14847,14847,24633,380230690.0,27.43,1690.27,67150000000.0,Fluvisols / Gleysols / Alluvial,Rainy,Rainfed,87.35,1.65912305516265,,
Bago,2019,Plantain,14847,14847,24641,413574673.8,28.09,1236.72,68700000000.0,Fluvisols / Gleysols / Alluvial,Rainy,Rainfed,81.78,1.6596618845558,,
Bago,2020,Plantain,14938,14938,25696,391351453.3,28.01,1004.02,78930000000.0,Fluvisols / Gleysols / Alluvial,Rainy,Rainfed,79.01,1.720176730486,,
Bago,2021,Plantain,14998,14998,25770,388899650.8,27.31,1749.84,65120000000.0,Fluvisols / Gleysols / Alluvial,Rainy,Rainfed,88.08,1.71822909721296,,
Bago,2022,Plantain,16013,15983,27850,586761617.0,27.34,1789.55,62240000000.0,Fluvisols / Gleysols / Alluvial,Rainy,Rainfed,88.55,1.74247638115497,,
Bago,2023,Plantain,16071,16041,25529,586702652.6,28.01,1574.66,64800000000.0,Fluvisols / Gleysols / Alluvial,Rainy,Rainfed,85.85,1.59148432142634,,
Magway,2012,Plantain,2679,2670,2858,243967785.0,26.79,898.02,59920000000.0,Regosols / Luvisols / Sandy Savanna,Rainy,Rainfed,77.95,1.07041198501872,,
Magway,2013,Plantain,2680,2670,3069,199816069.0,26.96,878.15,63260000000.0,Regosols / Luvisols / Sandy Savanna,Rainy,Rainfed,77.68,1.14943820224719,,
Magway,2014,Plantain,2686,2680,3113,267590796.3,27.42,770.86,67459999999.9999,Regosols / Luvisols / Sandy Savanna,Rainy,Rainfed,76.31,1.1615671641791,,
Magway,2015,Plantain,2686,2624,3098,238665203.2,27.31,734.05,62720000000.0,Regosols / Luvisols / Sandy Savanna,Rainy,Rainfed,75.89,1.18064024390243,,
Magway,2016,Plantain,2687,2686,3165,314946615.9,27.18,941.74,60120000000.0,Regosols / Luvisols / Sandy Savanna,Rainy,Rainfed,78.41,1.1783320923306,,
Magway,2017,Plantain,2719,2719,3154,304701296.0,27.02,1107.58,63340000000.0,Regosols / Luvisols / Sandy Savanna,Rainy,Rainfed,80.43,1.15998528870908,,
Magway,2018,Plantain,3074,2844,3317,380230690.0,26.75,839.14,67150000000.0,Regosols / Luvisols / Sandy Savanna,Rainy,Rainfed,77.25,1.16631504922644,,
Magway,2019,Plantain,3093,2901,3882,413574673.8,27.7,769.91,68700000000.0,Regosols / Luvisols / Sandy Savanna,Rainy,Rainfed,76.25,1.33815925542916,,
Magway,2020,Plantain,3114,2985,3613,391351453.3,27.15,822.19,78930000000.0,Regosols / Luvisols / Sandy Savanna,Rainy,Rainfed,76.98,1.21038525963149,,
Magway,2021,Plantain,3159,3018,3655,388899650.8,27.77,689.55,65120000000.0,Regosols / Luvisols / Sandy Savanna,Rainy,Rainfed,75.28,1.21106693174287,,
Magway,2022,Plantain,3159,3074,3700,586761617.0,27.6,729.42,62240000000.0,Regosols / Luvisols / Sandy Savanna,Rainy,Rainfed,75.79,1.20364346128822,,
Magway,2023,Plantain,3197,3143,3907,586702652.6,28.03,696.9,64800000000.0,Regosols / Luvisols / Sandy Savanna,Rainy,Rainfed,75.32,1.24307986000636,,
Mandalay,2012,Plantain,7141,6976,7055,243967785.0,27.22,338.39,59920000000.0,Luvisols / Cambisols / Savanna,Rainy,Rainfed,71.16,1.0113245412844,,
Mandalay,2013,Plantain,8011,7114,7154,199816069.0,27.39,350.66,63260000000.0,Luvisols / Cambisols / Savanna,Rainy,Rainfed,71.28,1.00562271577171,,
Mandalay,2014,Plantain,8514,8115,7954,267590796.3,27.89,270.44,67459999999.9999,Luvisols / Cambisols / Savanna,Rainy,Rainfed,70.23,0.980160197165742,,
Mandalay,2015,Plantain,9027,8152,8471,238665203.2,27.41,376.48,62720000000.0,Luvisols / Cambisols / Savanna,Rainy,Rainfed,71.58,1.03913150147203,,
Mandalay,2016,Plantain,10608,9927,16594,314946615.9,27.59,376.98,60120000000.0,Luvisols / Cambisols / Savanna,Rainy,Rainfed,71.56,1.67160269970786,,
Mandalay,2017,Plantain,10421,10000,10157,304701296.0,27.37,461.76,63340000000.0,Luvisols / Cambisols / Savanna,Rainy,Rainfed,72.61,1.0157,,
Mandalay,2018,Plantain,10515,10082,10289,380230690.0,27.03,394.62,67150000000.0,Luvisols / Cambisols / Savanna,Rainy,Rainfed,71.87,1.02053164054751,,
Mandalay,2019,Plantain,9861,9634,10335,413574673.8,27.69,414.37,68700000000.0,Luvisols / Cambisols / Savanna,Rainy,Rainfed,71.99,1.07276313057919,,
Mandalay,2020,Plantain,10316,9726,10433,391351453.3,27.18,470.39,78930000000.0,Luvisols / Cambisols / Savanna,Rainy,Rainfed,72.75,1.07269175406127,,
Mandalay,2021,Plantain,10478,9449,10374,388899650.8,27.8,383.44,65120000000.0,Luvisols / Cambisols / Savanna,Rainy,Rainfed,71.6,1.09789395703249,,
Mandalay,2022,Plantain,12269,10438,11365,586761617.0,27.53,425.89,62240000000.0,Luvisols / Cambisols / Savanna,Rainy,Rainfed,72.16,1.08881011688062,,
Mandalay,2023,Plantain,12907,12363,13035,586702652.6,28.02,431.5,64800000000.0,Luvisols / Cambisols / Savanna,Rainy,Rainfed,72.13,1.05435573889832,,
Mon,2012,Plantain,6472,6385,8961,243967785.0,27.89,2936.46,59920000000.0,Ferralsols / Gleysols / Lateritic,Rainy,Rainfed,93.0,1.40344557556773,,
Mon,2013,Plantain,6508,6409,9024,199816069.0,27.75,2472.26,63260000000.0,Ferralsols / Gleysols / Lateritic,Rainy,Rainfed,93.0,1.40801997191449,,
Mon,2014,Plantain,6567,6467,9800,267590796.3,27.71,1805.43,67459999999.9999,Ferralsols / Gleysols / Lateritic,Rainy,Rainfed,88.68,1.51538580485541,,
Mon,2015,Plantain,6583,6498,9848,238665203.2,27.96,2500.08,62720000000.0,Ferralsols / Gleysols / Lateritic,Rainy,Rainfed,93.0,1.5155432440751,,
Mon,2016,Plantain,6587,6572,10054,314946615.9,27.84,2247.31,60120000000.0,Ferralsols / Gleysols / Lateritic,Rainy,Rainfed,93.0,1.52982349360925,,
Mon,2017,Plantain,6587,6574,10043,304701296.0,27.68,2729.02,63340000000.0,Ferralsols / Gleysols / Lateritic,Rainy,Rainfed,93.0,1.52768481898387,,
Mon,2018,Plantain,6588,6577,11075,380230690.0,27.86,3263.34,67150000000.0,Ferralsols / Gleysols / Lateritic,Rainy,Rainfed,93.0,1.68389843393644,,
Mon,2019,Plantain,6588,6577,11273,413574673.8,28.11,2717.71,68700000000.0,Ferralsols / Gleysols / Lateritic,Rainy,Rainfed,93.0,1.71400334499011,,
Mon,2020,Plantain,6588,6587,10358,391351453.3,28.13,1897.4,78930000000.0,Ferralsols / Gleysols / Lateritic,Rainy,Rainfed,89.71,1.57249127068468,,
Mon,2021,Plantain,6593,6516,10146,388899650.8,27.71,3711.2,65120000000.0,Ferralsols / Gleysols / Lateritic,Rainy,Rainfed,93.0,1.55709023941068,,
Mon,2022,Plantain,6718,6687,10533,586761617.0,27.71,3270.72,62240000000.0,Ferralsols / Gleysols / Lateritic,Rainy,Rainfed,93.0,1.57514580529385,,
Mon,2023,Plantain,6718,6717,10629,586702652.6,28.09,3075.98,64800000000.0,Ferralsols / Gleysols / Lateritic,Rainy,Rainfed,93.0,1.58240285841893,,
Rakhine,2012,Plantain,7147,7035,7667,243967785.0,26.54,2984.69,59920000000.0,Gleysols / Alluvial / Mountainous,Rainy,Rainfed,93.0,1.08983653162757,,
Rakhine,2013,Plantain,7216,7116,8547,199816069.0,26.5,3116.99,63260000000.0,Gleysols / Alluvial / Mountainous,Rainy,Rainfed,93.0,1.20109612141652,,
Rakhine,2014,Plantain,7230,7182,8669,267590796.3,26.74,2952.75,67459999999.9999,Gleysols / Alluvial / Mountainous,Rainy,Rainfed,93.0,1.20704539125591,,
Rakhine,2015,Plantain,7360,7350,9704,238665203.2,26.5,8475.24,62720000000.0,Gleysols / Alluvial / Mountainous,Rainy,Rainfed,93.0,1.32027210884353,,
Rakhine,2016,Plantain,7575,7394,9739,314946615.9,26.76,10036.74,60120000000.0,Gleysols / Alluvial / Mountainous,Rainy,Rainfed,93.0,1.31714903976196,,
Rakhine,2017,Plantain,7669,7415,8639,304701296.0,26.66,7844.64,63340000000.0,Gleysols / Alluvial / Mountainous,Rainy,Rainfed,93.0,1.16507080242751,,
Rakhine,2018,Plantain,8067,7882,9257,380230690.0,26.17,7927.61,67150000000.0,Gleysols / Alluvial / Mountainous,Rainy,Rainfed,93.0,1.17444810961684,,
Rakhine,2019,Plantain,8067,7902,9260,413574673.8,26.66,8062.73,68700000000.0,Gleysols / Alluvial / Mountainous,Rainy,Rainfed,93.0,1.17185522652493,,
Rakhine,2020,Plantain,8067,7708,9106,391351453.3,26.49,7855.92,78930000000.0,Gleysols / Alluvial / Mountainous,Rainy,Rainfed,93.0,1.18137000518941,,
Rakhine,2021,Plantain,8068,7628,8894,388899650.8,26.93,5291.74,65120000000.0,Gleysols / Alluvial / Mountainous,Rainy,Rainfed,93.0,1.16596748820136,,
Rakhine,2022,Plantain,8068,7631,8917,586761617.0,26.66,5117.41,62240000000.0,Gleysols / Alluvial / Mountainous,Rainy,Rainfed,93.0,1.16852312934084,,
Rakhine,2023,Plantain,8068,7023,7495,586702652.6,26.9,5823.68,64800000000.0,Gleysols / Alluvial / Mountainous,Rainy,Rainfed,93.0,1.0672077459775,,
Yangon,2012,Plantain,6975,6975,5923,243967785.0,27.5,1871.61,59920000000.0,Fluvisols / Gleysols / Alluvial,Rainy,Rainfed,89.51,0.849175627240143,,
Yangon,2013,Plantain,6989,6981,5963,199816069.0,27.61,1492.96,63260000000.0,Fluvisols / Gleysols / Alluvial,Rainy,Rainfed,84.95,0.854175619538748,,
Yangon,2014,Plantain,7014,6986,5702,267590796.3,27.67,1241.48,67459999999.9999,Fluvisols / Gleysols / Alluvial,Rainy,Rainfed,81.92,0.816203836243916,,
Yangon,2015,Plantain,7014,6911,5635,238665203.2,27.86,1676.99,62720000000.0,Fluvisols / Gleysols / Alluvial,Rainy,Rainfed,87.11,0.815366806540298,,
Yangon,2016,Plantain,7014,6696,5424,314946615.9,27.8,1521.79,60120000000.0,Fluvisols / Gleysols / Alluvial,Rainy,Rainfed,85.26,0.810035842293906,,
Yangon,2017,Plantain,7014,6695,5423,304701296.0,27.54,1863.36,63340000000.0,Fluvisols / Gleysols / Alluvial,Rainy,Rainfed,89.4,0.810007468259895,,
Yangon,2018,Plantain,7246,6930,5614,380230690.0,27.53,2226.31,67150000000.0,Fluvisols / Gleysols / Alluvial,Rainy,Rainfed,93.0,0.81010101010101,,
Yangon,2019,Plantain,7246,6932,5612,413574673.8,28.09,1694.52,68700000000.0,Fluvisols / Gleysols / Alluvial,Rainy,Rainfed,87.28,0.809578765147143,,
Yangon,2020,Plantain,7246,6934,5620,391351453.3,28.05,1262.54,78930000000.0,Fluvisols / Gleysols / Alluvial,Rainy,Rainfed,82.1,0.810498990481684,,
Yangon,2021,Plantain,7141,6938,5630,388899650.8,27.4,2360.45,65120000000.0,Fluvisols / Gleysols / Alluvial,Rainy,Rainfed,93.0,0.811473046987604,,
Yangon,2022,Plantain,7242,7141,5622,586761617.0,27.36,2242.28,62240000000.0,Fluvisols / Gleysols / Alluvial,Rainy,Rainfed,93.0,0.787284694020445,,
Yangon,2023,Plantain,7242,7242,5610,586702652.6,28.02,2034.25,64800000000.0,Fluvisols / Gleysols / Alluvial,Rainy,Rainfed,91.37,0.774647887323943,,
Shan,2012,Plantain,19509,19340,13974,243967785.0,21.06,671.3,59920000000.0,Acrisols / Ferralsols / Red Earth,Rainy,Rainfed,76.26,0.722543950361944,,
Shan,2013,Plantain,19730,19421,13914,199816069.0,21.38,594.52,63260000000.0,Acrisols / Ferralsols / Red Earth,Rainy,Rainfed,75.29,0.716440965964677,,
Shan,2014,Plantain,19912,19628,14257,267590796.3,21.82,438.2,67459999999.9999,Acrisols / Ferralsols / Red Earth,Rainy,Rainfed,73.33,0.726360301609945,,
Shan,2015,Plantain,19976,19713,14220,238665203.2,21.68,533.62,62720000000.0,Acrisols / Ferralsols / Red Earth,Rainy,Rainfed,74.5,0.721351392482118,,
Shan,2016,Plantain,20417,20171,14461,314946615.9,21.69,570.05,60120000000.0,Acrisols / Ferralsols / Red Earth,Rainy,Rainfed,74.94,0.716920331168509,,
Shan,2017,Plantain,20628,20382,14683,304701296.0,21.52,759.17,63340000000.0,Acrisols / Ferralsols / Red Earth,Rainy,Rainfed,77.24,0.720390540673143,,
Shan,2018,Plantain,20843,20614,15651,380230690.0,21.16,624.01,67150000000.0,Acrisols / Ferralsols / Red Earth,Rainy,Rainfed,75.68,0.759241292325604,,
Shan,2019,Plantain,22989,22760,16370,413574673.8,21.87,584.23,68700000000.0,Acrisols / Ferralsols / Red Earth,Rainy,Rainfed,75.07,0.719244288224956,,
Shan,2020,Plantain,19742,18885,13629,391351453.3,21.56,626.15,78930000000.0,Acrisols / Ferralsols / Red Earth,Rainy,Rainfed,75.63,0.721683876092136,,
Shan,2021,Plantain,19475,19279,13558,388899650.8,21.67,658.43,65120000000.0,Acrisols / Ferralsols / Red Earth,Rainy,Rainfed,76.0,0.703252243373618,,
Shan,2022,Plantain,18133,17934,12495,586761617.0,21.33,803.12,62240000000.0,Acrisols / Ferralsols / Red Earth,Rainy,Rainfed,77.8,0.696721311475409,,
Shan,2023,Plantain,18002,17808,12129,586702652.6,22.07,653.29,64800000000.0,Acrisols / Ferralsols / Red Earth,Rainy,Rainfed,75.87,0.681098382749326,,
Ayeyarwady,2012,Plantain,57588,57545,73952,243967785.0,27.73,892.99,59920000000.0,Fluvisols / Gleysols / Alluvial,Rainy,Rainfed,77.72,1.2851159961769,,
Ayeyarwady,2013,Plantain,58576,58481,75743,199816069.0,27.91,705.85,63260000000.0,Fluvisols / Gleysols / Alluvial,Rainy,Rainfed,75.45,1.29517279116294,,
Ayeyarwady,2014,Plantain,61284,61284,81862,267590796.3,28.21,606.23,67459999999.9999,Fluvisols / Gleysols / Alluvial,Rainy,Rainfed,74.2,1.3357809542458,,
Ayeyarwady,2015,Plantain,61430,61400,80687,238665203.2,28.19,737.44,62720000000.0,Fluvisols / Gleysols / Alluvial,Rainy,Rainfed,75.78,1.31412052117263,,
Ayeyarwady,2016,Plantain,61610,61405,77475,314946615.9,28.14,712.5,60120000000.0,Fluvisols / Gleysols / Alluvial,Rainy,Rainfed,75.48,1.2617050728768,,
Ayeyarwady,2017,Plantain,61610,61539,77639,304701296.0,28.04,819.64,63340000000.0,Fluvisols / Gleysols / Alluvial,Rainy,Rainfed,76.79,1.26162271080128,,
Ayeyarwady,2018,Plantain,59410,59397,90977,380230690.0,27.76,972.0,67150000000.0,Fluvisols / Gleysols / Alluvial,Rainy,Rainfed,78.67,1.5316766840076,,
Ayeyarwady,2019,Plantain,60128,60119,80106,413574673.8,28.38,776.06,68700000000.0,Fluvisols / Gleysols / Alluvial,Rainy,Rainfed,76.2,1.33245729303547,,
Ayeyarwady,2020,Plantain,60130,60037,80152,391351453.3,28.37,575.94,78930000000.0,Fluvisols / Gleysols / Alluvial,Rainy,Rainfed,73.8,1.33504338990955,,
Ayeyarwady,2021,Plantain,60117,60107,80312,388899650.8,27.92,960.87,65120000000.0,Fluvisols / Gleysols / Alluvial,Rainy,Rainfed,78.5,1.33615053155206,,
Ayeyarwady,2022,Plantain,60117,57871,78572,586761617.0,27.91,944.56,62240000000.0,Fluvisols / Gleysols / Alluvial,Rainy,Rainfed,78.31,1.35770938812185,,
Ayeyarwady,2023,Plantain,59598,58182,78110,586702652.6,28.36,837.63,64800000000.0,Fluvisols / Gleysols / Alluvial,Rainy,Rainfed,76.95,1.34251142965178,,
Nay Pyi Taw,2012,Plantain,1007,870,825,243967785.0,25.41,942.84,59920000000.0,Cambisols / Fluvisols / Loam,Rainy,Rainfed,78.74,0.948275862068965,,
Nay Pyi Taw,2013,Plantain,1076,1076,1052,199816069.0,25.88,775.78,63260000000.0,Cambisols / Fluvisols / Loam,Rainy,Rainfed,76.65,0.977695167286245,,
Nay Pyi Taw,2014,Plantain,1083,1083,1002,267590796.3,26.38,617.16,67459999999.9999,Cambisols / Fluvisols / Loam,Rainy,Rainfed,74.66,0.925207756232687,,
Nay Pyi Taw,2015,Plantain,1083,1083,1003,238665203.2,26.35,678.38,62720000000.0,Cambisols / Fluvisols / Loam,Rainy,Rainfed,75.4,0.926131117266851,,
Nay Pyi Taw,2016,Plantain,1093,1093,1019,314946615.9,26.23,754.74,60120000000.0,Cambisols / Fluvisols / Loam,Rainy,Rainfed,76.34,0.932296431838975,,
Nay Pyi Taw,2017,Plantain,1215,1198,1113,304701296.0,26.08,972.17,63340000000.0,Cambisols / Fluvisols / Loam,Rainy,Rainfed,78.97,0.929048414023372,,
Nay Pyi Taw,2018,Plantain,1298,1102,1022,380230690.0,25.73,812.09,67150000000.0,Cambisols / Fluvisols / Loam,Rainy,Rainfed,77.11,0.927404718693284,,
Nay Pyi Taw,2019,Plantain,1298,1271,1126,413574673.8,26.57,787.91,68700000000.0,Cambisols / Fluvisols / Loam,Rainy,Rainfed,76.67,0.885916601101494,,
Nay Pyi Taw,2020,Plantain,1303,1292,1143,391351453.3,26.28,762.33,78930000000.0,Cambisols / Fluvisols / Loam,Rainy,Rainfed,76.42,0.884674922600619,,
Nay Pyi Taw,2021,Plantain,1307,1297,1196,388899650.8,26.24,851.96,65120000000.0,Cambisols / Fluvisols / Loam,Rainy,Rainfed,77.5,0.922127987663839,,
Nay Pyi Taw,2022,Plantain,1333,1289,1165,586761617.0,25.96,1027.18,62240000000.0,Cambisols / Fluvisols / Loam,Rainy,Rainfed,79.65,0.903801396431342,,
Nay Pyi Taw,2023,Plantain,1735,1349,1306,586702652.6,26.62,853.39,64800000000.0,Cambisols / Fluvisols / Loam,Rainy,Rainfed,77.45,0.968124536693847,,
